# name: debug
# type: sparse matrix
# nnz: 22500
# rows: 150
# columns: 150

1 1 39150110.859454840
2 1 -5140219.131191390
3 1 5584884.328957574
4 1 -688233.770226402
5 1 -27300385.849812292
6 1 -3508169.570256153
7 1 -3484436.457174840
8 1 589261.113080254
9 1 324268.871392013
10 1 266031.844884157
11 1 2952134.186144792
12 1 291864.484139298
13 1 -2328812.398215172
14 1 460886.087884538
15 1 315457.591655548
16 1 189715.316972831
17 1 1943359.453207745
18 1 67807.474527119
19 1 -1243964.650215570
20 1 396713.508624923
21 1 244252.199475287
22 1 130929.239891722
23 1 947374.804373495
24 1 -93852.853426008
25 1 -895650.938347313
26 1 161341.480729532
27 1 203682.066253880
28 1 38407.450298518
29 1 676388.245412277
30 1 -17293.621665144
31 1 -800514.256811122
32 1 181669.028342405
33 1 110103.669014905
34 1 37880.683154557
35 1 494766.944890065
36 1 31074.118771404
37 1 -443571.698653502
38 1 148406.498410426
39 1 28168.913615415
40 1 41311.600695132
41 1 231770.130179469
42 1 30839.914881729
43 1 -300176.346656048
44 1 108546.551741811
45 1 -5719.042087141
46 1 29860.192439898
47 1 135471.288150845
48 1 32358.142693493
49 1 -218121.728134314
50 1 104500.174063987
51 1 -26664.858362060
52 1 29533.086435779
53 1 75060.693832604
54 1 18017.022074601
55 1 -203273.336439286
56 1 110425.074369918
57 1 -27253.549674243
58 1 30887.233681729
59 1 67144.706246995
60 1 25124.147501176
61 1 -81855.532429173
62 1 61752.127593019
63 1 -23812.395274830
64 1 14467.832966461
65 1 26036.379958178
66 1 15062.759474438
67 1 -150833.372573928
68 1 122068.059555824
69 1 -40290.365894574
70 1 26929.982003690
71 1 45977.029418602
72 1 30480.575815738
73 1 -113040.341484276
74 1 80939.580332902
75 1 -35833.234859688
76 1 18745.134973868
77 1 37156.228900371
78 1 20228.793636868
79 1 -111737.663892545
80 1 89950.158143477
81 1 -35945.314329089
82 1 16939.271473717
83 1 32835.398954616
84 1 26989.441458295
85 1 -125937.720077769
86 1 92727.174171495
87 1 -41785.222574005
88 1 18019.110669088
89 1 38267.670094694
90 1 29682.748007281
91 1 -62034.053391310
92 1 47005.861660102
93 1 -22776.332578512
94 1 8750.753052029
95 1 19086.651493413
96 1 14965.548335963
97 1 -70094.666607032
98 1 63011.766101524
99 1 -32448.458566285
100 1 11678.748465168
101 1 22687.996488118
102 1 19277.734894072
103 1 -64280.196560717
104 1 51499.306538687
105 1 -25076.048977707
106 1 9503.423372029
107 1 20073.347496794
108 1 16363.349776928
109 1 -57003.187926863
110 1 37120.895459754
111 1 -20155.048477341
112 1 6518.683466073
113 1 17435.265127577
114 1 13264.290621329
115 1 -37329.436056365
116 1 17882.964888830
117 1 -17788.430344653
118 1 2377.356544282
119 1 12482.701794415
120 1 7371.191585619
121 1 -24855.340393731
122 1 8405.072136297
123 1 -10840.580248023
124 1 979.850106411
125 1 8719.090603050
126 1 4185.274095780
127 1 -41988.250260017
128 1 16713.163847004
129 1 -18584.085639383
130 1 1960.774368516
131 1 14508.110546136
132 1 8311.622059706
133 1 -59202.181188566
134 1 25710.369518676
135 1 -27448.418963265
136 1 4082.724386414
137 1 21590.307486475
138 1 11325.591787657
139 1 -76230.598851930
140 1 42022.808991390
141 1 -33762.768400672
142 1 7710.570130553
143 1 28083.974635442
144 1 15735.587291353
145 1 -119446.196185688
146 1 63684.650010025
147 1 -47567.963884229
148 1 12792.263140785
149 1 46099.072139581
150 1 24243.776481385
1 2 -5140219.131191390
2 2 49825333.651515715
3 2 3715752.398403975
4 2 29310706.964575771
5 2 693991.951580406
6 2 3424278.997817638
7 2 127097.452382553
8 2 -4499875.640763953
9 2 -230052.211154663
10 2 -3184912.277366149
11 2 97556.147453850
12 2 394774.862825587
13 2 89243.230735907
14 2 -3219639.486722497
15 2 -47831.305265904
16 2 -2132617.523022774
17 2 91107.109853780
18 2 368019.051451312
19 2 179314.154881602
20 2 -1763230.758584082
21 2 106807.462873480
22 2 -991555.916919267
23 2 14.617057751
24 2 269452.012073611
25 2 43124.498550243
26 2 -1224744.421194683
27 2 85373.784834698
28 2 -652731.611761993
29 2 25002.606617468
30 2 166672.608728382
31 2 65615.955523820
32 2 -1035211.018343782
33 2 16154.075224359
34 2 -466039.327139984
35 2 10757.572287517
36 2 33218.422827605
37 2 -5459.957658770
38 2 -609309.141605833
39 2 -10764.601152102
40 2 -231850.881928310
41 2 23986.881478933
42 2 -21104.694066764
43 2 18209.942980443
44 2 -426821.856580801
45 2 -27879.162126402
46 2 -148180.638704698
47 2 6201.588156292
48 2 -33323.617393736
49 2 7419.730703521
50 2 -292698.286481040
51 2 -32646.581458271
52 2 -95147.128306224
53 2 5021.087214512
54 2 -28062.813884026
55 2 9294.881916057
56 2 -260352.758960330
57 2 -49742.389064838
58 2 -83642.993580227
59 2 4430.243533646
60 2 -27526.858720613
61 2 6520.321972998
62 2 -123245.372112164
63 2 -25387.141805094
64 2 -34422.523267260
65 2 2937.658924127
66 2 -19536.875895256
67 2 33260.085278828
68 2 -218586.893379788
69 2 -42134.454103880
70 2 -58723.215096156
71 2 126.213635449
72 2 -37192.463992895
73 2 3450.202234763
74 2 -172110.511696076
75 2 -34661.061454161
76 2 -47707.082553338
77 2 6057.050101730
78 2 -28633.842315275
79 2 37501.712625377
80 2 -156313.248982376
81 2 -37619.076563224
82 2 -40006.634021723
83 2 -1536.750024803
84 2 -31040.782921113
85 2 32708.691424598
86 2 -167799.815440927
87 2 -46280.859326439
88 2 -45269.027886421
89 2 479.998648988
90 2 -33197.367149009
91 2 11202.106060661
92 2 -85868.712726237
93 2 -26999.633899469
94 2 -22809.822472962
95 2 2212.164196193
96 2 -16603.523798572
97 2 12087.730002679
98 2 -132326.697963938
99 2 -39019.031499139
100 2 -33911.957229906
101 2 5015.351424863
102 2 -28297.773180596
103 2 10204.966326126
104 2 -95318.862678511
105 2 -30343.659801432
106 2 -24845.853442287
107 2 3226.324399902
108 2 -18988.606230213
109 2 15787.951439138
110 2 -68623.062295875
111 2 -21336.246314549
112 2 -18804.987367883
113 2 -129.110219012
114 2 -13734.818092205
115 2 17688.780663026
116 2 -55266.995872461
117 2 -11315.947236412
118 2 -14519.380579371
119 2 -2275.779428829
120 2 -11903.171391474
121 2 11124.798985315
122 2 -31306.226303471
123 2 -5773.839684155
124 2 -8983.743436508
125 2 -1943.280660812
126 2 -6479.470185498
127 2 22639.842409996
128 2 -51881.929685164
129 2 -9549.608928926
130 2 -14797.673691479
131 2 -4173.387274761
132 2 -12088.132267042
133 2 21791.791003301
134 2 -80715.775646896
135 2 -15575.488565218
136 2 -23680.669278517
137 2 -2869.216857677
138 2 -17955.066134086
139 2 30271.653325847
140 2 -110737.586175635
141 2 -18165.808985726
142 2 -31601.917121851
143 2 -3920.505074930
144 2 -25204.487722057
145 2 47172.515128320
146 2 -162209.353861735
147 2 -21239.595814974
148 2 -48533.580462680
149 2 -7569.486920737
150 2 -38930.270467941
1 3 5584884.328957574
2 3 3715752.398403975
3 3 10869387.742092466
4 3 2556678.169250782
5 3 -2415147.298214940
6 3 -5758.181354005
7 3 -176475.270672085
8 3 -321196.130607857
9 3 -698585.277252226
10 3 -307457.798346548
11 3 62454.899431909
12 3 42836.880283388
13 3 -161357.277481161
14 3 -181591.532486945
15 3 -488526.604190560
16 3 -144262.410995457
17 3 56917.252988156
18 3 25766.809477601
19 3 -129795.195791642
20 3 -162990.318111662
21 3 -230650.815499889
22 3 -100449.447466919
23 3 46124.551362442
24 3 34383.232048108
25 3 -127145.667508439
26 3 -164804.289174993
27 3 -139304.048786993
28 3 -104750.864229218
29 3 55634.779612705
30 3 41811.162691032
31 3 -197059.638863412
32 3 -95286.962299190
33 3 -129281.258386786
34 3 -58269.145155459
35 3 95663.714079271
36 3 24190.876205659
37 3 -154663.172859397
38 3 -32689.507281957
39 3 -86772.030079624
40 3 -17903.445406434
41 3 68100.696212159
42 3 8541.229208181
43 3 -127573.349506124
44 3 -28321.531110219
45 3 -66938.448212242
46 3 -13573.865164714
47 3 51367.255212188
48 3 5755.300737327
49 3 -125818.882853936
50 3 -3030.828467684
51 3 -46260.754716136
52 3 -3177.765127027
53 3 44771.358343853
54 3 4048.377964752
55 3 -125064.601637294
56 3 -1760.539529085
57 3 -45112.102037550
58 3 -3599.487130821
59 3 43502.038748252
60 3 8053.727147037
61 3 -52092.077336243
62 3 9901.248158428
63 3 -27193.772806453
64 3 875.818379968
65 3 18327.507081704
66 3 4908.286099526
67 3 -81104.026295016
68 3 15118.898275913
69 3 -48107.737291295
70 3 261.528510028
71 3 28534.567901427
72 3 8157.619259985
73 3 -65960.308588708
74 3 20595.907787396
75 3 -36889.650236471
76 3 3399.666974389
77 3 23881.292334551
78 3 7224.825416445
79 3 -59176.835736522
80 3 15303.973691205
81 3 -37035.023132211
82 3 -29.492144452
83 3 20551.315477609
84 3 8606.183518656
85 3 -69204.572434928
86 3 25609.092110549
87 3 -39830.175024794
88 3 2147.638593999
89 3 23836.016091086
90 3 11722.577599018
91 3 -36457.542088852
92 3 21316.722169499
93 3 -19356.453199657
94 3 3070.503064491
95 3 12129.950698495
96 3 7645.867527543
97 3 -49142.660114121
98 3 39823.574205924
99 3 -28627.696650610
100 3 6703.345875799
101 3 17088.772082340
102 3 12691.377496775
103 3 -38587.051732347
104 3 28687.994655359
105 3 -20321.225356125
106 3 4632.216925027
107 3 12820.487386938
108 3 9371.918276751
109 3 -27845.249242397
110 3 12938.833152898
111 3 -14370.456271330
112 3 1381.815773155
113 3 9175.456188999
114 3 5562.479100997
115 3 -17220.415541287
116 3 3529.070590317
117 3 -11564.850466187
118 3 -431.967345130
119 3 6283.360234970
120 3 2542.563111513
121 3 -9520.470682231
122 3 -118.322939704
123 3 -6179.790150511
124 3 -711.638652639
125 3 3650.676329089
126 3 1022.473929566
127 3 -15740.811253717
128 3 -1846.612981792
129 3 -11831.766757657
130 3 -1988.162927759
131 3 6268.752521591
132 3 1642.579362775
133 3 -25790.373943184
134 3 4841.429743871
135 3 -17162.762579030
136 3 -443.573579734
137 3 10341.455867974
138 3 3647.043200467
139 3 -32707.100322204
140 3 4506.835722319
141 3 -23535.510495248
142 3 -993.983496484
143 3 13652.508912322
144 3 3965.185118477
145 3 -46304.594565355
146 3 3107.181171684
147 3 -34798.076598331
148 3 -2500.728152380
149 3 20804.410694661
150 3 4769.329249408
1 4 -688233.770226402
2 4 29310706.964575771
3 4 2556678.169250782
4 4 23241575.229924716
5 4 -52367.030285697
6 4 1358684.920590238
7 4 -126394.225923109
8 4 -3175498.817263349
9 4 -204494.253793426
10 4 -2781393.813113912
11 4 155840.737429018
12 4 397530.438079139
13 4 -94204.131106812
14 4 -2155219.806461456
15 4 -23762.819163226
16 4 -1782871.736753246
17 4 125715.585720657
18 4 383945.241330035
19 4 22668.587861161
20 4 -1075291.000705389
21 4 90310.934730887
22 4 -746247.886334938
23 4 57745.457505924
24 4 288835.600010504
25 4 -25457.682627099
26 4 -738931.390403760
27 4 53740.574759032
28 4 -492559.518640840
29 4 47330.495728884
30 4 210762.758212375
31 4 -30420.866622680
32 4 -529380.020698624
33 4 21276.310606665
34 4 -295896.713447737
35 4 39437.332584467
36 4 104850.457788932
37 4 -39477.381298482
38 4 -254819.513431020
39 4 6069.613460191
40 4 -113950.908353786
41 4 29763.854775278
42 4 28736.154669587
43 4 -18679.317405854
44 4 -154451.594081673
45 4 -7587.937089427
46 4 -60799.838689726
47 4 12254.169961668
48 4 7696.360067020
49 4 -11109.473019236
50 4 -82103.534058423
51 4 -9893.944137173
52 4 -27584.666125334
53 4 5839.794106007
54 4 -4869.786722915
55 4 -10661.901271425
56 4 -70268.943203195
57 4 -16201.473526014
58 4 -23406.855240552
59 4 5505.848922453
60 4 -5200.190256090
61 4 -3263.689317048
62 4 -30356.339949675
63 4 -8541.686970773
64 4 -8896.759512331
65 4 2321.818275695
66 4 -4111.462616938
67 4 -1370.453828428
68 4 -55150.445105183
69 4 -14793.674034836
70 4 -15712.687664380
71 4 3139.726337304
72 4 -7727.766088489
73 4 -4843.727197447
74 4 -45846.916783681
75 4 -11770.475793313
76 4 -13420.419812859
77 4 3474.930589584
78 4 -6448.853060004
79 4 4252.363778648
80 4 -40051.884512309
81 4 -13277.148908366
82 4 -10937.836696259
83 4 1372.077484881
84 4 -7131.567844596
85 4 4187.756472648
86 4 -46011.047235955
87 4 -16050.114492599
88 4 -13042.621065014
89 4 1748.810703781
90 4 -8243.965934785
91 4 1670.371163988
92 4 -23901.249833837
93 4 -8722.183765882
94 4 -6632.851246596
95 4 1093.050549542
96 4 -4284.717652839
97 4 2340.749536665
98 4 -34148.587858860
99 4 -11062.691124741
100 4 -8930.011488329
101 4 1612.548981779
102 4 -7114.489132362
103 4 1945.952803224
104 4 -26681.446709545
105 4 -9513.589406403
106 4 -7254.304201854
107 4 1200.776516949
108 4 -5002.141827293
109 4 3932.824913751
110 4 -21958.547386212
111 4 -7793.304020776
112 4 -6262.931639700
113 4 329.142771513
114 4 -4129.409878333
115 4 5043.833717878
116 4 -17902.342488211
117 4 -4291.277426473
118 4 -4880.289570497
119 4 -501.778286597
120 4 -3684.136429008
121 4 3433.101295826
122 4 -11473.479156595
123 4 -2524.801796391
124 4 -3427.528064592
125 4 -516.085799685
126 4 -2216.291275182
127 4 6587.577312117
128 4 -18306.123911622
129 4 -4308.499068454
130 4 -5432.132509809
131 4 -982.370860323
132 4 -3996.201735400
133 4 6321.945926813
134 4 -27662.273852101
135 4 -6234.187852937
136 4 -8375.865769672
137 4 -569.687989237
138 4 -5861.138835377
139 4 6859.314489127
140 4 -34810.538169098
141 4 -7197.947300932
142 4 -10422.780122094
143 4 -289.627538038
144 4 -7306.879940299
145 4 9360.636408863
146 4 -50875.257841598
147 4 -9121.765573240
148 4 -16138.416631945
149 4 -379.316224214
150 4 -10790.624947798
1 5 -27300385.849812292
2 5 693991.951580406
3 5 -2415147.298214939
4 5 -52367.030285697
5 5 23269873.198989779
6 5 2132608.517959676
7 5 2863704.892361485
8 5 -219461.142869099
9 5 -357270.902537044
10 5 -164764.157989191
11 5 -2724654.303451248
12 5 -232083.484225081
13 5 1871266.067827074
14 5 -173412.427385121
15 5 -339729.279056668
16 5 -115927.045438763
17 5 -1764830.780904961
18 5 -19655.116797003
19 5 910988.000592436
20 5 -163949.695276212
21 5 -274185.497443924
22 5 -44637.870629319
23 5 -795368.732494768
24 5 83806.378230806
25 5 648684.302170836
26 5 -40413.512998551
27 5 -225198.480957406
28 5 1005.562386407
29 5 -561353.375678686
30 5 17616.868378926
31 5 511219.234598070
32 5 -12828.607673333
33 5 -139290.423430878
34 5 15164.032352377
35 5 -373397.422489295
36 5 -24384.229480507
37 5 258934.299848180
38 5 -22933.559892861
39 5 -54767.641501557
40 5 -3141.736032859
41 5 -159338.161404198
42 5 -17399.460823983
43 5 157853.209181038
44 5 -12581.619295426
45 5 -21115.558301099
46 5 -2583.281371332
47 5 -83826.258367766
48 5 -15179.497916415
49 5 86746.784288046
50 5 -26731.057795996
51 5 12088.733327427
52 5 -7346.858094797
53 5 -30768.545730712
54 5 -4237.690607559
55 5 79987.225584958
56 5 -28216.646247828
57 5 13612.315129571
58 5 -7608.745590836
59 5 -27273.488383876
60 5 -7564.360023768
61 5 31687.295861841
62 5 -17033.973459174
63 5 10803.299831931
64 5 -3855.924573030
65 5 -10516.031173275
66 5 -4586.231330030
67 5 55767.097769751
68 5 -33027.529520156
69 5 17989.109979488
70 5 -7045.419621545
71 5 -18014.697607665
72 5 -8717.961392264
73 5 46197.501566042
74 5 -25718.557542190
75 5 16094.433872629
76 5 -5962.444307315
77 5 -15756.111177033
78 5 -6674.098407041
79 5 41900.433441936
80 5 -26196.163838363
81 5 16320.975312277
82 5 -4537.457378669
83 5 -13048.382467788
84 5 -8701.504130797
85 5 50645.494160909
86 5 -31106.490028150
87 5 19257.481368761
88 5 -5603.695059769
89 5 -15973.553642580
90 5 -10758.213395162
91 5 26189.977251259
92 5 -17746.400136305
93 5 10142.583965673
94 5 -3192.931544622
95 5 -8223.489380707
96 5 -5936.657134764
97 5 29568.914165046
98 5 -25414.305444231
99 5 14527.286707643
100 5 -4585.335806310
101 5 -9743.744329448
102 5 -7925.682579641
103 5 27861.235837459
104 5 -20690.134428329
105 5 11041.245226695
106 5 -3757.813562581
107 5 -8799.798088180
108 5 -6809.066000525
109 5 24879.023499413
110 5 -14610.091701895
111 5 9169.538286260
112 5 -2444.600568254
113 5 -7730.488851047
114 5 -5507.153037260
115 5 16003.068701649
116 5 -6486.686409377
117 5 7928.731048520
118 5 -710.584060574
119 5 -5443.149533247
120 5 -2936.500918550
121 5 11318.920510383
122 5 -2952.599945454
123 5 5073.448301777
124 5 -228.576059389
125 5 -4037.009424460
126 5 -1726.998188993
127 5 17960.006849981
128 5 -5378.735414939
129 5 8623.482611993
130 5 -317.391373014
131 5 -6374.207353591
132 5 -3196.839638075
133 5 25728.168752748
134 5 -9695.339631085
135 5 12540.842182805
136 5 -1342.386715867
137 5 -9550.253268992
138 5 -4600.175501044
139 5 31257.734509874
140 5 -13808.727307356
141 5 14674.303242990
142 5 -2313.137157995
143 5 -11890.184893667
144 5 -5555.632485742
145 5 48739.560578531
146 5 -19836.143839886
147 5 20594.167516362
148 5 -3640.650999575
149 5 -19477.127826337
150 5 -8002.225155701
1 6 -3508169.570256154
2 6 3424278.997817638
3 6 -5758.181354005
4 6 1358684.920590238
5 6 2132608.517959676
6 6 6187390.384062790
7 6 359620.356686246
8 6 32661.439412107
9 6 -51971.603911569
10 6 -73184.983782822
11 6 -335068.236291791
12 6 -600752.108777656
13 6 158635.060969348
14 6 30133.140374667
15 6 -32816.075439920
16 6 -48995.267776285
17 6 -142199.342104912
18 6 -390374.470535047
19 6 81078.035732862
20 6 -4684.617022287
21 6 -35019.840245163
22 6 -12683.121245280
23 6 -102807.398371487
24 6 -126893.223102094
25 6 115814.253525802
26 6 -42554.195351581
27 6 -49935.670623394
28 6 -17529.061799896
29 6 -123103.303856298
30 6 -65213.576630585
31 6 82592.232104814
32 6 -99950.240948936
33 6 -35599.275319527
34 6 -37984.590718593
35 6 -75206.474507213
36 6 -49442.668053284
37 6 36063.965015237
38 6 -76233.270906552
39 6 -15887.527428724
40 6 -26942.147789166
41 6 -25723.629857332
42 6 -28484.309899916
43 6 32524.761823240
44 6 -67322.259617381
45 6 -11437.882930521
46 6 -22101.933779297
47 6 -16210.400435396
48 6 -17972.821056841
49 6 11527.155582477
50 6 -58720.072570698
51 6 -2593.184944496
52 6 -18550.450826579
53 6 -2204.962906255
54 6 -8032.758449779
55 6 16447.179417357
56 6 -56849.702222700
57 6 -6347.000452508
58 6 -17740.897837385
59 6 -3791.675427756
60 6 -7888.867321386
61 6 6694.773127832
62 6 -27994.519328944
63 6 -3081.293674510
64 6 -7519.187097224
65 6 -1119.583691997
66 6 -4970.052656100
67 6 16485.013201361
68 6 -49108.819673557
69 6 -3902.668590880
70 6 -12380.449412026
71 6 -2911.279012360
72 6 -9806.214013766
73 6 5836.583762025
74 6 -37785.135613280
75 6 -4423.958609105
76 6 -9994.701568571
77 6 -369.747556140
78 6 -7112.926279621
79 6 15561.565011980
80 6 -36222.806093321
81 6 -4186.888537950
82 6 -8707.469668919
83 6 -2739.221415309
84 6 -8028.625203029
85 6 14769.497764393
86 6 -38568.430983867
87 6 -6204.576228375
88 6 -9791.545528123
89 6 -2356.354010509
90 6 -8614.844712045
91 6 4532.035096471
92 6 -18186.046081717
93 6 -4253.268899796
94 6 -4625.188302870
95 6 -274.769095239
96 6 -3819.065683470
97 6 4593.150989044
98 6 -29192.412455472
99 6 -7294.259138048
100 6 -7314.014268508
101 6 434.826225133
102 6 -6488.411172488
103 6 3720.169071713
104 6 -19739.819402977
105 6 -5201.190917522
106 6 -4975.208664157
107 6 122.846677949
108 6 -4186.767492501
109 6 5323.614150881
110 6 -14096.607872795
111 6 -3014.076859676
112 6 -3658.374017309
113 6 -740.118912504
114 6 -3128.661006667
115 6 4774.078683272
116 6 -10765.886108584
117 6 -1291.700930943
118 6 -2696.072982797
119 6 -915.898994153
120 6 -2508.818002723
121 6 3019.451256272
122 6 -5835.133018821
123 6 -465.563400124
124 6 -1573.086472522
125 6 -704.694548268
126 6 -1351.385143977
127 6 7059.745273955
128 6 -10555.173985806
129 6 -373.125015677
130 6 -2764.520881657
131 6 -1748.529373078
132 6 -2841.077382040
133 6 6778.600528630
134 6 -16239.501536750
135 6 -1708.487575792
136 6 -4511.164735441
137 6 -1440.308301310
138 6 -4021.519846415
139 6 8701.290618761
140 6 -22090.673254904
141 6 -1379.174470793
142 6 -5891.609392961
143 6 -1790.291796489
144 6 -5569.946551117
145 6 13846.349642409
146 6 -32545.896479048
147 6 -584.442736803
148 6 -8910.812741954
149 6 -3224.472982767
150 6 -9133.122696369
1 7 -3484436.457174840
2 7 127097.452382553
3 7 -176475.270672085
4 7 -126394.225923109
5 7 2863704.892361485
6 7 359620.356686246
7 7 41025591.449285142
8 7 -6095982.851717715
9 7 5826702.989031729
10 7 -990035.403845661
11 7 -26716435.556721624
12 7 -3401017.087806680
13 7 -3160056.827810662
14 7 392105.340978238
15 7 133958.355521659
16 7 90695.153614647
17 7 2606546.031060556
18 7 154869.501628023
19 7 -2199845.041295636
20 7 396171.862136562
21 7 225153.691957915
22 7 96283.261774147
23 7 1681286.487581604
24 7 -103857.059771365
25 7 -1486456.866710518
26 7 172428.757225519
27 7 190100.225976458
28 7 17451.351217143
29 7 1070796.811433336
30 7 -21718.450692910
31 7 -1077127.313557710
32 7 121933.265938478
33 7 114721.812882485
34 7 7678.431437295
35 7 684959.826977912
36 7 66539.778637665
37 7 -693438.842568793
38 7 201025.427522945
39 7 -12003.919531731
40 7 55740.350193634
41 7 341234.895862844
42 7 48894.520336822
43 7 -408066.265104129
44 7 101584.034692783
45 7 -33457.391674808
46 7 26935.074864527
47 7 178196.175386945
48 7 44297.559511113
49 7 -245041.774809982
50 7 95566.246689021
51 7 -54980.199910532
52 7 25530.561776258
53 7 82806.680930381
54 7 24160.511030118
55 7 -225331.508341423
56 7 90542.090273647
57 7 -28146.186368108
58 7 25257.510791873
59 7 75347.030696572
60 7 22961.014021677
61 7 -102014.210758314
62 7 63574.758394523
63 7 -22737.263306761
64 7 15255.715674831
65 7 33845.088397547
66 7 15409.775650923
67 7 -129682.047131790
68 7 91622.939561696
69 7 -42881.921630560
70 7 19355.128172969
71 7 40830.217648002
72 7 24141.052119140
73 7 -107538.387347671
74 7 70480.726798580
75 7 -39999.631649401
76 7 15255.960400366
77 7 35775.006034530
78 7 18375.162514177
79 7 -124413.897495139
80 7 86706.291186656
81 7 -42341.622757877
82 7 15841.857154823
83 7 37535.795076106
84 7 25929.448699006
85 7 -77555.545161187
86 7 42033.046187553
87 7 -27544.684563509
88 7 8576.695997349
89 7 25312.650120638
90 7 13428.921857353
91 7 -70271.667830962
92 7 45010.814940806
93 7 -26464.718008618
94 7 8054.056500352
95 7 21979.086122597
96 7 15261.653282715
97 7 -81319.670804942
98 7 60159.734705227
99 7 -37374.836754969
100 7 10684.218789937
101 7 26623.337052920
102 7 19487.330090834
103 7 -69459.428223192
104 7 46130.160885330
105 7 -27013.798282579
106 7 8461.463098622
107 7 22146.004660603
108 7 15160.624365988
109 7 -65668.549094250
110 7 39348.326661759
111 7 -27524.546714971
112 7 6521.845378788
113 7 20916.751354959
114 7 14038.183365107
115 7 -42721.492848686
116 7 15495.258461013
117 7 -20382.508162001
118 7 1676.832286248
119 7 14647.589227612
120 7 7285.545821499
121 7 -41382.471585253
122 7 10841.468594140
123 7 -23142.187419701
124 7 811.418723548
125 7 15491.652387607
126 7 5672.978374028
127 7 -41333.403480495
128 7 11562.338380205
129 7 -21958.015752939
130 7 993.805514573
131 7 15473.614256325
132 7 6047.833055492
133 7 -42719.716915204
134 7 14157.892968836
135 7 -21019.084685112
136 7 1870.452230383
137 7 16142.569416087
138 7 6777.575999535
139 7 -92338.005628259
140 7 40308.264097888
141 7 -47494.564121125
142 7 6498.750697844
143 7 35425.709676358
144 7 16521.792076763
145 7 -123740.867219888
146 7 44637.909429404
147 7 -55296.796772312
148 7 7854.457374951
149 7 49395.386158765
150 7 21485.859184399
1 8 589261.113080254
2 8 -4499875.640763953
3 8 -321196.130607857
4 8 -3175498.817263349
5 8 -219461.142869099
6 8 32661.439412107
7 8 -6095982.851717715
8 8 54619185.413958944
9 8 4198250.340109741
10 8 29088610.607401524
11 8 988584.271887382
12 8 1882634.876481142
13 8 340907.230591835
14 8 -4457501.633796634
15 8 -159100.906521676
16 8 -2968552.784608019
17 8 -45608.671504386
18 8 391415.551351742
19 8 369107.241665153
20 8 -3233259.616912472
21 8 132321.812048784
22 8 -1869044.832332485
23 8 -72386.721216091
24 8 412532.510725908
25 8 193026.028021525
26 8 -2030041.854644564
27 8 96127.774713147
28 8 -1107994.610668522
29 8 -29102.971115306
30 8 232183.935206894
31 8 130794.636626274
32 8 -1538781.893213400
33 8 -14179.789189302
34 8 -714547.833929275
35 8 -24782.102889782
36 8 84195.911151291
37 8 51504.650330098
38 8 -1097306.001469445
39 8 -39773.062345706
40 8 -406643.118483928
41 8 4928.899694142
42 8 -24864.109968170
43 8 42984.939218976
44 8 -574486.065655633
45 8 -42878.539793263
46 8 -200987.988343102
47 8 -3431.819485996
48 8 -47530.005454257
49 8 30583.486715386
50 8 -358355.847207606
51 8 -42473.537049607
52 8 -112548.149461072
53 8 -2553.075974511
54 8 -45132.054620760
55 8 2364.439391306
56 8 -288046.507459068
57 8 -47503.057770367
58 8 -90740.390543513
59 8 4966.857036109
60 8 -23235.799121436
61 8 4407.835750678
62 8 -152636.851796112
63 8 -26754.285985611
64 8 -42849.244809678
65 8 3583.998220997
66 8 -19053.736120700
67 8 28515.749881962
68 8 -197271.870515292
69 8 -34777.164192321
70 8 -52246.993132648
71 8 -186.006012543
72 8 -34170.919120943
73 8 10332.978849574
74 8 -175488.594260412
75 8 -30583.104006504
76 8 -46839.450664761
77 8 3669.076463712
78 8 -30536.956443015
79 8 36389.036152262
80 8 -171681.019224804
81 8 -37225.748100119
82 8 -43580.421182919
83 8 -826.559837196
84 8 -32495.475908506
85 8 4724.211370372
86 8 -96362.193476326
87 8 -26848.649753350
88 8 -27248.190538068
89 8 3177.961961425
90 8 -15683.976245126
91 8 13467.199009914
92 8 -89837.438124223
93 8 -27457.577493013
94 8 -24275.364726852
95 8 1539.741038293
96 8 -16920.048477599
97 8 15206.145809385
98 8 -135761.958753032
99 8 -38730.793844008
100 8 -35225.510240624
101 8 3953.754240345
102 8 -28224.370633794
103 8 9161.102256368
104 8 -93202.395666088
105 8 -29014.194503403
106 8 -24953.793055107
107 8 2921.743984112
108 8 -17386.204190582
109 8 17579.065540821
110 8 -86163.818473497
111 8 -24312.175459637
112 8 -23098.628242012
113 8 47.343346079
114 8 -17101.115502856
115 8 19439.286799254
116 8 -59900.583225926
117 8 -11651.564678778
118 8 -16213.684582579
119 8 -2851.065503348
120 8 -12450.014982003
121 8 17316.419799660
122 8 -68105.677811148
123 8 -9836.602218551
124 8 -18419.587067571
125 8 -2695.273613888
126 8 -14296.525218211
127 8 17610.551587471
128 8 -62882.868935858
129 8 -9473.240898393
130 8 -17429.484409486
131 8 -2922.340069022
132 8 -13344.028770193
133 8 15165.652333755
134 8 -61665.311661800
135 8 -10656.783728127
136 8 -17864.539796773
137 8 -2198.417291101
138 8 -13013.255992499
139 8 34734.950881125
140 8 -144230.486571910
141 8 -21744.539004524
142 8 -41012.837144902
143 8 -4693.018697891
144 8 -32628.646509629
145 8 43051.068134956
146 8 -158981.146354389
147 8 -24098.510736399
148 8 -50230.993962670
149 8 -8146.066977364
150 8 -36291.744149255
1 9 324268.871392013
2 9 -230052.211154663
3 9 -698585.277252226
4 9 -204494.253793426
5 9 -357270.902537044
6 9 -51971.603911569
7 9 5826702.989031729
8 9 4198250.340109740
9 9 11640711.713494653
10 9 2588968.300659299
11 9 -1089432.333144205
12 9 1451.131958282
13 9 -71698.571946567
14 9 -251408.265711566
15 9 -696247.290856546
16 9 -162142.956160007
17 9 -93186.521507707
18 9 10874.010386980
19 9 -184106.616939214
20 9 -319518.379246218
21 9 -454103.104597134
22 9 -177635.853699632
23 9 3297.930733373
24 9 43512.926714256
25 9 -157648.010592196
26 9 -274799.972241175
27 9 -275338.051315137
28 9 -156787.596820157
29 9 22665.650270502
30 9 44453.799073427
31 9 -192604.737734990
32 9 -167541.019875893
33 9 -211854.636400609
34 9 -102912.705583006
35 9 63805.459027239
36 9 38861.658414981
37 9 -206731.596905867
38 9 -70435.453021244
39 9 -171727.341627580
40 9 -36411.111048232
41 9 75397.849377699
42 9 11203.086729054
43 9 -154745.425647656
44 9 -46626.990838824
45 9 -91819.144304414
46 9 -22593.623002643
47 9 59658.879564970
48 9 7036.533220073
49 9 -144778.898318274
50 9 -12623.575802170
51 9 -63436.197263430
52 9 -6841.654488749
53 9 51773.822561975
54 9 5691.748272503
55 9 -112183.973186906
56 9 -2184.544794652
57 9 -48413.550917806
58 9 -3606.287250504
59 9 38139.374983701
60 9 6676.411324080
61 9 -46302.588458202
62 9 11126.578723100
63 9 -30123.062345414
64 9 1033.726842419
65 9 16363.330604282
66 9 4164.729199706
67 9 -67918.629901012
68 9 12541.312362638
69 9 -41400.761388684
70 9 309.359362272
71 9 24216.686040562
72 9 6636.066707457
73 9 -57902.138721735
74 9 19184.578429780
75 9 -35273.932392632
76 9 3025.079176023
77 9 21233.821296088
78 9 6499.339941920
79 9 -55301.916417448
80 9 17715.536546382
81 9 -34934.840402035
82 9 1276.561549079
83 9 19279.607250749
84 9 7712.692086659
85 9 -35890.084761015
86 9 17830.089598872
87 9 -18336.659471302
88 9 3118.797138966
89 9 12344.966663712
90 9 5904.501452770
91 9 -34503.900497321
92 9 20143.905711194
93 9 -17696.551247567
94 9 3005.031549629
95 9 11400.606648201
96 9 7117.849735781
97 9 -47141.542596514
98 9 38394.268507076
99 9 -26155.521279015
100 9 6639.804591531
101 9 16175.928274518
102 9 12046.935440757
103 9 -33254.319638944
104 9 26742.177412701
105 9 -16199.039794165
106 9 4807.414176187
107 9 10913.116267868
108 9 8052.826027561
109 9 -29425.521842648
110 9 17395.592931917
111 9 -15482.154070389
112 9 2499.340574284
113 9 9773.034146754
114 9 6209.092156708
115 9 -16047.667290613
116 9 3987.426725328
117 9 -10243.608110897
118 9 -100.768311242
119 9 5845.062165856
120 9 2394.645647127
121 9 -16648.853941497
122 9 5300.355669023
123 9 -11410.029447665
124 9 382.463261239
125 9 6499.366480115
126 9 2437.793087981
127 9 -15629.558940078
128 9 3452.659445167
129 9 -10810.075028068
130 9 -101.039442696
131 9 6194.653999683
132 9 2095.185949534
133 9 -16145.941676811
134 9 4378.511093035
135 9 -10406.083473244
136 9 197.552620661
137 9 6443.897092445
138 9 2379.505847699
139 9 -37580.131651663
140 9 7726.894370543
141 9 -27672.915516771
142 9 -291.609682831
143 9 15901.692891111
144 9 4893.873215415
145 9 -45762.313591337
146 9 1038.419813136
147 9 -32090.937989220
148 9 -2870.779173063
149 9 20261.317447340
150 9 4851.971346927
1 10 266031.844884157
2 10 -3184912.277366149
3 10 -307457.798346548
4 10 -2781393.813113912
5 10 -164764.157989191
6 10 -73184.983782822
7 10 -990035.403845661
8 10 29088610.607401524
9 10 2588968.300659299
10 10 21774467.527737055
11 10 -46623.095602785
12 10 -787847.443913930
13 10 47387.977723818
14 10 -2988019.282752913
15 10 -93450.245265120
16 10 -2586355.207352831
17 10 4553.948238680
18 10 395283.254227531
19 10 110039.703608677
20 10 -1995928.792185383
21 10 102399.046110096
22 10 -1496825.396520431
23 10 12780.296058734
24 10 486753.123293053
25 10 44446.043315159
26 10 -1246077.870111596
27 10 59377.007500372
28 10 -868307.364087752
29 10 15154.396940086
30 10 331154.118541611
31 10 4536.833697236
32 10 -856511.605131262
33 10 -18022.242324596
34 10 -503355.680216990
35 10 8593.259487616
36 10 190551.813226786
37 10 -22955.690349213
38 10 -465804.238159893
39 10 -14706.045793370
40 10 -202273.889930064
41 10 20347.343227210
42 10 50986.104571067
43 10 -10382.522014100
44 10 -214734.049487544
45 10 -19970.828802611
46 10 -85796.454786060
47 10 7185.815461302
48 10 6055.734049816
49 10 -3070.260873906
50 10 -95346.410907664
51 10 -14517.296435584
52 10 -30795.798699672
53 10 3047.211056848
54 10 -9899.761899974
55 10 -11112.546359751
56 10 -90340.264858465
57 10 -16203.019209094
58 10 -29087.626317686
59 10 5154.631129623
60 10 -2793.496332303
61 10 -6079.912902128
62 10 -46493.876213334
63 10 -9673.752629143
64 10 -13779.622019852
65 10 3180.232452725
66 10 -3197.555862400
67 10 788.428229284
68 10 -52202.261778113
69 10 -12500.805787780
70 10 -14579.925596108
71 10 2087.634614925
72 10 -7838.228784484
73 10 -1599.775151722
74 10 -48147.790291302
75 10 -10566.554932544
76 10 -13526.695052020
77 10 2381.971510860
78 10 -7338.889527699
79 10 5150.160847943
80 10 -49004.077194981
81 10 -13471.145848577
82 10 -13285.403548971
83 10 1268.582668855
84 10 -8190.439320384
85 10 214.057630941
86 10 -31470.189727421
87 10 -9534.852408518
88 10 -9242.151523496
89 10 1394.600711778
90 10 -4609.267228588
91 10 3228.529432050
92 10 -28350.220893027
93 10 -9538.099874605
94 10 -7977.289762640
95 10 773.245620044
96 10 -4984.169912396
97 10 4188.604153683
98 10 -40006.011463454
99 10 -11937.037371344
100 10 -10619.387044391
101 10 1223.647652822
102 10 -8027.854655209
103 10 2558.735663225
104 10 -30155.815972460
105 10 -9840.195792444
106 10 -8379.239938197
107 10 994.791469630
108 10 -5256.938281928
109 10 5488.029631396
110 10 -29233.568036848
111 10 -8762.684705497
112 10 -8058.595618687
113 10 148.183037006
114 10 -5570.154396681
115 10 6623.833885348
116 10 -21887.458806079
117 10 -4681.206710568
118 10 -6139.713457218
119 10 -917.745532601
120 10 -4340.981062687
121 10 6204.373239659
122 10 -24459.446033263
123 10 -3729.462587866
124 10 -6828.771022501
125 10 -1001.859658530
126 10 -4939.012606153
127 10 6154.513378216
128 10 -22925.949297888
129 10 -3783.382318026
130 10 -6590.481951643
131 10 -1007.085818206
132 10 -4647.293831614
133 10 5263.684658785
134 10 -22678.166511185
135 10 -4265.956461147
136 10 -6797.009966451
137 10 -726.415823947
138 10 -4555.813096441
139 10 9943.694242810
140 10 -47879.226888505
141 10 -8366.073173000
142 10 -14083.725672364
143 10 -1020.054101858
144 10 -10291.813088113
145 10 12528.354416625
146 10 -55214.594131309
147 10 -10214.996915888
148 10 -18108.062824212
149 10 -1898.445606313
150 10 -11823.696774871
1 11 2952134.186144792
2 11 97556.147453850
3 11 62454.899431909
4 11 155840.737429018
5 11 -2724654.303451248
6 11 -335068.236291791
7 11 -26716435.556721624
8 11 988584.271887382
9 11 -1089432.333144206
10 11 -46623.095602785
11 11 21851106.983363956
12 11 2002162.439040645
13 11 2575915.228570717
14 11 -87070.403274304
15 11 -273215.662232644
16 11 -36358.722445249
17 11 -2471458.080401809
18 11 -60874.086439294
19 11 1650716.131448737
20 11 -136719.522178789
21 11 -371613.591545720
22 11 -11787.056438385
23 11 -1500296.950627043
24 11 124420.497024382
25 11 1059307.037710758
26 11 -33949.802077198
27 11 -290915.813531385
28 11 21876.703833949
29 11 -919389.983358547
30 11 51213.199362597
31 11 720706.416695312
32 11 27408.708515923
33 11 -191862.448091365
34 11 34775.888244814
35 11 -544170.860536817
36 11 -54338.898270816
37 11 380337.719785735
38 11 -36882.781869977
39 11 -55054.777019951
40 11 -7781.189760102
41 11 -219894.582409049
42 11 -23801.375944398
43 11 205068.551988258
44 11 -8908.312053043
45 11 -8680.409026117
46 11 -1320.293201287
47 11 -102474.711820556
48 11 -21046.069245805
49 11 93572.597395863
50 11 -21954.826004321
51 11 24348.967108968
52 11 -5396.804150908
53 11 -32504.624346063
54 11 -6869.038855039
55 11 92417.151530929
56 11 -25727.796744274
57 11 9972.554789154
58 11 -7191.808217938
59 11 -32192.076688893
60 11 -7558.020592788
61 11 44788.304510640
62 11 -19791.088098736
63 11 8096.771556071
64 11 -4979.080638031
65 11 -15476.331666792
66 11 -5202.284641188
67 11 49408.539123709
68 11 -25959.024092382
69 11 18498.081196882
70 11 -5275.919996408
71 11 -16277.149696498
72 11 -7361.670508039
73 11 43697.880383218
74 11 -22787.259814088
75 11 17340.247014598
76 11 -4928.928353002
77 11 -14994.758080371
78 11 -6183.416729704
79 11 47996.824234744
80 11 -27176.691663566
81 11 18154.644656558
82 11 -4843.295263170
83 11 -15198.229661003
84 11 -8630.880372017
85 11 33713.697097856
86 11 -16950.786211330
87 11 11898.769273528
88 11 -3457.890214368
89 11 -11104.917233101
90 11 -5564.738500388
91 11 30256.329568843
92 11 -18043.001562617
93 11 11481.102196184
94 11 -3187.848017494
95 11 -9566.360297543
96 11 -6326.827456980
97 11 34939.014809667
98 11 -25811.372017613
99 11 16136.771562874
100 11 -4597.211364550
101 11 -11500.356228629
102 11 -8383.197114620
103 11 30485.569328270
104 11 -19839.371283849
105 11 11446.957778326
106 11 -3693.543325079
107 11 -9725.810694979
108 11 -6560.747090934
109 11 28568.198738549
110 11 -16454.524765880
111 11 11949.260728765
112 11 -2691.516210739
113 11 -9145.109313694
114 11 -5978.855982609
115 11 19182.044294533
116 11 -6231.122149197
117 11 9168.724418019
118 11 -588.148778764
119 11 -6630.122744798
120 11 -3117.051134716
121 11 18712.077966006
122 11 -4759.705178414
123 11 10247.772268567
124 11 -350.711138454
125 11 -7009.051457005
126 11 -2534.697032378
127 11 18679.061143486
128 11 -4729.739294663
129 11 9803.823536012
130 11 -339.494973229
131 11 -7023.051972404
132 11 -2623.774110617
133 11 19488.240166774
134 11 -5943.469975054
135 11 9489.352579356
136 11 -735.252001080
137 11 -7392.720188527
138 11 -2975.814155142
139 11 38696.891518371
140 11 -14559.644403649
141 11 20374.597182925
142 11 -2141.568079594
143 11 -15105.067134103
144 11 -6352.221882432
145 11 52901.297630034
146 11 -15593.036209538
147 11 24307.827913459
148 11 -2305.488558124
149 11 -21414.010090008
150 11 -8407.916177429
1 12 291864.484139298
2 12 394774.862825587
3 12 42836.880283388
4 12 397530.438079139
5 12 -232083.484225081
6 12 -600752.108777656
7 12 -3401017.087806680
8 12 1882634.876481142
9 12 1451.131958282
10 12 -787847.443913931
11 12 2002162.439040645
12 12 5231104.730826481
13 12 209863.228278596
14 12 233437.396620990
15 12 -15976.201568879
16 12 181047.552418782
17 12 -134767.537044597
18 12 -565183.304137844
19 12 135701.807607722
20 12 86275.110055103
21 12 -46009.152546241
22 12 80021.915390203
23 12 -153631.302317359
24 12 -294501.168020894
25 12 163293.314352500
26 12 -2569.220352997
27 12 -51180.208662408
28 12 37410.624261384
29 12 -151554.214856056
30 12 -152952.431302426
31 12 135178.635358917
32 12 -64718.173869703
33 12 -53410.751821226
34 12 -2435.414484774
35 12 -118494.859107841
36 12 -97467.557634311
37 12 63493.625300049
38 12 -80611.352237710
39 12 -19808.817638665
40 12 -23073.068843466
41 12 -37977.121579619
42 12 -62743.636943533
43 12 50298.290259607
44 12 -81497.514733406
45 12 -12532.326893484
46 12 -25343.088652837
47 12 -23175.108208075
48 12 -25928.422144036
49 12 20345.693155357
50 12 -73782.088138221
51 12 -4255.714764435
52 12 -22581.752686286
53 12 -5125.924343852
54 12 -11230.333299081
55 12 16820.334479725
56 12 -45706.035371040
57 12 -5076.206235950
58 12 -14220.578194367
59 12 -3909.541365033
60 12 -9654.528042590
61 12 7015.235930230
62 12 -23944.080935734
63 12 -1653.258466686
64 12 -6017.536125465
65 12 -998.336791626
66 12 -6027.333611367
67 12 12865.981585268
68 12 -42101.211040704
69 12 -3343.672287325
70 12 -10523.205570684
71 12 -2270.244352204
72 12 -8277.516122353
73 12 5823.096928208
74 12 -36194.774525217
75 12 -3856.297236504
76 12 -9192.211380804
77 12 -459.986049281
78 12 -7028.860705426
79 12 12362.613756179
80 12 -35055.378159944
81 12 -4107.648118284
82 12 -8213.018159966
83 12 -1717.026653499
84 12 -7531.507065130
85 12 2045.046848548
86 12 -17375.486968231
87 12 -3925.981249560
88 12 -4663.098566602
89 12 236.263718554
90 12 -3206.048339215
91 12 3887.990639878
92 12 -16911.324873572
93 12 -4177.574353870
94 12 -4354.661222598
95 12 -134.288175286
96 12 -3476.434430370
97 12 3733.983356804
98 12 -27057.590178266
99 12 -7122.769561235
100 12 -6836.038995354
101 12 608.450138335
102 12 -5871.839776549
103 12 1284.940938418
104 12 -16105.539420024
105 12 -4829.276371859
106 12 -4131.197172552
107 12 673.716751128
108 12 -3187.379647687
109 12 3872.885939453
110 12 -15182.736418962
111 12 -3665.238042867
112 12 -3901.033816032
113 12 -213.398588652
114 12 -3232.621228263
115 12 3860.901824850
116 12 -9973.380517393
117 12 -1416.455629267
118 12 -2556.695841946
119 12 -665.644279840
120 12 -2251.991484780
121 12 2891.636554068
122 12 -11279.825539351
123 12 -1524.839055698
124 12 -2936.959982172
125 12 -416.545412309
126 12 -2500.038527610
127 12 3279.802719712
128 12 -10326.815702187
129 12 -1205.270878685
130 12 -2726.325050271
131 12 -593.254247155
132 12 -2357.391197896
133 12 2990.340500930
134 12 -10261.669026400
135 12 -1364.404697753
136 12 -2831.055751138
137 12 -515.973122947
138 12 -2347.700497362
139 12 8561.917689719
140 12 -25986.960906962
141 12 -2193.361393334
142 12 -6991.015611619
143 12 -1682.204397215
144 12 -6406.586348673
145 12 13514.995379490
146 12 -29016.189774174
147 12 -1301.918277646
148 12 -8580.342629526
149 12 -3703.660546494
150 12 -7694.108724652
1 13 -2328812.398215172
2 13 89243.230735907
3 13 -161357.277481161
4 13 -94204.131106812
5 13 1871266.067827074
6 13 158635.060969348
7 13 -3160056.827810662
8 13 340907.230591835
9 13 -71698.571946567
10 13 47387.977723818
11 13 2575915.228570717
12 13 209863.228278596
13 13 35580814.979330540
14 13 -4899723.052442997
15 13 5559945.571701049
16 13 -765968.726843614
17 13 -22896386.245445490
18 13 -2121418.805285125
19 13 -2126172.718847931
20 13 315556.044831575
21 13 89539.798984489
22 13 79095.545848316
23 13 1612195.413765553
24 13 -150374.440771979
25 13 -1570553.636360839
26 13 182519.404619332
27 13 94880.747484918
28 13 29790.554970172
29 13 1131158.068083679
30 13 -104006.453039339
31 13 -1121990.903416743
32 13 165623.544287897
33 13 31844.182803438
34 13 25744.072751713
35 13 675897.570884726
36 13 45444.900935894
37 13 -611427.350622913
38 13 150844.450936676
39 13 -74958.692174864
40 13 43078.762186892
41 13 287617.851037929
42 13 47449.738890825
43 13 -433520.332012213
44 13 89859.595563266
45 13 -69783.657062878
46 13 24501.569991000
47 13 188102.627286386
48 13 41550.155391377
49 13 -360936.592550461
50 13 92446.901800019
51 13 -33908.099515592
52 13 27718.162244613
53 13 129871.238847559
54 13 36043.820752016
55 13 -283950.209623777
56 13 102137.480270916
57 13 -38800.865086021
58 13 29180.292569003
59 13 97638.942322342
60 13 32657.318288847
61 13 -126768.378556746
62 13 74137.893142700
63 13 -35680.381207053
64 13 17541.874647634
65 13 43136.345680742
66 13 20970.262665176
67 13 -158760.598335527
68 13 96512.627382573
69 13 -47422.955451229
70 13 21308.719577279
71 13 52718.264527432
72 13 28391.816730553
73 13 -141018.402898628
74 13 89653.387929305
75 13 -60787.912285483
76 13 19376.721220904
77 13 47979.535776506
78 13 23718.008241990
79 13 -154609.755042491
80 13 115233.091424517
81 13 -54752.136796868
82 13 20293.707792714
83 13 46147.476883229
84 13 34321.790227409
85 13 -112995.933664276
86 13 68926.796793898
87 13 -47692.766987897
88 13 13533.210125987
89 13 38098.715290019
90 13 21959.155395928
91 13 -87245.631492775
92 13 53771.885408250
93 13 -31115.768949912
94 13 9649.442457232
95 13 27224.340019410
96 13 18582.382993581
97 13 -79779.053584331
98 13 48866.352981005
99 13 -26519.819685373
100 13 8941.314103219
101 13 24707.384989626
102 13 17111.324247547
103 13 -80066.548311217
104 13 47636.481262128
105 13 -25754.526419942
106 13 9238.954428263
107 13 25460.183633494
108 13 16493.945512174
109 13 -75366.971674959
110 13 40537.145675696
111 13 -26991.099725446
112 13 6979.513416010
113 13 23845.440998908
114 13 15391.161994831
115 13 -35814.846992281
116 13 12123.700903386
117 13 -16633.257612592
118 13 1287.312757138
119 13 12312.111116349
120 13 5917.362980761
121 13 -32697.576124672
122 13 7068.686642487
123 13 -16293.515097681
124 13 523.182812538
125 13 12171.031392250
126 13 4164.519494407
127 13 -37042.117425503
128 13 9954.816979219
129 13 -18719.171954493
130 13 806.402314482
131 13 13749.688763779
132 13 5437.550387042
133 13 -44385.691191017
134 13 13018.602479026
135 13 -20960.872612524
136 13 1912.684760424
137 13 17006.853756841
138 13 6292.968247682
139 13 -84607.672714845
140 13 24491.950394924
141 13 -32221.799233554
142 13 4259.737458588
143 13 33508.052264226
144 13 13386.704069782
145 13 -108249.445071399
146 13 31127.072642641
147 13 -42991.765889621
148 13 4809.647476919
149 13 44157.677897278
150 13 19663.497060257
1 14 460886.087884538
2 14 -3219639.486722497
3 14 -181591.532486945
4 14 -2155219.806461456
5 14 -173412.427385121
6 14 30133.140374667
7 14 392105.340978238
8 14 -4457501.633796634
9 14 -251408.265711566
10 14 -2988019.282752913
11 14 -87070.403274304
12 14 233437.396620990
13 14 -4899723.052442997
14 14 49870739.827656448
15 14 3184402.551744705
16 14 25505400.526723780
17 14 760075.564788000
18 14 1399155.930307899
19 14 322734.756015565
20 14 -3265178.434838687
21 14 155510.994046062
22 14 -1885094.515572491
23 14 -74374.688045573
24 14 282322.078826148
25 14 205580.466785888
26 14 -2370889.227324400
27 14 148189.968796449
28 14 -1281319.497596285
29 14 -41791.440995885
30 14 175742.501478234
31 14 171090.242255965
32 14 -1704238.140723331
33 14 -20211.528699704
34 14 -766010.506547991
35 14 -34325.083497952
36 14 27086.876984674
37 14 18912.552660610
38 14 -1015191.797888727
39 14 -49402.727770561
40 14 -369475.181030365
41 14 9364.066977166
42 14 -72364.373874681
43 14 13888.278666626
44 14 -705729.486710131
45 14 -47559.240525920
46 14 -243714.634186804
47 14 4560.054564213
48 14 -68844.749455939
49 14 21356.862687689
50 14 -419395.069330738
51 14 -58930.304698553
52 14 -141504.674722970
53 14 -392.143373878
54 14 -36993.456481623
55 14 6839.265753020
56 14 -345361.572959916
57 14 -61908.490994118
58 14 -112355.073836125
59 14 5085.384997556
60 14 -34502.049837135
61 14 7283.463184091
62 14 -193543.600523430
63 14 -36055.652508785
64 14 -54611.115593616
65 14 4408.727153703
66 14 -29246.887922627
67 14 19766.258210794
68 14 -240726.527281994
69 14 -44792.847874480
70 14 -65628.515880028
71 14 3183.389816383
72 14 -38960.685651477
73 14 8264.610444271
74 14 -248608.525165467
75 14 -43512.305587370
76 14 -66713.521658208
77 14 6666.155641287
78 14 -45192.293480618
79 14 56405.271812767
80 14 -228102.032258884
81 14 -48152.139480655
82 14 -56191.320129345
83 14 -3094.632051097
84 14 -44806.187968850
85 14 12574.914925712
86 14 -177346.815808452
87 14 -44595.271535260
88 14 -48105.490924301
89 14 4881.645270128
90 14 -33542.910795010
91 14 15833.801866025
92 14 -107537.799819278
93 14 -34255.712530894
94 14 -29469.294722976
95 14 2003.112667665
96 14 -19706.510234841
97 14 13454.657729676
98 14 -93508.001927617
99 14 -31089.549778888
100 14 -26039.253565279
101 14 2008.104701262
102 14 -17056.972443147
103 14 7651.312024647
104 14 -95919.910039976
105 14 -31533.562365142
106 14 -26648.583004781
107 14 3235.317113387
108 14 -16519.884897724
109 14 17902.130397806
110 14 -87682.372258483
111 14 -26843.780911717
112 14 -24596.546217476
113 14 -21.023552271
114 14 -16440.540679055
115 14 15012.485306378
116 14 -48602.394572225
117 14 -9986.108651383
118 14 -13301.804164725
119 14 -2133.060022729
120 14 -9846.774472097
121 14 11235.207787953
122 14 -47339.541949051
123 14 -7637.252951261
124 14 -13375.753132597
125 14 -1798.371833616
126 14 -9322.992645371
127 14 15814.848195580
128 14 -53805.663283854
129 14 -8804.873474540
130 14 -15148.981104127
131 14 -2644.657033774
132 14 -11264.331303898
133 14 11202.473355720
134 14 -59314.572782408
135 14 -10869.451796702
136 14 -18013.537201631
137 14 -1242.482109225
138 14 -11738.889357479
139 14 20181.334170302
140 14 -107825.337987736
141 14 -18816.394618789
142 14 -33063.092146529
143 14 -2732.898817968
144 14 -21591.377020829
145 14 36302.699138706
146 14 -131073.886145398
147 14 -22132.101447924
148 14 -42040.268516656
149 14 -7301.150658707
150 14 -29987.727719022
1 15 315457.591655548
2 15 -47831.305265904
3 15 -488526.604190560
4 15 -23762.819163226
5 15 -339729.279056668
6 15 -32816.075439920
7 15 133958.355521659
8 15 -159100.906521676
9 15 -696247.290856546
10 15 -93450.245265120
11 15 -273215.662232644
12 15 -15976.201568879
13 15 5559945.571701049
14 15 3184402.551744705
15 15 10947402.030929983
16 15 1506675.024749203
17 15 -766709.969524590
18 15 5893.162055612
19 15 -184252.753171458
20 15 -237261.599070641
21 15 -471465.946722373
22 15 -95503.911599112
23 15 -7332.169065936
24 15 13052.766523603
25 15 -186087.433926540
26 15 -226566.789694868
27 15 -333276.449231299
28 15 -103902.025335359
29 15 27388.478156521
30 15 15538.676335511
31 15 -210112.240445265
32 15 -143093.329346976
33 15 -258866.531348917
34 15 -77588.601815641
35 15 69281.207208420
36 15 17845.396245024
37 15 -214592.604997940
38 15 -58742.218808156
39 15 -169157.574780083
40 15 -30474.860582481
41 15 82345.352392627
42 15 7486.595429449
43 15 -179965.772661090
44 15 -40867.015245747
45 15 -124830.087279877
46 15 -20633.609628052
47 15 68977.101203498
48 15 6887.434375492
49 15 -160040.516388495
50 15 -24987.531330090
51 15 -69236.046427192
52 15 -12809.444381601
53 15 56992.642070369
54 15 9071.872320611
55 15 -141348.096449838
56 15 -3942.980336551
57 15 -59028.978737945
58 15 -5268.835026106
59 15 49422.372007101
60 15 9765.550252447
61 15 -64322.794854772
62 15 14644.738127583
63 15 -39011.318168057
64 15 1447.859668033
65 15 23146.512394326
66 15 6372.638176865
67 15 -74367.573477849
68 15 16549.982883641
69 15 -48808.228441634
70 15 953.717356706
71 15 26765.753047071
72 15 7706.485172659
73 15 -79295.215523561
74 15 31421.318795648
75 15 -50981.942626295
76 15 5737.831282557
77 15 29607.170670706
78 15 9853.280258602
79 15 -66560.696240848
80 15 20936.652868571
81 15 -45773.733188466
82 15 749.118970722
83 15 23363.515463533
84 15 9723.824300797
85 15 -57681.183800066
86 15 35199.280593303
87 15 -34228.471293637
88 15 6169.134992044
89 15 20847.053440105
90 15 11392.266320829
91 15 -37765.473719093
92 15 22890.848299306
93 15 -19477.865469486
94 15 3434.479093568
95 15 12404.201276032
96 15 7943.986392080
97 15 -31727.893273425
98 15 21839.750535996
99 15 -15724.987925406
100 15 3582.858317001
101 15 10338.727774688
102 15 7212.761592119
103 15 -29169.838705778
104 15 26399.972465974
105 15 -13531.931536246
106 15 5060.684701053
107 15 9501.111744548
108 15 7465.588896398
109 15 -26305.807816476
110 15 15780.593765320
111 15 -13223.832085253
112 15 2362.063587648
113 15 8651.374768579
114 15 5607.204187632
115 15 -11720.122462099
116 15 3643.748989800
117 15 -7543.081928456
118 15 99.139745984
119 15 4243.660604453
120 15 1876.084060910
121 15 -10321.713736486
122 15 4284.314972083
123 15 -6700.979582501
124 15 544.365220614
125 15 3974.151139044
126 15 1684.459986374
127 15 -11867.857952924
128 15 2612.821194774
129 15 -8408.127585666
130 15 -133.378552957
131 15 4690.668913210
132 15 1636.288853077
133 15 -14614.884007425
134 15 6686.680422803
135 15 -8598.145122484
136 15 1203.267311111
137 15 5782.184789491
138 15 2498.930038099
139 15 -21807.841510107
140 15 7961.425295535
141 15 -17355.239206562
142 15 734.857362166
143 15 9175.764041954
144 15 3102.269503312
145 15 -32251.376550978
146 15 217.873425174
147 15 -25484.581116663
148 15 -2720.007884694
149 15 14417.854625248
150 15 3433.242342343
1 16 189715.316972831
2 16 -2132617.523022774
3 16 -144262.410995457
4 16 -1782871.736753246
5 16 -115927.045438763
6 16 -48995.267776285
7 16 90695.153614647
8 16 -2968552.784608019
9 16 -162142.956160007
10 16 -2586355.207352831
11 16 -36358.722445249
12 16 181047.552418782
13 16 -765968.726843613
14 16 25505400.526723780
15 16 1506675.024749203
16 16 18812747.070264101
17 16 -63699.339906096
18 16 -1156823.170336772
19 16 114070.732291456
20 16 -1966505.105736234
21 16 138997.204944883
22 16 -1521895.273447556
23 16 -2831.482383662
24 16 399262.250227430
25 16 73316.364354980
26 16 -1395176.471244000
27 16 111053.026621804
28 16 -1002972.939876326
29 16 4283.006066589
30 16 314940.803791724
31 16 26926.449990366
32 16 -880956.570606664
33 16 -8009.782546753
34 16 -508203.973572210
35 16 5195.141889897
36 16 152331.565381019
37 16 -21644.343651062
38 16 -397583.228165712
39 16 -22095.457735913
40 16 -169300.702747345
41 16 15700.040429551
42 16 18704.845310595
43 16 -15240.461890220
44 16 -258858.071295093
45 16 -23293.610349941
46 16 -101389.433481769
47 16 7941.343633164
48 16 3557.952369245
49 16 -10153.098386266
50 16 -143582.837992138
51 16 -24347.651821589
52 16 -51218.496592137
53 16 5079.405101339
54 16 -3860.604691703
55 16 -11490.757198201
56 16 -110255.750282168
57 16 -23445.651179510
58 16 -37597.090773741
59 16 5674.162529072
60 16 -5619.917907873
61 16 -4426.522678850
62 16 -57445.610065506
63 16 -13993.557498094
64 16 -17606.366240303
65 16 3063.931100362
66 16 -6060.534354568
67 16 -2119.087365397
68 16 -71530.065397899
69 16 -17956.906594333
70 16 -21411.155486470
71 16 2981.271049281
72 16 -8445.909058662
73 16 -1825.982269696
74 16 -68815.279894543
75 16 -14376.291494557
76 16 -19125.147939343
77 16 3140.023279735
78 16 -11518.701715488
79 16 9370.261898445
80 16 -64663.683651710
81 16 -17390.968353878
82 16 -17033.618069646
83 16 1085.934621283
84 16 -11365.167788685
85 16 2274.574724124
86 16 -54552.164376758
87 16 -14982.595411207
88 16 -15286.603247304
89 16 1942.446584022
90 16 -9509.177307539
91 16 3893.391098545
92 16 -35953.281184710
93 16 -12414.663774576
94 16 -10262.605483497
95 16 1020.645161707
96 16 -6041.018041819
97 16 3476.750072999
98 16 -32575.392253060
99 16 -11548.667154267
100 16 -9439.503355949
101 16 963.387174590
102 16 -5391.581555852
103 16 2152.373555051
104 16 -34333.918365286
105 16 -11882.008500685
106 16 -10044.405381124
107 16 1178.326873966
108 16 -5277.434104206
109 16 5969.527040919
110 16 -32905.176745728
111 16 -10687.003643728
112 16 -9571.320705127
113 16 150.113226782
114 16 -5762.007450428
115 16 5424.845342393
116 16 -18569.694143608
117 16 -4112.493728437
118 16 -5274.165589753
119 16 -749.736583402
120 16 -3563.115432993
121 16 4533.064482023
122 16 -18606.155555531
123 16 -3117.086062798
124 16 -5449.263527933
125 16 -785.123710867
126 16 -3471.926424297
127 16 5754.097153273
128 16 -20634.918906616
129 16 -3662.477128938
130 16 -6021.778236724
131 16 -948.137844018
132 16 -4089.208093919
133 16 4444.184831005
134 16 -23625.138047321
135 16 -4404.393155916
136 16 -7356.852584503
137 16 -544.412606652
138 16 -4465.889271064
139 16 8389.811431429
140 16 -42071.759062068
141 16 -9032.704127334
142 16 -14020.226242734
143 16 -1692.364094391
144 16 -7532.415309495
145 16 13217.300306222
146 16 -48510.673789661
147 16 -10634.171917264
148 16 -16594.303359188
149 16 -2937.176231950
150 16 -10247.292494724
1 17 1943359.453207745
2 17 91107.109853780
3 17 56917.252988156
4 17 125715.585720657
5 17 -1764830.780904961
6 17 -142199.342104912
7 17 2606546.031060556
8 17 -45608.671504386
9 17 -93186.521507707
10 17 4553.948238680
11 17 -2471458.080401809
12 17 -134767.537044597
13 17 -22896386.245445490
14 17 760075.564788000
15 17 -766709.969524590
16 17 -63699.339906096
17 17 18989807.175263718
18 17 730261.237425396
19 17 1612098.040329070
20 17 -116842.793839550
21 17 -267356.058312415
22 17 -14628.569695709
23 17 -1475320.482102497
24 17 180167.400671386
25 17 1150051.205230896
26 17 -61730.323680152
27 17 -240636.133686555
28 17 7171.257741428
29 17 -1006726.791198991
30 17 127697.186772195
31 17 720147.579475346
32 17 -11173.514360528
33 17 -135963.181849316
34 17 17819.984741250
35 17 -525647.606106107
36 17 -19229.410056564
37 17 315302.796138804
38 17 -28713.693269710
39 17 -4375.964627760
40 17 -7073.258120275
41 17 -172233.578512687
42 17 -21446.109523427
43 17 215248.395105664
44 17 -9839.872403680
45 17 7265.058726917
46 17 -2250.176957715
47 17 -106230.149152243
48 17 -20466.824475705
49 17 158293.697065367
50 17 -20632.477255688
51 17 10053.598472335
52 17 -6476.746072708
53 17 -60068.004261463
54 17 -14542.952485518
55 17 122902.808949577
56 17 -27940.052763620
57 17 14424.147876538
58 17 -8194.506455281
59 17 -44246.524595494
60 17 -12943.610204096
61 17 58685.391189262
62 17 -22766.210444066
63 17 13455.346125132
64 17 -5744.502177738
65 17 -21008.549513172
66 17 -8561.584687676
67 17 72498.060903949
68 17 -28930.062313046
69 17 17738.433533048
70 17 -6814.340224571
71 17 -25579.704673804
72 17 -11380.849623952
73 17 57095.335281085
74 17 -31025.887198425
75 17 26377.843390407
76 17 -6688.566992205
77 17 -19965.847870147
78 17 -8491.229156890
79 17 59258.028151534
80 17 -35690.700426400
81 17 23256.524150482
82 17 -6046.323019637
83 17 -18676.416016220
84 17 -11411.890920198
85 17 49476.194798497
86 17 -28687.473659715
87 17 20948.596551551
88 17 -5617.456099301
89 17 -16850.106320138
90 17 -9336.637984766
91 17 38342.893899853
92 17 -22016.514401657
93 17 13465.945096738
94 17 -3937.401374481
95 17 -12068.785512845
96 17 -7853.441048966
97 17 35537.727911075
98 17 -20709.414650206
99 17 11540.843909467
100 17 -3813.546684300
101 17 -11088.844436974
102 17 -7388.363404591
103 17 37207.537040553
104 17 -21455.916940764
105 17 10950.231935577
106 17 -4284.329240800
107 17 -11792.805527614
108 17 -7534.999796035
109 17 34579.263695039
110 17 -17676.397995013
111 17 11986.915715729
112 17 -3049.215054572
113 17 -10978.610291630
114 17 -6880.548064470
115 17 16525.605658458
116 17 -5144.600093371
117 17 7488.499034249
118 17 -505.869422516
119 17 -5699.107680597
120 17 -2635.045827072
121 17 15603.908000020
122 17 -3462.997538162
123 17 7377.752619414
124 17 -294.194294511
125 17 -5775.676274043
126 17 -2013.980289572
127 17 17142.220828468
128 17 -4159.362611486
129 17 8437.824428432
130 17 -283.298018165
131 17 -6380.006096102
132 17 -2414.354034510
133 17 20816.542964805
134 17 -6190.129621640
135 17 9524.998875230
136 17 -961.443803372
137 17 -7963.780798753
138 17 -2956.921146359
139 17 45241.482008562
140 17 -9180.553787776
141 17 13378.901564268
142 17 -1528.693782625
143 17 -18190.034533052
144 17 -7335.515648428
145 17 54138.453855820
146 17 -9736.251531068
147 17 17999.901215480
148 17 -991.188481200
149 17 -22566.211379842
150 17 -9616.956867897
1 18 67807.474527119
2 18 368019.051451312
3 18 25766.809477601
4 18 383945.241330035
5 18 -19655.116797003
6 18 -390374.470535047
7 18 154869.501628023
8 18 391415.551351742
9 18 10874.010386980
10 18 395283.254227531
11 18 -60874.086439294
12 18 -565183.304137844
13 18 -2121418.805285125
14 18 1399155.930307899
15 18 5893.162055612
16 18 -1156823.170336772
17 18 730261.237425396
18 18 4885613.160012960
19 18 45765.500498583
20 18 49359.485248375
21 18 -17063.082968707
22 18 99832.690864985
23 18 -51691.821733590
24 18 -298194.643820301
25 18 74779.835446490
26 18 -36568.323819950
27 18 -20105.709071734
28 18 40308.685131022
29 18 -74961.759061960
30 18 -178500.059456267
31 18 98504.465899242
32 18 -90234.141892840
33 18 -25729.672503627
34 18 -8330.603179111
35 18 -71999.563442907
36 18 -109626.656477151
37 18 50523.070154314
38 18 -113401.688049020
39 18 -12965.423948370
40 18 -32661.090651663
41 18 -27487.894801952
42 18 -55079.908279865
43 18 42500.077521445
44 18 -96957.971800649
45 18 -11567.817902142
46 18 -28788.342388968
47 18 -20136.022961796
48 18 -36098.970935618
49 18 35981.791647608
50 18 -74209.690880476
51 18 -9936.100013124
52 18 -24156.212376599
53 18 -11823.723502209
54 18 -14807.805992822
55 18 24325.213226427
56 18 -65479.034817702
57 18 -9339.911606545
58 18 -20649.574391405
59 18 -6952.632252724
60 18 -11744.386246309
61 18 10296.436156952
62 18 -37758.722652447
63 18 -4793.700113824
64 18 -10050.384574072
65 18 -2234.376491122
66 18 -7981.165967974
67 18 15767.537250197
68 18 -46863.253706699
69 18 -5464.890488859
70 18 -11892.552272519
71 18 -3454.660473039
72 18 -10486.240948492
73 18 6128.655217630
74 18 -51833.235938701
75 18 -6198.731072224
76 18 -13375.205973613
77 18 -69.604882886
78 18 -10252.704576089
79 18 17661.887307304
80 18 -45793.003719475
81 18 -4739.621581086
82 18 -10414.778557639
83 18 -2632.328601773
84 18 -10329.104446969
85 18 4119.376909639
86 18 -34315.674182187
87 18 -7088.848640082
88 18 -8894.309653975
89 18 456.335179200
90 18 -7152.779121747
91 18 3826.978114171
92 18 -18571.978612130
93 18 -4789.443319884
94 18 -4756.066018745
95 18 66.263445903
96 18 -3831.939466671
97 18 2509.275278008
98 18 -15327.488615304
99 18 -4297.497634838
100 18 -3931.158025535
101 18 354.090527875
102 18 -3202.020983642
103 18 -347.664439044
104 18 -13826.483593899
105 18 -4540.254994486
106 18 -3526.081937591
107 18 1089.843325411
108 18 -2656.472128222
109 18 3019.172213835
110 18 -13295.838235418
111 18 -3479.346900032
112 18 -3457.941039165
113 18 -8.512759424
114 18 -2817.079786672
115 18 2483.709496539
116 18 -7212.688590135
117 18 -1151.927495768
118 18 -1834.361753615
119 18 -363.596411671
120 18 -1632.857012621
121 18 1240.814798837
122 18 -6651.833107799
123 18 -1122.310238274
124 18 -1764.492591623
125 18 -85.332026980
126 18 -1441.561267157
127 18 2585.284158138
128 18 -7991.577513024
129 18 -988.081741200
130 18 -2093.494379217
131 18 -436.493517125
132 18 -1866.941268987
133 18 1124.897948964
134 18 -8623.676245294
135 18 -1697.440769836
136 18 -2497.296152622
137 18 76.854669597
138 18 -1861.667958829
139 18 6019.827443513
140 18 -14819.672611614
141 18 -2085.943715936
142 18 -3938.354333822
143 18 -1518.995769457
144 18 -4549.283575218
145 18 13883.733453491
146 18 -21817.571264928
147 18 -1597.075262208
148 18 -6357.677841524
149 18 -4337.426153675
150 18 -6968.958798582
1 19 -1243964.650215570
2 19 179314.154881602
3 19 -129795.195791642
4 19 22668.587861161
5 19 910988.000592436
6 19 81078.035732862
7 19 -2199845.041295636
8 19 369107.241665153
9 19 -184106.616939214
10 19 110039.703608677
11 19 1650716.131448737
12 19 135701.807607722
13 19 -2126172.718847931
14 19 322734.756015565
15 19 -184252.753171458
16 19 114070.732291456
17 19 1612098.040329070
18 19 45765.500498583
19 19 37135131.230979614
20 19 -2823075.550221830
21 19 6159484.628310865
22 19 -541541.435925134
23 19 -21534782.678603645
24 19 -381035.640989120
25 19 -2784810.123003881
26 19 -28120.268564884
27 19 189279.100791514
28 19 -31495.561755128
29 19 1996948.415046308
30 19 27602.105801596
31 19 -1752907.586627070
32 19 -138506.618281468
33 19 30049.427266406
34 19 -89267.683245607
35 19 1063911.808387516
36 19 252236.396443103
37 19 -1154745.924589852
38 19 178682.519821247
39 19 -63964.979080897
40 19 56260.246087456
41 19 580963.858880699
42 19 66696.092103995
43 19 -648796.369802923
44 19 97487.575296839
45 19 -143566.520915808
46 19 26015.300057865
47 19 271495.876807747
48 19 50500.044727714
49 19 -486311.879370154
50 19 91449.258861710
51 19 -69401.614214564
52 19 24817.465040044
53 19 175801.488354626
54 19 54177.176729986
55 19 -341798.466623553
56 19 101085.257666317
57 19 -77403.217884083
58 19 28195.382982552
59 19 118855.940481743
60 19 29399.161639356
61 19 -182265.313949808
62 19 94025.091245377
63 19 -70131.395277079
64 19 22358.436140417
65 19 63988.591245339
66 19 24112.397619531
67 19 -202563.584620332
68 19 131005.589187701
69 19 -72061.604101853
70 19 26707.595367619
71 19 64551.498770230
72 19 36133.354135468
73 19 -203814.721578296
74 19 110497.313951862
75 19 -82906.797310238
76 19 24375.356279410
77 19 70846.839116552
78 19 30313.942675592
79 19 -207230.239218054
80 19 133463.141917224
81 19 -87540.958575889
82 19 24099.278910547
83 19 67366.040677203
84 19 41796.370631305
85 19 -150693.133328747
86 19 87322.463143027
87 19 -61093.137175626
88 19 16353.187679390
89 19 50123.681710348
90 19 29541.784997269
91 19 -70058.852777268
92 19 40696.625003362
93 19 -25917.042369386
94 19 6962.303214414
95 19 21794.486202937
96 19 14610.180412028
97 19 -69395.864614378
98 19 43242.471056955
99 19 -34211.890853796
100 19 7722.963642818
101 19 24358.967802991
102 19 15228.515181910
103 19 -66011.963458901
104 19 39302.472452767
105 19 -23437.913975692
106 19 6782.882272034
107 19 20398.367855745
108 19 14319.502859156
109 19 -71869.373854830
110 19 38429.254953950
111 19 -28273.624698201
112 19 6108.824571342
113 19 22754.048575936
114 19 14934.828630189
115 19 -46992.056537996
116 19 16062.800599730
117 19 -23926.617571568
118 19 1317.730612116
119 19 16234.274514769
120 19 7953.389450060
121 19 -69945.709146154
122 19 18869.660921376
123 19 -40604.509716754
124 19 473.744849522
125 19 25500.859944585
126 19 10717.894979740
127 19 -59236.362414635
128 19 16275.350782055
129 19 -32168.613221105
130 19 645.714011856
131 19 21620.695231587
132 19 9492.845110645
133 19 -71221.466914602
134 19 25441.521272523
135 19 -34266.567915705
136 19 2466.732511336
137 19 25694.405430554
138 19 13217.687265047
139 19 -96164.453522089
140 19 31284.136702072
141 19 -43805.331951621
142 19 5214.130657250
143 19 37857.537645395
144 19 14487.975655965
145 19 -147097.061101603
146 19 51557.209630139
147 19 -64033.348427365
148 19 9118.938077757
149 19 59999.492827172
150 19 23757.012333884
1 20 396713.508624923
2 20 -1763230.758584082
3 20 -162990.318111662
4 20 -1075291.000705389
5 20 -163949.695276212
6 20 -4684.617022287
7 20 396171.862136562
8 20 -3233259.616912472
9 20 -319518.379246218
10 20 -1995928.792185383
11 20 -136719.522178789
12 20 86275.110055103
13 20 315556.044831575
14 20 -3265178.434838687
15 20 -237261.599070641
16 20 -1966505.105736234
17 20 -116842.793839550
18 20 49359.485248375
19 20 -2823075.550221831
20 20 54051465.054555759
21 20 1363427.470614553
22 20 25034013.429915048
23 20 539516.613733094
24 20 570220.035108562
25 20 38870.403976115
26 20 -4632952.937191202
27 20 -35869.291945366
28 20 -2597793.256650047
29 20 -11781.493764273
30 20 606854.869736197
31 20 -87218.708940431
32 20 -2939393.882116138
33 20 -251346.861147965
34 20 -1374483.930181311
35 20 46757.998529614
36 20 210931.741436306
37 20 -113949.356854117
38 20 -2053585.503361643
39 20 -164406.133977187
40 20 -807126.573227890
41 20 62255.008174142
42 20 30257.750191257
43 20 -59427.795233140
44 20 -1057861.800478812
45 20 -111207.885344895
46 20 -368837.100420154
47 20 37779.176986514
48 20 -111528.496303279
49 20 -42871.235712147
50 20 -623744.982608301
51 20 -106259.250081182
52 20 -209753.146437488
53 20 27450.062200911
54 20 -50000.385067693
55 20 -67313.335237114
56 20 -436401.502047993
57 20 -88341.609165628
58 20 -144170.144903046
59 20 32712.496890250
60 20 -49779.918495819
61 20 -33252.176189909
62 20 -289668.649822498
63 20 -67919.198740645
64 20 -84597.411465631
65 20 22136.688384629
66 20 -47673.745291896
67 20 20620.374193037
68 20 -298095.848607727
69 20 -72623.728391918
70 20 -80848.066961511
71 20 9166.005290228
72 20 -51570.296472243
73 20 -17800.295246553
74 20 -318425.493369818
75 20 -75722.602335551
76 20 -89669.437273073
77 20 19910.843190988
78 20 -56350.604410594
79 20 28087.550059850
80 20 -315537.065356252
81 20 -85781.767780943
82 20 -83195.810946764
83 20 11205.059550977
84 20 -62601.781121829
85 20 9451.317708731
86 20 -206845.559498197
87 20 -64043.796391178
88 20 -57309.820863254
89 20 10114.744384978
90 20 -39945.651792777
91 20 5359.393447911
92 20 -76600.370698325
93 20 -30235.340399495
94 20 -21751.621370336
95 20 3749.149019930
96 20 -13133.801966922
97 20 -1199.506535109
98 20 -99319.931917208
99 20 -36230.962433544
100 20 -28090.466875028
101 20 7877.881732393
102 20 -20996.147047740
103 20 5044.107362408
104 20 -69788.136033380
105 20 -28721.922583471
106 20 -19947.462854341
107 20 3512.133933350
108 20 -12037.961492870
109 20 11902.580188143
110 20 -79387.792580358
111 20 -29001.807592007
112 20 -22620.066332789
113 20 1927.126797621
114 20 -14652.293925782
115 20 17866.197228561
116 20 -65622.236308623
117 20 -16286.129645048
118 20 -17921.730072669
119 20 -1521.648191133
120 20 -13366.654504456
121 20 31665.179394327
122 20 -110737.276665099
123 20 -22216.288733431
124 20 -29598.381225561
125 20 -3579.967646010
126 20 -23987.364183480
127 20 25280.727196070
128 20 -85310.969323992
129 20 -18124.807292857
130 20 -23821.137494646
131 20 -3042.205498973
132 20 -18670.953790627
133 20 29483.747408123
134 20 -93110.767859752
135 20 -22137.568999724
136 20 -27495.734629506
137 20 -3583.297581595
138 20 -20470.854546713
139 20 18034.603946779
140 20 -124965.244706899
141 20 -27482.816758561
142 20 -39107.282840480
143 20 173.611469386
144 20 -24858.488736336
145 20 37213.699504932
146 20 -189360.033359187
147 20 -36186.217887748
148 20 -61341.531478866
149 20 -2695.631774013
150 20 -41316.082024991
1 21 244252.199475287
2 21 106807.462873480
3 21 -230650.815499889
4 21 90310.934730887
5 21 -274185.497443924
6 21 -35019.840245163
7 21 225153.691957915
8 21 132321.812048784
9 21 -454103.104597134
10 21 102399.046110096
11 21 -371613.591545720
12 21 -46009.152546241
13 21 89539.798984489
14 21 155510.994046062
15 21 -471465.946722373
16 21 138997.204944883
17 21 -267356.058312415
18 21 -17063.082968707
19 21 6159484.628310866
20 21 1363427.470614553
21 21 11556642.125094485
22 21 467469.284275068
23 21 -282861.528613980
24 21 2024.822192041
25 21 39199.231634569
26 21 -215114.083401781
27 21 -763242.230049854
28 21 -138291.806609465
29 21 -323238.866040894
30 21 30508.909178641
31 21 -137302.208433163
32 21 -140146.405891911
33 21 -514432.683283001
34 21 -123625.325554353
35 21 -72300.872584471
36 21 23224.571528245
37 21 -218601.311235161
38 21 19286.717202472
39 21 -343183.232245011
40 21 -13188.594442850
41 21 44945.687880285
42 21 11921.690681522
43 21 -242286.367571022
44 21 18904.930830115
45 21 -188679.010655570
46 21 -1652.377402332
47 21 91626.297609330
48 21 11808.811045835
49 21 -197181.357531226
50 21 6103.519362599
51 21 -114362.191000771
52 21 -4741.150063425
53 21 68348.533908201
54 21 13094.876052969
55 21 -174127.654640821
56 21 39380.873642897
57 21 -70712.455946761
58 21 10074.005262595
59 21 63068.054318321
60 21 13689.486874912
61 21 -96193.711940478
62 21 51786.829730234
63 21 -55723.126710286
64 21 12770.084948255
65 21 36136.426885585
66 21 13509.018068118
67 21 -93641.008752445
68 21 34334.594507726
69 21 -58346.321663708
70 21 5090.936124513
71 21 33316.283223595
72 21 12396.292356286
73 21 -93934.535759375
74 21 61465.573274415
75 21 -58534.027877419
76 21 14206.901750132
77 21 35382.849409719
78 21 16252.160062421
79 21 -92182.664288115
80 21 62529.096457072
81 21 -58748.077465704
82 21 11236.749245547
83 21 33199.258142613
84 21 19650.210292218
85 21 -62333.676385093
86 21 52849.770310819
87 21 -35477.619214660
88 21 10566.434416500
89 21 22182.157491438
90 21 15647.512805106
91 21 -26076.837143103
92 21 20858.282143727
93 21 -10591.929909361
94 21 3837.014278142
95 21 8011.453689276
96 21 6310.470290061
97 21 -33272.494500396
98 21 41633.747344128
99 21 -16517.999102780
100 21 9365.213211657
101 21 11821.708272019
102 21 12156.706133546
103 21 -22446.665056938
104 21 21169.789821831
105 21 -8094.947677287
106 21 4088.602010357
107 21 6683.378453044
108 21 6088.735815967
109 21 -23137.812881688
110 21 19455.215412829
111 21 -9073.241537152
112 21 3644.715688169
113 21 7102.062375898
114 21 5949.256795821
115 21 -15207.351729645
116 21 9411.376026822
117 21 -7956.184169621
118 21 1463.245592267
119 21 5124.622544304
120 21 3278.268885362
121 21 -23118.516879564
122 21 12384.812111942
123 21 -14996.128280288
124 21 1606.843028474
125 21 8504.106945956
126 21 4645.235137207
127 21 -17539.455993701
128 21 8204.428002875
129 21 -11680.640882087
130 21 872.922991146
131 21 6633.071028732
132 21 3403.841037274
133 21 -20589.768819659
134 21 7410.175532627
135 21 -12344.455879392
136 21 535.979542336
137 21 7718.972891686
138 21 3785.363205723
139 21 -26711.472157507
140 21 17881.202284846
141 21 -15332.270632210
142 21 4068.744311480
143 21 10674.496333468
144 21 5601.142858862
145 21 -41371.317961240
146 21 18918.954333315
147 21 -26672.604164924
148 21 3653.806795551
149 21 17943.351945555
150 21 7259.234574226
1 22 130929.239891722
2 22 -991555.916919267
3 22 -100449.447466919
4 22 -746247.886334938
5 22 -44637.870629319
6 22 -12683.121245280
7 22 96283.261774147
8 22 -1869044.832332485
9 22 -177635.853699632
10 22 -1496825.396520431
11 22 -11787.056438385
12 22 80021.915390203
13 22 79095.545848316
14 22 -1885094.515572491
15 22 -95503.911599112
16 22 -1521895.273447556
17 22 -14628.569695709
18 22 99832.690864985
19 22 -541541.435925135
20 22 25034013.429915048
21 22 467469.284275068
22 22 15641884.046579089
23 22 -73446.610436535
24 22 -2295770.700294268
25 22 35335.509214465
26 22 -2758464.810035294
27 22 -47750.043356576
28 22 -1972965.373066252
29 22 -42110.681372424
30 22 740364.857699550
31 22 -66432.065621304
32 22 -1575085.323251055
33 22 -188202.114193841
34 22 -912425.398989547
35 22 -4698.576288206
36 22 341822.166897799
37 22 -74152.730228819
38 22 -952636.679079278
39 22 -78116.523263218
40 22 -439873.109649991
41 22 31287.448097577
42 22 129986.098281927
43 22 -33181.686724039
44 22 -390595.603072308
45 22 -45265.892100613
46 22 -150042.351212994
47 22 14356.023250277
48 22 -6821.132305713
49 22 -32387.446174584
50 22 -230611.396980067
51 22 -44891.069370158
52 22 -82336.662359528
53 22 11824.620452769
54 22 865.087995925
55 22 -24831.695899523
56 22 -138067.655228618
57 22 -28791.610725780
58 22 -46557.584076897
59 22 11212.531510438
60 22 -13294.444648936
61 22 -12295.971170279
62 22 -87691.429825477
63 22 -20905.083584851
64 22 -26378.433217699
65 22 7128.509265948
66 22 -13109.031079259
67 22 -693.091351714
68 22 -88616.794829404
69 22 -24276.170211285
70 22 -25101.340437607
71 22 4714.294512620
72 22 -13834.819376494
73 22 -7999.179433601
74 22 -100757.608870294
75 22 -24323.196145603
76 22 -29436.664344727
77 22 6692.483713188
78 22 -16284.340646911
79 22 5456.862548828
80 22 -99057.586751597
81 22 -28347.166260948
82 22 -27129.356670313
83 22 4184.940911472
84 22 -18334.430398773
85 22 2515.622050992
86 22 -70473.787785854
87 22 -21892.856372238
88 22 -20179.440103428
89 22 3315.774690452
90 22 -12590.736082238
91 22 1856.929138480
92 22 -28102.993153504
93 22 -11136.148270553
94 22 -8194.938431565
95 22 1313.914406407
96 22 -4583.728590883
97 22 1491.773808517
98 22 -35412.482978494
99 22 -11313.634166415
100 22 -10048.138111313
101 22 1818.956956698
102 22 -7392.129618699
103 22 2101.689075073
104 22 -26658.411267012
105 22 -10906.486407405
106 22 -7838.825460331
107 22 1184.053037147
108 22 -4387.507973395
109 22 4984.487993209
110 22 -31535.129770978
111 22 -11419.395478003
112 22 -9176.251654544
113 22 596.411845292
114 22 -5650.417419263
115 22 7050.224860073
116 22 -25911.529477285
117 22 -6408.131941484
118 22 -7245.979396994
119 22 -675.690007273
120 22 -5124.401122252
121 22 12248.592905349
122 22 -42567.302016556
123 22 -8490.626493585
124 22 -11670.267993246
125 22 -1531.310035106
126 22 -8966.793518571
127 22 9905.719135169
128 22 -33775.890552935
129 22 -7269.810496010
130 22 -9683.331556749
131 22 -1254.825544821
132 22 -7159.583063023
133 22 11223.479420581
134 22 -37765.037562304
135 22 -9302.161760997
136 22 -11388.881649902
137 22 -1289.623475833
138 22 -8033.099590993
139 22 7094.076759483
140 22 -50524.220492113
141 22 -11028.541387937
142 22 -16379.732900965
143 22 -79.969027062
144 22 -9464.996629141
145 22 12261.606762685
146 22 -74131.597704524
147 22 -14640.433668574
148 22 -24969.541535923
149 22 -553.391152604
150 22 -14955.998375225
1 23 947374.804373495
2 23 14.617057751
3 23 46124.551362442
4 23 57745.457505924
5 23 -795368.732494768
6 23 -102807.398371487
7 23 1681286.487581604
8 23 -72386.721216091
9 23 3297.930733373
10 23 12780.296058734
11 23 -1500296.950627043
12 23 -153631.302317359
13 23 1612195.413765553
14 23 -74374.688045573
15 23 -7332.169065936
16 23 -2831.482383662
17 23 -1475320.482102497
18 23 -51691.821733590
19 23 -21534782.678603642
20 23 539516.613733095
21 23 -282861.528613980
22 23 -73446.610436535
23 23 15858123.792054089
24 23 191396.319046730
25 23 2031381.914117760
26 23 9159.500403822
27 23 -469794.048312449
28 23 -7593.773254459
29 23 -1750607.905289650
30 23 -12965.731314092
31 23 1157016.758853241
32 23 132113.578122585
33 23 -231523.730975194
34 23 50063.980699130
35 23 -832967.917512560
36 23 -186851.675319642
37 23 663547.127070484
38 23 -48081.484708673
39 23 -79855.067904215
40 23 -22081.431354161
41 23 -389807.467396695
42 23 -51308.524295312
43 23 307728.402570005
44 23 -25373.894543257
45 23 39820.986451816
46 23 -8612.176887768
47 23 -142519.750666740
48 23 -27299.630878975
49 23 223844.194237248
50 23 -18880.330657342
51 23 16098.531887017
52 23 -7315.608567469
53 23 -87573.398800411
54 23 -27139.260846340
55 23 143246.166724304
56 23 -40411.536733128
57 23 35030.531728959
58 23 -11417.350122157
59 23 -50490.714741996
60 23 -11975.738883477
61 23 77190.582829554
62 23 -39355.468140968
63 23 31045.007322768
64 23 -9739.584541144
65 23 -27649.023860237
66 23 -10090.782366041
67 23 79945.931237568
68 23 -44394.736163956
69 23 31092.631104572
70 23 -9030.999293268
71 23 -26450.500093856
72 23 -12693.130296967
73 23 86099.172505790
74 23 -47044.367917210
75 23 36236.460188703
76 23 -10821.632955573
77 23 -30527.501783810
78 23 -12825.155620044
79 23 85159.919852940
80 23 -53535.285717931
81 23 37850.822214796
82 23 -9950.090620959
83 23 -28438.684374170
84 23 -16881.026404591
85 23 65658.469223847
86 23 -39678.368839673
87 23 26637.456177927
88 23 -7699.192986450
89 23 -22044.126422069
90 23 -13208.272879959
91 23 30842.417853023
92 23 -17807.536830716
93 23 10861.431512974
94 23 -3129.696522791
95 23 -9578.934113343
96 23 -6411.136788049
97 23 31038.121523360
98 23 -23792.992922077
99 23 14623.268951764
100 23 -4712.600409011
101 23 -10789.701261626
102 23 -7904.678367830
103 23 29756.629572292
104 23 -17761.883888023
105 23 9807.743778498
106 23 -3173.997576445
107 23 -9138.453269885
108 23 -6475.718756021
109 23 32684.065637951
110 23 -17673.267153407
111 23 12196.032327907
112 23 -2907.494873766
113 23 -10294.886446588
114 23 -6839.863581472
115 23 21459.272537488
116 23 -7430.575665087
117 23 10531.756516143
118 23 -678.450975827
119 23 -7385.380035092
120 23 -3637.006832803
121 23 31331.911965245
122 23 -8807.382844436
123 23 17645.208768598
124 23 -369.572988526
125 23 -11405.346408445
126 23 -4862.726422607
127 23 26711.612631373
128 23 -7368.917833275
129 23 14231.798192327
130 23 -327.091393365
131 23 -9762.720821939
132 23 -4284.063860674
133 23 32469.207518847
134 23 -10930.118176806
135 23 15598.260513796
136 23 -998.572363179
137 23 -11784.576478189
138 23 -5852.424732269
139 23 44396.327861997
140 23 -14695.663527383
141 23 19296.179955558
142 23 -2643.072970954
143 23 -17472.857566857
144 23 -6689.769613530
145 23 66254.814151537
146 23 -21747.339676671
147 23 28373.860689491
148 23 -3961.303309820
149 23 -27265.106863006
150 23 -10104.647272735
1 24 -93852.853426008
2 24 269452.012073611
3 24 34383.232048108
4 24 288835.600010504
5 24 83806.378230806
6 24 -126893.223102094
7 24 -103857.059771365
8 24 412532.510725908
9 24 43512.926714256
10 24 486753.123293053
11 24 124420.497024382
12 24 -294501.168020894
13 24 -150374.440771979
14 24 282322.078826148
15 24 13052.766523603
16 24 399262.250227430
17 24 180167.400671386
18 24 -298194.643820301
19 24 -381035.640989120
20 24 570220.035108562
21 24 2024.822192041
22 24 -2295770.700294268
23 24 191396.319046730
24 24 5108078.823531397
25 24 87195.080278544
26 24 540999.144470414
27 24 -30888.994298913
28 24 581426.014489783
29 24 -98424.154757448
30 24 -636686.234128145
31 24 217136.243267500
32 24 211875.294576499
33 24 -31838.833329466
34 24 220951.150948669
35 24 -140334.786943134
36 24 -364027.501014998
37 24 28819.136775872
38 24 39889.465684627
39 24 -14606.704385807
40 24 55354.042121243
41 24 -19011.530459892
42 24 -178987.282516451
43 24 19195.703860459
44 24 -126306.221169423
45 24 -16672.584541759
46 24 -33263.817947094
47 24 -6228.367635966
48 24 -61412.559265763
49 24 35005.459941516
50 24 -75776.714023978
51 24 -16993.419295447
52 24 -22707.000725202
53 24 -9652.075456876
54 24 -33153.421692645
55 24 -6467.923388978
56 24 -84191.245161892
57 24 -14508.597749196
58 24 -27106.629028994
59 24 4662.370463723
60 24 -12631.777896376
61 24 -6654.385715011
62 24 -57739.805580707
63 24 -12148.286004494
64 24 -16312.096037306
65 24 4737.331436505
66 24 -10845.892646678
67 24 9339.260298529
68 24 -57636.857338203
69 24 -9605.871435280
70 24 -14691.498981322
71 24 264.049033938
72 24 -11558.949235583
73 24 -4815.819787766
74 24 -60752.979523569
75 24 -13497.046010574
76 24 -16327.175323667
77 24 4712.210402894
78 24 -12288.433928791
79 24 6225.730089455
80 24 -60113.137646132
81 24 -14198.105797011
82 24 -14919.227761803
83 24 2219.174333365
84 24 -13172.089671269
85 24 -252.569771889
86 24 -36589.417861315
87 24 -11369.529447646
88 24 -9491.536080074
89 24 2869.513444807
90 24 -7933.508833595
91 24 -631.906507413
92 24 -10427.614699050
93 24 -4631.503637760
94 24 -2853.979025407
95 24 1058.286502527
96 24 -1821.776125001
97 24 -3495.885465711
98 24 -17948.037688962
99 24 -8535.421217129
100 24 -5078.307569344
101 24 2895.686426539
102 24 -3863.483867426
103 24 -1518.409575300
104 24 -8352.279723626
105 24 -4357.765055269
106 24 -2315.475589722
107 24 1230.094293076
108 24 -1380.961222684
109 24 -539.308203070
110 24 -9444.189516739
111 24 -4387.259313618
112 24 -2630.196308595
113 24 996.547207829
114 24 -1700.773280107
115 24 954.025714130
116 24 -8193.917627655
117 24 -2609.875038553
118 24 -2164.277987082
119 24 337.407459661
120 24 -1682.040717100
121 24 2839.889224179
122 24 -15012.624725723
123 24 -3722.426948978
124 24 -3844.075747801
125 24 183.704144191
126 24 -3357.274053224
127 24 2646.080829702
128 24 -11296.427426602
129 24 -2682.362385516
130 24 -2968.116298478
131 24 -20.293920536
132 24 -2653.628168496
133 24 3857.551319082
134 24 -12342.637247788
135 24 -2709.025614503
136 24 -3430.769862361
137 24 -351.805802504
138 24 -2945.261339307
139 24 -980.167439318
140 24 -15257.349163477
141 24 -4506.794529311
142 24 -4421.651128095
143 24 1524.959841386
144 24 -3300.928913467
145 24 2980.150653111
146 24 -26209.335271071
147 24 -5162.571509795
148 24 -7687.948427500
149 24 973.837107281
150 24 -6691.937714926
1 25 -895650.938347313
2 25 43124.498550243
3 25 -127145.667508439
4 25 -25457.682627099
5 25 648684.302170836
6 25 115814.253525802
7 25 -1486456.866710518
8 25 193026.028021525
9 25 -157648.010592196
10 25 44446.043315159
11 25 1059307.037710758
12 25 163293.314352500
13 25 -1570553.636360839
14 25 205580.466785888
15 25 -186087.433926540
16 25 73316.364354980
17 25 1150051.205230896
18 25 74779.835446490
19 25 -2784810.123003881
20 25 38870.403976115
21 25 39199.231634569
22 25 35335.509214465
23 25 2031381.914117760
24 25 87195.080278544
25 25 37414723.904919229
26 25 -1459979.361371330
27 25 5013322.527207434
28 25 -188703.451556124
29 25 -21309883.903943233
30 25 114603.049208465
31 25 -2330276.907142300
32 25 -121918.892564410
33 25 121076.673759241
34 25 -78783.115972559
35 25 1434101.137768593
36 25 264787.699363267
37 25 -1729667.344555007
38 25 154823.218519622
39 25 50964.291150068
40 25 56121.612705582
41 25 925482.436943519
42 25 143469.406516554
43 25 -863166.194125254
44 25 106222.299116340
45 25 -121521.132691572
46 25 30175.598679627
47 25 372096.981121577
48 25 50904.854363263
49 25 -630981.111156447
50 25 135139.657312682
51 25 -53387.357950823
52 25 39624.203040605
53 25 236688.427882009
54 25 48529.099235551
55 25 -398216.799709160
56 25 112040.940387337
57 25 -83855.952910169
58 25 32592.488776817
59 25 142250.792748959
60 25 28999.965156133
61 25 -249388.867536607
62 25 115171.272848189
63 25 -89729.701414578
64 25 28844.455182729
65 25 89260.157246053
66 25 31647.095044781
67 25 -244159.961191656
68 25 135232.773604935
69 25 -85249.993068216
70 25 29699.659036777
71 25 82557.240438891
72 25 38550.505382184
73 25 -265461.740098594
74 25 137831.754226052
75 25 -113542.249050816
76 25 31698.494653346
77 25 94996.915254407
78 25 35544.235334890
79 25 -252937.605572538
80 25 153126.117380921
81 25 -110502.999403919
82 25 29627.258752224
83 25 86159.990814980
84 25 45531.792007316
85 25 -187558.156601926
86 25 107349.709160462
87 25 -79258.980258464
88 25 20373.275261388
89 25 62939.754918750
90 25 35302.495686243
91 25 -93822.792964157
92 25 55878.940620569
93 25 -37590.168651167
94 25 9613.315990473
95 25 29798.853697885
96 25 19516.120260073
97 25 -97328.672198200
98 25 61075.535075914
99 25 -48328.486042203
100 25 11044.793442769
101 25 34221.949751360
102 25 20599.054561885
103 25 -94138.392647225
104 25 57444.581466431
105 25 -36287.892635525
106 25 10630.018011566
107 25 30439.634454365
108 25 19330.718800144
109 25 -76868.755058810
110 25 42371.114641665
111 25 -31914.764519284
112 25 6919.965806212
113 25 24747.054718951
114 25 15574.416943852
115 25 -44044.498350539
116 25 14785.725371919
117 25 -25556.463840780
118 25 1044.447642396
119 25 15649.139605627
120 25 7180.942586124
121 25 -52979.586312897
122 25 12522.880434195
123 25 -31005.991355825
124 25 279.666536147
125 25 19823.590600698
126 25 7517.816798689
127 25 -38814.110612964
128 25 9370.300637046
129 25 -21098.924386517
130 25 422.931709433
131 25 14584.582588381
132 25 5626.906023908
133 25 -63625.287613664
134 25 21195.324295969
135 25 -22630.204473355
136 25 3680.902856802
137 25 23873.609955567
138 25 9404.390283665
139 25 -125932.081445858
140 25 36872.077839958
141 25 -48854.401410596
142 25 7552.721749357
143 25 50406.208811796
144 25 17338.853368867
145 25 -220765.342775238
146 25 63814.045237706
147 25 -74870.124571450
148 25 13004.455260711
149 25 91199.005083669
150 25 34118.181070058
1 26 161341.480729532
2 26 -1224744.421194683
3 26 -164804.289174993
4 26 -738931.390403760
5 26 -40413.512998551
6 26 -42554.195351581
7 26 172428.757225519
8 26 -2030041.854644564
9 26 -274799.972241175
10 26 -1246077.870111596
11 26 -33949.802077198
12 26 -2569.220352997
13 26 182519.404619332
14 26 -2370889.227324400
15 26 -226566.789694868
16 26 -1395176.471244000
17 26 -61730.323680152
18 26 -36568.323819950
19 26 -28120.268564884
20 26 -4632952.937191202
21 26 -215114.083401781
22 26 -2758464.810035294
23 26 9159.500403822
24 26 540999.144470414
25 26 -1459979.361371330
26 26 53469952.319187663
27 26 206042.920786969
28 26 24805319.981586333
29 26 175271.428621886
30 26 -264788.774420670
31 26 -144451.898152624
32 26 -3931431.958974282
33 26 -350277.537353665
34 26 -1952101.939363112
35 26 58643.478584203
36 26 463751.216754385
37 26 -255901.202230838
38 26 -2867288.708315605
39 26 -273573.970329342
40 26 -1238592.257068024
41 26 118754.651916885
42 26 205032.479421146
43 26 -137195.638330129
44 26 -1458127.406682315
45 26 -146215.525584370
46 26 -516943.259359660
47 26 65001.515407060
48 26 -57159.234634381
49 26 -108951.242548284
50 26 -900328.574395988
51 26 -138496.187096116
52 26 -300811.342756021
53 26 49274.653179492
54 26 -23367.074439884
55 26 -110739.321936369
56 26 -521173.673092893
57 26 -103183.521682512
58 26 -172609.598287945
59 26 48650.045601480
60 26 -52259.600232671
61 26 -65537.743581880
62 26 -379612.858665734
63 26 -97192.311401736
64 26 -113595.666581652
65 26 36015.778616052
66 26 -59862.822951725
67 26 -19447.985168879
68 26 -359407.973616350
69 26 -94614.958780197
70 26 -102216.947249644
71 26 23377.814453754
72 26 -57732.864074755
73 26 -51007.185990440
74 26 -427614.580635517
75 26 -106101.893574548
76 26 -120795.441081431
77 26 35285.781616213
78 26 -75911.742164265
79 26 -535.592207008
80 26 -393907.927290673
81 26 -111894.616771479
82 26 -105836.509129411
83 26 24118.519102656
84 26 -76366.529616846
85 26 -800.161897848
86 26 -255533.413097124
87 26 -85308.844923852
88 26 -71214.846162092
89 26 16442.089194637
90 26 -47610.467268231
91 26 2361.739120780
92 26 -108122.677364658
93 26 -44145.539010264
94 26 -30466.691665545
95 26 7012.137228178
96 26 -18710.133064951
97 26 -7286.508190962
98 26 -136266.546357387
99 26 -52781.799452374
100 26 -38089.374254488
101 26 12544.629158791
102 26 -27332.029559773
103 26 -2298.191466920
104 26 -107587.684549127
105 26 -44113.206587744
106 26 -30313.657461265
107 26 8021.641994817
108 26 -18040.615803221
109 26 8517.149926564
110 26 -89545.522228919
111 26 -33228.773303159
112 26 -25116.960040746
113 26 3574.939939058
114 26 -16142.369054067
115 26 14390.784040585
116 26 -68834.182443861
117 26 -17431.874869337
118 26 -18031.171433611
119 26 -293.793376768
120 26 -14093.434311999
121 26 18566.663849306
122 26 -83375.024923357
123 26 -18067.900826118
124 26 -22926.432821815
125 26 -1476.898895325
126 26 -17294.900219052
127 26 12392.737663665
128 26 -56031.861592447
129 26 -12692.615359487
130 26 -16150.454878019
131 26 -1022.961164432
132 26 -11481.017911027
133 26 17495.466746304
134 26 -91028.874856851
135 26 -23418.183624171
136 26 -28699.891611875
137 26 -2170.316799186
138 26 -13548.010617423
139 26 12728.556843943
140 26 -155653.271327827
141 26 -35762.702626841
142 26 -50698.799479988
143 26 2255.458384240
144 26 -27362.994418226
145 26 35911.829471464
146 26 -262362.277466220
147 26 -57137.393316580
148 26 -90345.187172762
149 26 -731.105257098
150 26 -48011.850195336
1 27 203682.066253880
2 27 85373.784834698
3 27 -139304.048786993
4 27 53740.574759032
5 27 -225198.480957406
6 27 -49935.670623394
7 27 190100.225976458
8 27 96127.774713147
9 27 -275338.051315137
10 27 59377.007500372
11 27 -290915.813531385
12 27 -51180.208662408
13 27 94880.747484918
14 27 148189.968796449
15 27 -333276.449231299
16 27 111053.026621804
17 27 -240636.133686555
18 27 -20105.709071734
19 27 189279.100791514
20 27 -35869.291945366
21 27 -763242.230049854
22 27 -47750.043356576
23 27 -469794.048312449
24 27 -30888.994298913
25 27 5013322.527207434
26 27 206042.920786969
27 27 11485527.819661640
28 27 -47178.861691646
29 27 475785.950999309
30 27 13432.022934239
31 27 9071.406939395
32 27 -49820.936267222
33 27 -678896.562850299
34 27 -94365.198542216
35 27 -225834.127450479
36 27 121.761558354
37 27 -115303.123387868
38 27 53027.908042537
39 27 -487289.493926212
40 27 -18026.677956186
41 27 -58176.125848755
42 27 2190.046619986
43 27 -213855.346369050
44 27 72410.022456938
45 27 -259003.462853231
46 27 13901.543732122
47 27 67039.544062327
48 27 9587.187379831
49 27 -193249.677294041
50 27 51055.785534454
51 27 -157603.800948673
52 27 8660.036834807
53 27 61908.394087611
54 27 10248.370706055
55 27 -180710.366382124
56 27 66972.027607107
57 27 -81450.482109715
58 27 19105.335208713
59 27 64982.670150441
60 27 14470.914319752
61 27 -113390.837929177
62 27 76399.422804438
63 27 -72031.970104050
64 27 19342.539812603
65 27 43068.250410333
66 27 17825.267912533
67 27 -100137.880548656
68 27 58617.244132681
69 27 -67910.517452080
70 27 12156.727488739
71 27 36429.269318627
72 27 15447.544137066
73 27 -115775.085468380
74 27 101249.951337649
75 27 -75355.846253473
76 27 25355.074713821
77 27 44587.613600710
78 27 23397.378142345
79 27 -104057.494473982
80 27 101510.259063519
81 27 -67509.452302679
82 27 22186.566945347
83 27 38544.542896409
84 27 26800.336503564
85 27 -73589.675883645
86 27 73033.582356515
87 27 -39964.346890524
88 27 15527.330173166
89 27 25709.926072213
90 27 19888.069082796
91 27 -34335.401291987
92 27 34224.664407290
93 27 -13989.335718279
94 27 6775.486849065
95 27 10558.389883106
96 27 9450.715328578
97 27 -41683.788834749
98 27 60887.699888361
99 27 -19791.514634975
100 27 13793.923676566
101 27 14361.215467850
102 27 16375.584166450
103 27 -28947.087888592
104 27 41884.444846296
105 27 -10194.481394766
106 27 9116.372136207
107 27 8696.043165961
108 27 10042.435535349
109 27 -23164.691093166
110 27 26241.987303767
111 27 -8566.807450104
112 27 5384.213482191
113 27 6936.827416415
114 27 6936.178697093
115 27 -15560.601595558
116 27 13495.455935437
117 27 -8040.829922068
118 27 2393.295164914
119 27 5148.152165686
120 27 4018.805059917
121 27 -17009.494674876
122 27 13702.755362382
123 27 -9099.942970990
124 27 2612.497248922
125 27 6002.342578972
126 27 4189.251250994
127 27 -10968.173708312
128 27 8647.718450987
129 27 -5720.578334951
130 27 1732.128649159
131 27 3939.838434690
132 27 2671.251639602
133 27 -4271.272697773
134 27 14587.199107697
135 27 -8783.450233589
136 27 3325.308809434
137 27 1587.457446151
138 27 2421.531236998
139 27 -20210.836021662
140 27 30430.418457718
141 27 -14653.458959241
142 27 8192.887604077
143 27 7782.789808427
144 27 6157.596384035
145 27 -31854.968694781
146 27 34636.867334585
147 27 -31381.378461181
148 27 8361.710019329
149 27 13314.769508035
150 27 7471.275339876
1 28 38407.450298518
2 28 -652731.611761993
3 28 -104750.864229218
4 28 -492559.518640840
5 28 1005.562386407
6 28 -17529.061799896
7 28 17451.351217143
8 28 -1107994.610668522
9 28 -156787.596820157
10 28 -868307.364087752
11 28 21876.703833949
12 28 37410.624261384
13 28 29790.554970172
14 28 -1281319.497596285
15 28 -103902.025335359
16 28 -1002972.939876326
17 28 7171.257741428
18 28 40308.685131022
19 28 -31495.561755128
20 28 -2597793.256650047
21 28 -138291.806609465
22 28 -1972965.373066252
23 28 -7593.773254459
24 28 581426.014489783
25 28 -188703.451556124
26 28 24805319.981586333
27 28 -47178.861691646
28 28 14901206.457249131
29 28 -84837.913486584
30 28 -2837296.867828704
31 28 -97102.560345363
32 28 -2159476.575459017
33 28 -242704.436892195
34 28 -1290639.977708838
35 28 -6288.647166309
36 28 517199.497111695
37 28 -157653.677068909
38 28 -1483160.234733057
39 28 -151407.312808504
40 28 -747181.505994681
41 28 55596.626516881
42 28 279792.858310239
43 28 -64141.715891389
44 28 -577427.941510069
45 28 -59942.655396678
46 28 -224832.413788508
47 28 22900.327341713
48 28 26018.308847553
49 28 -59082.598801313
50 28 -357215.889640912
51 28 -53909.769131630
52 28 -125490.807839067
53 28 20587.393149276
54 28 18298.035266679
55 28 -39219.003027624
56 28 -178343.376169478
57 28 -33692.547663188
58 28 -60907.119729716
59 28 16128.553883386
60 28 -11455.927666811
61 28 -22670.752894079
62 28 -125299.703932702
63 28 -31920.029851549
64 28 -39276.851394316
65 28 11292.458102330
66 28 -16052.465073691
67 28 -12658.297223996
68 28 -118959.253526985
69 28 -33190.208951868
70 28 -36140.890850037
71 28 8700.990704121
72 28 -14996.189548239
73 28 -16781.948874189
74 28 -139293.084110952
75 28 -32538.452306315
76 28 -40558.223875577
77 28 10773.364247136
78 28 -22582.534043576
79 28 -1691.890718419
80 28 -129634.798075303
81 28 -35466.771291773
82 28 -36042.529190443
83 28 7501.778514662
84 28 -23252.645323732
85 28 445.507819201
86 28 -89784.280322498
87 28 -28718.554206429
88 28 -25635.979031780
89 28 5037.662353163
90 28 -15720.591218729
91 28 1456.812302701
92 28 -39928.629627955
93 28 -15732.696010582
94 28 -11487.348028784
95 28 2225.766880489
96 28 -6635.864087842
97 28 212.694861752
98 28 -50023.533937412
99 28 -16589.071289503
100 28 -14047.165158541
101 28 3099.911985101
102 28 -9854.247973640
103 28 226.346650084
104 28 -41512.312736126
105 28 -15886.934093389
106 28 -11969.099174555
107 28 2466.026356385
108 28 -6588.710439796
109 28 3937.699838610
110 28 -35521.439515543
111 28 -12654.703200814
112 28 -10151.447612827
113 28 1106.188439427
114 28 -6201.340849971
115 28 6031.811867689
116 28 -26248.642723032
117 28 -6352.105234658
118 28 -7037.158469350
119 28 -365.030573499
120 28 -5280.901905350
121 28 8094.614785231
122 28 -33342.036520667
123 28 -6888.914115271
124 28 -9370.180066289
125 28 -910.263248050
126 28 -6792.330382040
127 28 5445.244715627
128 28 -23132.608914708
129 28 -5064.132877728
130 28 -6815.524126302
131 28 -598.788685299
132 28 -4628.686230434
133 28 5713.375715372
134 28 -38676.045534810
135 28 -9379.439227305
136 28 -12364.750254853
137 28 -426.156999095
138 28 -5235.571434402
139 28 5925.970136703
140 28 -68700.479662818
141 28 -16210.744165414
142 28 -23894.748388721
143 28 225.168085203
144 28 -10531.998957547
145 28 12695.167299841
146 28 -117298.922094458
147 28 -28092.564508386
148 28 -43723.847580514
149 28 -685.160746401
150 28 -16914.954721878
1 29 676388.245412277
2 29 25002.606617468
3 29 55634.779612705
4 29 47330.495728884
5 29 -561353.375678686
6 29 -123103.303856298
7 29 1070796.811433336
8 29 -29102.971115306
9 29 22665.650270502
10 29 15154.396940086
11 29 -919389.983358547
12 29 -151554.214856056
13 29 1131158.068083679
14 29 -41791.440995885
15 29 27388.478156521
16 29 4283.006066589
17 29 -1006726.791198991
18 29 -74961.759061960
19 29 1996948.415046308
20 29 -11781.493764273
21 29 -323238.866040894
22 29 -42110.681372424
23 29 -1750607.905289650
24 29 -98424.154757448
25 29 -21309883.903943233
26 29 175271.428621886
27 29 475785.950999309
28 29 -84837.913486584
29 29 15284137.603559790
30 29 41906.426584341
31 29 1547973.201611471
32 29 118068.688239467
33 29 -353597.322228222
34 29 30434.055125783
35 29 -1127076.917465222
36 29 -209536.101340618
37 29 1072585.158110963
38 29 -29233.378588746
39 29 -221148.177503007
40 29 -32299.959663077
41 29 -669486.707823469
42 29 -112221.068548305
43 29 430098.826204102
44 29 -30518.783385196
45 29 8962.084994552
46 29 -13739.113884764
47 29 -204155.406296236
48 29 -34548.841112835
49 29 305122.051260338
50 29 -40588.102372048
51 29 -5289.813839137
52 29 -16027.047525505
53 29 -124029.923530930
54 29 -27436.844319177
55 29 174308.929216689
56 29 -49225.765424158
57 29 33540.763598183
58 29 -15283.721509091
59 29 -64001.323501999
60 29 -13546.281496278
61 29 112049.268417543
62 29 -52826.444390218
63 29 37710.911688382
64 29 -14178.999904671
65 29 -41030.470883093
66 29 -15285.879862715
67 29 107606.994011297
68 29 -52767.540055794
69 29 34269.617815748
70 29 -12596.517955904
71 29 -37944.608801081
72 29 -16605.095186968
73 29 112801.166834317
74 29 -64280.983434234
75 29 49263.656377652
76 29 -15492.120273160
77 29 -40901.457550277
78 29 -16193.558918466
79 29 106094.697615819
80 29 -68649.757571888
81 29 47332.524055179
82 29 -14092.086899168
83 29 -36820.090975622
84 29 -20028.446596841
85 29 80946.949528226
86 29 -50323.560524108
87 29 33589.122398508
88 29 -9956.846330084
89 29 -27228.128439231
90 29 -16099.522622040
91 29 40922.498883138
92 29 -25247.708067723
93 29 15356.683494429
94 29 -4519.651480075
95 29 -12903.489117588
96 29 -8712.640530660
97 29 42802.304861069
98 29 -33077.316752729
99 29 19782.194885234
100 29 -6592.857649560
101 29 -14812.866806451
102 29 -10559.528788977
103 29 41608.052577953
104 29 -27044.156734905
105 29 14437.829346857
106 29 -5228.084929462
107 29 -13247.752195122
108 29 -8915.979964998
109 29 34252.596351263
110 29 -19645.112635592
111 29 13230.936626998
112 29 -3352.305519548
113 29 -10913.997623855
114 29 -7113.529400421
115 29 19673.796708679
116 29 -7424.993540710
117 29 10692.614769083
118 29 -711.257764591
119 29 -6894.964969931
120 29 -3386.686013389
121 29 24309.106953153
122 29 -6796.920820426
123 29 13437.111082149
124 29 -441.534576973
125 29 -8988.054154448
126 29 -3685.108799974
127 29 17959.354001711
128 29 -4864.544788340
129 29 9294.102144797
130 29 -362.644222673
131 29 -6694.679426298
132 29 -2724.586011308
133 29 33797.957442726
134 29 -8671.765274106
135 29 9459.079671983
136 29 -1359.167933017
137 29 -12549.293561054
138 29 -4990.913070232
139 29 63968.016685417
140 29 -17724.172409632
141 29 20235.250628144
142 29 -3989.144147997
143 29 -25692.321145877
144 29 -9535.089696186
145 29 116117.242808250
146 29 -26190.767018238
147 29 29766.874642778
148 29 -5734.071153279
149 29 -48793.253104596
150 29 -18752.317614323
1 30 -17293.621665144
2 30 166672.608728382
3 30 41811.162691032
4 30 210762.758212375
5 30 17616.868378926
6 30 -65213.576630585
7 30 -21718.450692910
8 30 232183.935206894
9 30 44453.799073427
10 30 331154.118541611
11 30 51213.199362597
12 30 -152952.431302426
13 30 -104006.453039339
14 30 175742.501478234
15 30 15538.676335511
16 30 314940.803791724
17 30 127697.186772195
18 30 -178500.059456267
19 30 27602.105801596
20 30 606854.869736197
21 30 30508.909178641
22 30 740364.857699550
23 30 -12965.731314092
24 30 -636686.234128145
25 30 114603.049208465
26 30 -264788.774420670
27 30 13432.022934239
28 30 -2837296.867828704
29 30 41906.426584341
30 30 5223806.513944487
31 30 176061.569296356
32 30 492626.042268878
33 30 10379.268549843
34 30 427042.206200052
35 30 -102020.842669185
36 30 -517217.753421608
37 30 77486.746889492
38 30 242117.341117667
39 30 -907.770091004
40 30 188634.058123120
41 30 -37024.198945742
42 30 -298550.999612951
43 30 5145.345793584
44 30 -39279.598463414
45 30 -11300.036552075
46 30 2591.779149749
47 30 2186.603625095
48 30 -108628.561727726
49 30 14776.922871510
50 30 -30723.155375969
51 30 -10081.314093646
52 30 -7841.374483380
53 30 688.651322261
54 30 -53499.449389250
55 30 -20697.939506247
56 30 -86069.521671945
57 30 -16665.291190213
58 30 -26993.730606145
59 30 10130.143203104
60 30 -16228.421371668
61 30 -12662.822544540
62 30 -69566.810560508
63 30 -17464.158772223
64 30 -19200.936679664
65 30 7775.833327166
66 30 -15209.601321970
67 30 238.048997063
68 30 -61152.622780552
69 30 -13476.511234339
70 30 -15217.693158577
71 30 3781.049664655
72 30 -14275.235902306
73 30 -18218.002262334
74 30 -78368.333249014
75 30 -21573.225885195
76 30 -20964.061067644
77 30 10371.780696684
78 30 -16194.439575838
79 30 -7609.056937614
80 30 -69983.329759230
81 30 -21630.691203692
82 30 -17577.108316593
83 30 7820.240193726
84 30 -15396.619453396
85 30 -5754.849608878
86 30 -41427.695546060
87 30 -15982.701357990
88 30 -10898.145470521
89 30 5214.152414680
90 30 -8586.939569771
91 30 -3131.457071815
92 30 -13768.613807475
93 30 -7350.340926787
94 30 -3773.036088244
95 30 2255.902381152
96 30 -2373.400728313
97 30 -7978.880639202
98 30 -21183.609217483
99 30 -12296.126757573
100 30 -5928.530748449
101 30 4907.527138743
102 30 -4337.570676158
103 30 -7191.491427042
104 30 -10291.913550276
105 30 -7550.668724938
106 30 -2784.870954412
107 30 3435.898503917
108 30 -1567.354174906
109 30 -3104.549775891
110 30 -8891.760705928
111 30 -5351.433912223
112 30 -2438.413261990
113 30 1894.148835495
114 30 -1504.137185639
115 30 -181.523933745
116 30 -8445.923707708
117 30 -3302.605602287
118 30 -2183.966260630
119 30 742.773359576
120 30 -1666.108154519
121 30 -181.360166496
122 30 -10000.101994979
123 30 -3555.810556756
124 30 -2703.318401007
125 30 811.108156046
126 30 -2014.411288808
127 30 -337.181878271
128 30 -6201.528735906
129 30 -2311.027756603
130 30 -1737.195110382
131 30 600.449394051
132 30 -1247.774330507
133 30 -3281.333285673
134 30 1233.177430946
135 30 239.712905105
136 30 1169.619684095
137 30 2025.450819982
138 30 -2100.655018320
139 30 -6960.030126382
140 30 -10543.231470894
141 30 -4854.651095543
142 30 -2169.449024717
143 30 3965.679293345
144 30 -3249.088840738
145 30 -1327.878984375
146 30 -18556.049906685
147 30 -4538.927491675
148 30 -3269.171664717
149 30 3361.799730190
150 30 -8838.992690403
1 31 -800514.256811122
2 31 65615.955523820
3 31 -197059.638863412
4 31 -30420.866622680
5 31 511219.234598070
6 31 82592.232104814
7 31 -1077127.313557710
8 31 130794.636626274
9 31 -192604.737734990
10 31 4536.833697236
11 31 720706.416695312
12 31 135178.635358917
13 31 -1121990.903416743
14 31 171090.242255965
15 31 -210112.240445265
16 31 26926.449990366
17 31 720147.579475346
18 31 98504.465899242
19 31 -1752907.586627070
20 31 -87218.708940431
21 31 -137302.208433163
22 31 -66432.065621304
23 31 1157016.758853241
24 31 217136.243267500
25 31 -2330276.907142300
26 31 -144451.898152624
27 31 9071.406939395
28 31 -97102.560345363
29 31 1547973.201611471
30 31 176061.569296356
31 31 40303453.207080409
32 31 -2047527.618304485
33 31 4796901.675669222
34 31 -79884.652472246
35 31 -21150378.022159364
36 31 -2314900.600151610
37 31 -2398743.450311528
38 31 118413.242619138
39 31 89351.248951773
40 31 48600.898880375
41 31 1316093.689392711
42 31 239729.008559673
43 31 -1483456.294402717
44 31 23867.205957759
45 31 14150.660301723
46 31 15320.781608388
47 31 733720.211296567
48 31 161068.991793176
49 31 -880706.439676563
50 31 117676.385648840
51 31 24086.684880272
52 31 44638.266224118
53 31 351537.427838945
54 31 90193.244668069
55 31 -511818.290555545
56 31 185812.562860028
57 31 -50037.038730575
58 31 56853.968026049
59 31 187275.334866156
60 31 42794.347438534
61 31 -266666.882819891
62 31 136677.137312113
63 31 -72693.642104536
64 31 35257.140092837
65 31 94413.002431492
66 31 35914.077177548
67 31 -269996.291562657
68 31 144159.560842990
69 31 -86952.332734267
70 31 33552.874337572
71 31 93114.060152343
72 31 42269.755086331
73 31 -249324.238253891
74 31 140140.092768882
75 31 -91593.061900980
76 31 31821.769277481
77 31 86059.358313882
78 31 37929.378959216
79 31 -241277.270998594
80 31 150648.864704027
81 31 -99000.918470497
82 31 29197.991113497
83 31 81075.253016168
84 31 45834.789800558
85 31 -176023.399500920
86 31 100652.321255207
87 31 -65178.493450586
88 31 19510.482283153
89 31 57987.956917364
90 31 34599.268915199
91 31 -91856.754778074
92 31 47898.508723173
93 31 -30482.348713863
94 31 9394.858722104
95 31 29972.278020100
96 31 17880.969147597
97 31 -96072.222147172
98 31 58911.126405533
99 31 -45916.562072980
100 31 11534.549643891
101 31 34770.886518675
102 31 19843.389245903
103 31 -87396.546405261
104 31 46370.812852261
105 31 -24375.721682635
106 31 9216.210616487
107 31 27433.607670241
108 31 17665.667653032
109 31 -72648.236705749
110 31 35905.284364465
111 31 -22844.485255134
112 31 6520.224549864
113 31 22913.564527997
114 31 14159.729877165
115 31 -49392.901249419
116 31 14096.458873856
117 31 -18789.475538663
118 31 1627.943214850
119 31 16851.908641487
120 31 7758.426195536
121 31 -60664.395027535
122 31 15515.828092107
123 31 -26696.630907942
124 31 1038.842442620
125 31 21476.533973202
126 31 9198.162761510
127 31 -80142.163636395
128 31 20553.972658343
129 31 -38157.572779221
130 31 1352.339487381
131 31 29285.631512955
132 31 12372.715798733
133 31 -91641.369317318
134 31 30960.169135123
135 31 -33471.663745050
136 31 4458.973654446
137 31 33243.097486970
138 31 15373.710085982
139 31 -158808.314971965
140 31 44331.410820823
141 31 -26480.776062265
142 31 13302.446315808
143 31 66407.420929011
144 31 23622.889325964
145 31 -304032.581040345
146 31 86636.425066481
147 31 -87150.651267492
148 31 21317.307155810
149 31 128641.742575047
150 31 43331.913313315
1 32 181669.028342405
2 32 -1035211.018343782
3 32 -95286.962299190
4 32 -529380.020698624
5 32 -12828.607673333
6 32 -99950.240948936
7 32 121933.265938478
8 32 -1538781.893213400
9 32 -167541.019875893
10 32 -856511.605131262
11 32 27408.708515923
12 32 -64718.173869703
13 32 165623.544287897
14 32 -1704238.140723331
15 32 -143093.329346976
16 32 -880956.570606664
17 32 -11173.514360528
18 32 -90234.141892840
19 32 -138506.618281468
20 32 -2939393.882116138
21 32 -140146.405891911
22 32 -1575085.323251055
23 32 132113.578122585
24 32 211875.294576499
25 32 -121918.892564410
26 32 -3931431.958974282
27 32 -49820.936267222
28 32 -2159476.575459017
29 32 118068.688239467
30 32 492626.042268878
31 32 -2047527.618304484
32 32 56864175.399897516
33 32 2775234.855959418
34 32 24840797.385943554
35 32 57786.005729606
36 32 -171591.703591332
37 32 -384452.891194310
38 32 -4088935.825693167
39 32 -261850.520983028
40 32 -1840177.222478906
41 32 187059.221817332
42 32 364569.583335213
43 32 -283683.154223087
44 32 -2538575.490709772
45 32 -189637.467799723
46 32 -1032402.946286962
47 32 119770.591516753
48 32 148508.136538181
49 32 -166237.833189764
50 32 -1261452.384263585
51 32 -152806.229439778
52 32 -446624.050725020
53 32 64774.456420805
54 32 57102.993098099
55 32 -72988.795651857
56 32 -736477.851008005
57 32 -124827.387383137
58 32 -246186.921125204
59 32 35872.387663460
60 32 -26315.517430576
61 32 -48101.460758573
62 32 -443075.524934324
63 32 -92796.001022757
64 32 -133237.292065671
65 32 28219.826798282
66 32 -53593.387509941
67 32 -17363.247634397
68 32 -420338.053806480
69 32 -94383.684438399
70 32 -122889.021596958
71 32 21762.790421475
72 32 -64445.482440133
73 32 -7445.797794885
74 32 -387205.890110801
75 32 -84861.409206921
76 32 -109861.196073217
77 32 18433.983729646
78 32 -65494.153369812
79 32 22622.453139632
80 32 -394403.698647377
81 32 -96719.998083389
82 32 -106244.873712501
83 32 14535.652350377
84 32 -76493.759382225
85 32 15709.938995840
86 32 -243919.530890023
87 32 -72944.803966929
88 32 -69010.608781006
89 32 9310.660797393
90 32 -45283.300978421
91 32 1859.569751541
92 32 -111655.260305268
93 32 -41299.850612881
94 32 -33010.975101322
95 32 5901.954248476
96 32 -18113.573133530
97 32 -3624.461222384
98 32 -161341.165970607
99 32 -51294.224561464
100 32 -44952.797015461
101 32 10885.538668931
102 32 -32373.850174730
103 32 3326.672651672
104 32 -93089.592257144
105 32 -37811.687025884
106 32 -28349.196828980
107 32 4641.240451039
108 32 -14171.563637362
109 32 9937.721388781
110 32 -78089.379978087
111 32 -28891.664062159
112 32 -23634.500363468
113 32 1784.072831692
114 32 -12670.628490363
115 32 15067.596767087
116 32 -57784.083619097
117 32 -15929.784926698
118 32 -17950.938878287
119 32 -1742.402667860
120 32 -10063.288314375
121 32 24659.872288227
122 32 -79124.147206230
123 32 -17672.844330024
124 32 -23741.418737326
125 32 -3627.406316838
126 32 -15237.158586860
127 32 30459.990195029
128 32 -110034.675172866
129 32 -24355.716138960
130 32 -32837.832901067
131 32 -4045.265030715
132 32 -22223.839747486
133 32 29850.141143143
134 32 -123445.091268467
135 32 -30411.406360127
136 32 -39099.582209009
137 32 -3751.594511053
138 32 -20521.316042132
139 32 17865.868526521
140 32 -186670.238871007
141 32 -48639.695020759
142 32 -73733.759632082
143 32 -1940.729950434
144 32 -16725.345163811
145 32 41039.369193842
146 32 -347915.773185182
147 32 -71556.950784051
148 32 -131422.974592665
149 32 -1108.728873982
150 32 -52779.044280115
1 33 110103.669014905
2 33 16154.075224359
3 33 -129281.258386786
4 33 21276.310606665
5 33 -139290.423430878
6 33 -35599.275319527
7 33 114721.812882485
8 33 -14179.789189302
9 33 -211854.636400609
10 33 -18022.242324596
11 33 -191862.448091365
12 33 -53410.751821226
13 33 31844.182803438
14 33 -20211.528699704
15 33 -258866.531348917
16 33 -8009.782546753
17 33 -135963.181849316
18 33 -25729.672503627
19 33 30049.427266406
20 33 -251346.861147965
21 33 -514432.683283001
22 33 -188202.114193841
23 33 -231523.730975194
24 33 -31838.833329466
25 33 121076.673759241
26 33 -350277.537353665
27 33 -678896.562850299
28 33 -242704.436892195
29 33 -353597.322228222
30 33 10379.268549843
31 33 4796901.675669221
32 33 2775234.855959418
33 33 12267638.158024762
34 33 1608225.760741100
35 33 272880.840645020
36 33 22098.646742640
37 33 -45167.287898975
38 33 -137173.006422815
39 33 -709363.470587192
40 33 -121546.494679341
41 33 -155649.911392368
42 33 6851.592705743
43 33 -110306.572355996
44 33 -60002.876281121
45 33 -454952.536419427
46 33 -58843.833843206
47 33 -34005.489643267
48 33 3893.951170509
49 33 -138457.737138953
50 33 -18997.871089009
51 33 -224192.550719973
52 33 -22569.599103417
53 33 27508.783340958
54 33 5519.957248315
55 33 -160635.148814527
56 33 24756.409086155
57 33 -116389.940926267
58 33 1950.275779501
59 33 52818.500024991
60 33 8840.060826169
61 33 -86643.546838117
62 33 47309.452388399
63 33 -80440.653504159
64 33 9570.786414834
65 33 33446.247674193
66 33 11116.954063357
67 33 -95264.973959787
68 33 40583.863701152
69 33 -75006.148555001
70 33 6975.704402546
71 33 36231.379653473
72 33 12476.590451259
73 33 -91045.110549519
74 33 49934.885383552
75 33 -63668.032896344
76 33 10578.409021759
77 33 34889.621931884
78 33 13782.506536860
79 33 -86830.685523090
80 33 65258.724661140
81 33 -64466.732726962
82 33 12851.692117010
83 33 33558.697233531
84 33 19362.552644577
85 33 -54977.276311038
86 33 42626.608824146
87 33 -35590.611691261
88 33 7913.615950834
89 33 20170.092478559
90 33 13141.037425314
91 33 -21846.374946283
92 33 24226.466806723
93 33 -10616.388516777
94 33 5029.330704798
95 33 7286.086395246
96 33 6383.451768926
97 33 -35101.183949156
98 33 56486.959358496
99 33 -19499.730345886
100 33 12929.883636439
101 33 12937.564204832
102 33 14750.772687333
103 33 -14047.641231956
104 33 19899.450225295
105 33 -6092.056943859
106 33 4296.145110408
107 33 4387.242148468
108 33 4757.001286689
109 33 -10649.661789012
110 33 12028.116486705
111 33 -4722.886110775
112 33 2507.250486299
113 33 3291.071442718
114 33 3057.033644704
115 33 -5191.980244551
116 33 4172.789474828
117 33 -2740.828862702
118 33 878.030625383
119 33 1771.903784527
120 33 1178.299732558
121 33 -7275.109974262
122 33 2680.648589528
123 33 -5767.427612266
124 33 214.272196995
125 33 2831.021608434
126 33 1164.767984348
127 33 -12397.198775912
128 33 5456.787272433
129 33 -9695.145346354
130 33 476.093000526
131 33 4935.625819149
132 33 2256.877202785
133 33 -4172.908650088
134 33 5698.388071089
135 33 -11247.109596613
136 33 510.732275727
137 33 2003.257800054
138 33 1116.877740134
139 33 17940.444485319
140 33 15766.259585481
141 33 -13998.895064516
142 33 4323.374820745
143 33 -9446.436544123
144 33 -2972.528849703
145 33 -15507.464848748
146 33 25912.419405992
147 33 -37087.141774436
148 33 7275.936079647
149 33 7230.480751274
150 33 3288.596396508
1 34 37880.683154557
2 34 -466039.327139984
3 34 -58269.145155459
4 34 -295896.713447737
5 34 15164.032352377
6 34 -37984.590718593
7 34 7678.431437295
8 34 -714547.833929275
9 34 -102912.705583006
10 34 -503355.680216990
11 34 34775.888244814
12 34 -2435.414484774
13 34 25744.072751713
14 34 -766010.506547991
15 34 -77588.601815641
16 34 -508203.973572210
17 34 17819.984741250
18 34 -8330.603179111
19 34 -89267.683245607
20 34 -1374483.930181311
21 34 -123625.325554353
22 34 -912425.398989547
23 34 50063.980699130
24 34 220951.150948669
25 34 -78783.115972559
26 34 -1952101.939363112
27 34 -94365.198542216
28 34 -1290639.977708838
29 34 30434.055125783
30 34 427042.206200052
31 34 -79884.652472246
32 34 24840797.385943554
33 34 1608225.760741100
34 34 13121854.582833352
35 34 -12206.388299135
36 34 -2268802.052577325
37 34 -221729.820036060
38 34 -2029889.810818061
39 34 -171446.311210377
40 34 -1041703.481223606
41 34 85113.073530861
42 34 385603.434152850
43 34 -157190.765733563
44 34 -1214154.710598364
45 34 -120088.227233180
46 34 -551023.249715986
47 34 50448.691364962
48 34 193325.589928813
49 34 -105483.666353994
50 34 -574996.352712063
51 34 -78631.719346532
52 34 -216126.619779222
53 34 32890.283624607
54 34 71252.120945047
55 34 -47917.292249502
56 34 -285826.364369515
57 34 -46052.056149756
58 34 -99412.801752040
59 34 19682.358376861
60 34 6607.407832939
61 34 -25186.835685966
62 34 -153110.857575966
63 34 -33858.228411017
64 34 -48115.458868083
65 34 11686.144860292
66 34 -12875.090114329
67 34 -14880.976687359
68 34 -144869.819091446
69 34 -36524.323702249
70 34 -45103.745369364
71 34 9469.642762537
72 34 -17084.244203548
73 34 -8020.045819569
74 34 -130770.284707676
75 34 -30436.790848450
76 34 -38556.166765254
77 34 7696.492614997
78 34 -19851.766881148
79 34 3011.525423011
80 34 -131980.467405840
81 34 -33931.450807937
82 34 -36988.442795457
83 34 5760.965890147
84 34 -23638.214239058
85 34 3742.300243467
86 34 -88317.706353993
87 34 -27503.988936512
88 34 -25807.862396437
89 34 3723.538259661
90 34 -15141.284973084
91 34 663.815734782
92 34 -43654.856750793
93 34 -16383.756101191
94 34 -13319.850884952
95 34 2185.177231207
96 34 -6566.181657564
97 34 365.436786764
98 34 -59379.149391570
99 34 -17235.444514746
100 34 -16752.058693459
101 34 3014.342807009
102 34 -11490.701258469
103 34 997.110499699
104 34 -38458.050008686
105 34 -15899.735147300
106 34 -12091.688807040
107 34 1903.281171070
108 34 -5393.018490518
109 34 3653.372308087
110 34 -33170.359143169
111 34 -12512.315836183
112 34 -10267.872302445
113 34 858.473311343
114 34 -5090.013976310
115 34 6349.616023605
116 34 -26191.118194602
117 34 -7374.802888760
118 34 -8265.382299311
119 34 -687.168613892
120 34 -4402.236370267
121 34 9845.870015622
122 34 -34613.985640821
123 34 -8063.962189572
124 34 -10630.820983976
125 34 -1378.198667430
126 34 -6377.149512124
127 34 12462.648928904
128 34 -46888.111858952
129 34 -10773.113267070
130 34 -14354.275364076
131 34 -1630.691765259
132 34 -9136.014091136
133 34 10608.491848595
134 34 -52424.232071035
135 34 -13208.144685121
136 34 -16863.028953433
137 34 -929.296533129
138 34 -8332.335941636
139 34 1718.358023129
140 34 -103223.774560147
141 34 -28784.360281456
142 34 -44321.333696950
143 34 975.500230332
144 34 -3782.002839558
145 34 11558.962265478
146 34 -167219.112285296
147 34 -36787.389132947
148 34 -67040.306167713
149 34 667.259809654
150 34 -19390.559158166
1 35 494766.944890065
2 35 10757.572287517
3 35 95663.714079271
4 35 39437.332584467
5 35 -373397.422489295
6 35 -75206.474507213
7 35 684959.826977912
8 35 -24782.102889782
9 35 63805.459027239
10 35 8593.259487616
11 35 -544170.860536817
12 35 -118494.859107841
13 35 675897.570884726
14 35 -34325.083497952
15 35 69281.207208420
16 35 5195.141889897
17 35 -525647.606106107
18 35 -71999.563442907
19 35 1063911.808387516
20 35 46757.998529614
21 35 -72300.872584471
22 35 -4698.576288206
23 35 -832967.917512560
24 35 -140334.786943134
25 35 1434101.137768593
26 35 58643.478584203
27 35 -225834.127450479
28 35 -6288.647166309
29 35 -1127076.917465222
30 35 -102020.842669185
31 35 -21150378.022159364
32 35 57786.005729606
33 35 272880.840645020
34 35 -12206.388299135
35 35 13464898.708069896
36 35 1203684.810747288
37 35 1431244.061625905
38 35 -37311.973362226
39 35 -280636.601490112
40 35 -52819.705953853
41 35 -907005.109115360
42 35 -136549.541723902
43 35 859746.207963386
44 35 428.784470297
45 35 -149763.305050560
46 35 -25284.148263941
47 35 -486042.292997171
48 35 -89812.987227082
49 35 462173.730588015
50 35 -35199.234285325
51 35 -71914.563826938
52 35 -24312.086008497
53 35 -203956.652700441
54 35 -46710.760398319
55 35 240390.458155151
56 35 -68282.085251507
57 35 7064.506792166
58 35 -23226.751057026
59 35 -94097.895248201
60 35 -18811.140780107
61 35 124166.478789966
62 35 -54519.019210230
63 35 28702.906168881
64 35 -15168.303831979
65 35 -45439.219372249
66 35 -16335.415068901
67 35 121776.733206964
68 35 -55771.587952091
69 35 35981.072358204
70 35 -14058.173758693
71 35 -43692.555142401
72 35 -18245.691592901
73 35 106304.071759451
74 35 -55510.924180011
75 35 40781.931224984
76 35 -12779.152250182
77 35 -37372.566685164
78 35 -15298.160555122
79 35 101777.854101508
80 35 -62122.857816937
81 35 43849.204765869
82 35 -12475.720000559
83 35 -35214.783995799
84 35 -19159.926826650
85 35 77060.945438509
86 35 -43989.897435321
87 35 28924.369876138
88 35 -8618.078576753
89 35 -25670.062872302
90 35 -15190.872110971
91 35 42260.390268144
92 35 -22384.777011302
93 35 13136.650358192
94 35 -4474.493081351
95 35 -13694.260675649
96 35 -8375.517154696
97 35 43768.640068142
98 35 -32136.909197706
99 35 19569.676919828
100 35 -6694.629790676
101 35 -15594.477499067
102 35 -10357.693443610
103 35 40518.377592060
104 35 -21294.158358071
105 35 10566.747860671
106 35 -4288.123377362
107 35 -12654.149824245
108 35 -8226.549432009
109 35 33283.588984310
110 35 -15973.717049880
111 35 10098.235367989
112 35 -2911.608555813
113 35 -10494.205637814
114 35 -6427.217053754
115 35 23356.738975677
116 35 -6250.543256722
117 35 8795.238799849
118 35 -680.312135413
119 35 -7987.486554221
120 35 -3598.913906251
121 35 28021.708177569
122 35 -6319.952164780
123 35 12275.332749470
124 35 -305.032126621
125 35 -9992.224114800
126 35 -4067.571363180
127 35 36736.973965741
128 35 -8901.313694720
129 35 17219.764334420
130 35 -504.941110490
131 35 -13460.399532157
132 35 -5586.800788694
133 35 44720.126047834
134 35 -11949.921704653
135 35 14854.906569255
136 35 -1447.236962859
137 35 -16299.907929688
138 35 -7105.669100787
139 35 104073.694808741
140 35 -19449.893028011
141 35 5133.901372642
142 35 -7210.591940947
143 35 -45907.611878846
144 35 -15996.090903099
145 35 159520.796129595
146 35 -36728.618068650
147 35 34061.007872630
148 35 -10488.225567776
149 35 -69467.038798090
150 35 -22908.060848876
1 36 31074.118771404
2 36 33218.422827605
3 36 24190.876205659
4 36 104850.457788932
5 36 -24384.229480507
6 36 -49442.668053284
7 36 66539.778637665
8 36 84195.911151291
9 36 38861.658414981
10 36 190551.813226786
11 36 -54338.898270816
12 36 -97467.557634311
13 36 45444.900935894
14 36 27086.876984674
15 36 17845.396245024
16 36 152331.565381019
17 36 -19229.410056564
18 36 -109626.656477151
19 36 252236.396443103
20 36 210931.741436306
21 36 23224.571528245
22 36 341822.166897799
23 36 -186851.675319642
24 36 -364027.501014998
25 36 264787.699363267
26 36 463751.216754385
27 36 121.761558354
28 36 517199.497111695
29 36 -209536.101340618
30 36 -517217.753421608
31 36 -2314900.600151610
32 36 -171591.703591332
33 36 22098.646742640
34 36 -2268802.052577325
35 36 1203684.810747288
36 36 5203776.997925385
37 36 250410.944465713
38 36 395344.443555772
39 36 -2447.000160845
40 36 319617.885780294
41 36 -126672.570818721
42 36 -466867.047160200
43 36 174033.547371818
44 36 203144.354864635
45 36 -405.173057471
46 36 144558.655096364
47 36 -69794.952846738
48 36 -272035.959250663
49 36 103646.731475520
50 36 72386.773210093
51 36 -3353.245193236
52 36 33490.922137440
53 36 -29531.028196845
54 36 -102295.955285991
55 36 20260.973531188
56 36 -44735.904355579
57 36 -5942.731480595
58 36 -11243.033248233
59 36 -1520.158209532
60 36 -34547.641984801
61 36 8524.650380281
62 36 -53983.493910256
63 36 -7668.037581385
64 36 -13328.008038490
65 36 1032.733508415
66 36 -20257.374778891
67 36 10744.579501472
68 36 -67944.890666898
69 36 -9515.185292130
70 36 -16651.327360029
71 36 -3.318400575
72 36 -17891.988947772
73 36 1695.646333339
74 36 -67206.762838261
75 36 -11804.852687054
76 36 -17425.012199071
77 36 2768.225698780
78 36 -14309.617059198
79 36 5562.869099167
80 36 -70277.850108182
81 36 -14321.206471066
82 36 -17292.286918689
83 36 2787.577347784
84 36 -16238.611671067
85 36 4007.509385113
86 36 -38603.302874820
87 36 -9693.270848883
88 36 -9790.351144318
89 36 1455.990001471
90 36 -8840.875688565
91 36 -1873.637621515
92 36 -11791.223871942
93 36 -4802.808621567
94 36 -3079.369098907
95 36 1537.078653311
96 36 -2350.910355093
97 36 -5837.743746854
98 36 -24183.905037447
99 36 -10222.308943722
100 36 -6431.760274147
101 36 4010.004602599
102 36 -5430.062500972
103 36 -2442.380696460
104 36 -6334.853009886
105 36 -3195.000038980
106 36 -1551.823821361
107 36 1431.601801804
108 36 -1255.614260700
109 36 -968.282633217
110 36 -4690.949927936
111 36 -2139.935502669
112 36 -1158.136983561
113 36 811.501560912
114 36 -982.046756205
115 36 -118.279570420
116 36 -2761.780460653
117 36 -1021.799262493
118 36 -714.826792529
119 36 323.253276126
120 36 -624.611484332
121 36 1585.427359010
122 36 -5376.364238108
123 36 -1048.549892590
124 36 -1296.293722030
125 36 -27.866945834
126 36 -1382.979908322
127 36 2473.328565428
128 36 -9256.186745490
129 36 -1868.483509498
130 36 -2341.411789397
131 36 -109.683665462
132 36 -2339.817894221
133 36 2840.679165190
134 36 -2626.313492749
135 36 377.649752629
136 36 73.093000240
137 36 -49.197233341
138 36 -2951.933486035
139 36 -6290.219828435
140 36 20878.826489778
141 36 9585.764638795
142 36 13681.605799971
143 36 5031.541285196
144 36 -4257.533871740
145 36 1314.496814424
146 36 -7424.898798782
147 36 1050.630600390
148 36 2336.520608617
149 36 3666.509031461
150 36 -11559.305923595
1 37 -443571.698653502
2 37 -5459.957658770
3 37 -154663.172859397
4 37 -39477.381298482
5 37 258934.299848180
6 37 36063.965015237
7 37 -693438.842568793
8 37 51504.650330098
9 37 -206731.596905867
10 37 -22955.690349213
11 37 380337.719785735
12 37 63493.625300049
13 37 -611427.350622913
14 37 18912.552660610
15 37 -214592.604997940
16 37 -21644.343651062
17 37 315302.796138804
18 37 50523.070154314
19 37 -1154745.924589852
20 37 -113949.356854117
21 37 -218601.311235161
22 37 -74152.730228819
23 37 663547.127070484
24 37 28819.136775872
25 37 -1729667.344555007
26 37 -255901.202230838
27 37 -115303.123387868
28 37 -157653.677068909
29 37 1072585.158110963
30 37 77486.746889492
31 37 -2398743.450311528
32 37 -384452.891194310
33 37 -45167.287898975
34 37 -221729.820036060
35 37 1431244.061625905
36 37 250410.944465713
37 37 42752440.263698973
38 37 -1615936.445674662
39 37 6559295.710949192
40 37 -67781.998979403
41 37 -20274818.067073200
42 37 -2515998.498360944
43 37 -2084496.241275120
44 37 -139120.390932968
45 37 -108602.729707702
46 37 -60743.822426744
47 37 999272.623753684
48 37 218420.764484226
49 37 -1381952.492352220
50 37 142514.787895145
51 37 -73532.972946173
52 37 44068.768427133
53 37 545853.622435687
54 37 123224.522780701
55 37 -915059.706283260
56 37 186119.121256721
57 37 -119976.982366256
58 37 56043.532352296
59 37 343198.216183349
60 37 80978.802438493
61 37 -461944.448812958
62 37 173384.956806812
63 37 -122195.974505101
64 37 44417.129009115
65 37 168961.033735699
66 37 59239.761014706
67 37 -445694.216234554
68 37 205688.261624589
69 37 -145606.935005059
70 37 46353.715306816
71 37 156520.727770907
72 37 63177.110565949
73 37 -403404.072882698
74 37 167147.291673811
75 37 -128245.055502841
76 37 36110.688796233
77 37 141615.449889413
78 37 59308.013507792
79 37 -257284.410292103
80 37 121818.449160451
81 37 -103867.976096596
82 37 22117.839776744
83 37 87819.244540484
84 37 41700.539374281
85 37 -213390.879896574
86 37 99132.778947843
87 37 -83633.847233950
88 37 17344.403856845
89 37 71718.772935349
90 37 37646.441862524
91 37 -127681.449605174
92 37 56775.174833092
93 37 -45433.624204810
94 37 9618.026211743
95 37 41732.136601864
96 37 23679.719337912
97 37 -118714.087659736
98 37 54271.685668010
99 37 -44854.336980144
100 37 9467.182845435
101 37 39849.449188235
102 37 22148.816846257
103 37 -99530.800766864
104 37 42671.392314512
105 37 -29027.910114168
106 37 8043.664221599
107 37 32071.953959953
108 37 18131.323613768
109 37 -96523.415035881
110 37 38857.431890340
111 37 -32379.650256456
112 37 6079.998964409
113 37 31039.352597922
114 37 17654.579509116
115 37 -78491.044864646
116 37 10341.352899170
117 37 -27252.992918318
118 37 -494.019295901
119 37 28016.533534917
120 37 11779.649804834
121 37 -83513.588614272
122 37 5462.864020001
123 37 -33337.045362944
124 37 -2013.573205365
125 37 31586.946223027
126 37 10510.100061680
127 37 -89452.697292774
128 37 6332.196992001
129 37 -33283.794297437
130 37 -1945.681954322
131 37 34544.925571479
132 37 12059.777746801
133 37 -93795.761633620
134 37 17306.560632771
135 37 -33629.041067982
136 37 900.916061606
137 37 34915.756112393
138 37 13384.498913010
139 37 -257352.904659918
140 37 42395.916667214
141 37 -66128.413324723
142 37 7364.595940429
143 37 106344.491838873
144 37 37627.520813383
145 37 -391479.375521933
146 37 67102.103742423
147 37 -115055.903674660
148 37 10865.387996016
149 37 166474.660185767
150 37 53041.279998837
1 38 148406.498410426
2 38 -609309.141605833
3 38 -32689.507281957
4 38 -254819.513431020
5 38 -22933.559892861
6 38 -76233.270906552
7 38 201025.427522945
8 38 -1097306.001469445
9 38 -70435.453021244
10 38 -465804.238159893
11 38 -36882.781869977
12 38 -80611.352237710
13 38 150844.450936676
14 38 -1015191.797888727
15 38 -58742.218808156
16 38 -397583.228165712
17 38 -28713.693269710
18 38 -113401.688049020
19 38 178682.519821247
20 38 -2053585.503361643
21 38 19286.717202472
22 38 -952636.679079278
23 38 -48081.484708673
24 38 39889.465684627
25 38 154823.218519622
26 38 -2867288.708315605
27 38 53027.908042537
28 38 -1483160.234733057
29 38 -29233.378588746
30 38 242117.341117667
31 38 118413.242619138
32 38 -4088935.825693167
33 38 -137173.006422815
34 38 -2029889.810818061
35 38 -37311.973362226
36 38 395344.443555772
37 38 -1615936.445674662
38 38 60694657.365663029
39 38 3270916.410509381
40 38 24081182.328695934
41 38 59080.522153301
42 38 1467448.998465340
43 38 -137106.807288237
44 38 -3602692.981738893
45 38 -231071.939851470
46 38 -1428521.046030520
47 38 63461.435788739
48 38 105739.461821631
49 38 -50946.596857012
50 38 -2135559.770239564
51 38 -234782.105015101
52 38 -746815.675587942
53 38 33831.818667771
54 38 7532.515824159
55 38 -81497.492224583
56 38 -1373534.133301636
57 38 -207163.877876775
58 38 -467382.699649907
59 38 44496.676329966
60 38 -60425.143649799
61 38 -41553.705055263
62 38 -776597.338238281
63 38 -150888.609241372
64 38 -241444.726584497
65 38 32703.665933217
66 38 -83240.827819435
67 38 21683.954510791
68 38 -744115.332959426
69 38 -143560.353872455
70 38 -217112.136504310
71 38 18044.695957303
72 38 -106004.200179421
73 38 16807.847907895
74 38 -630952.787345774
75 38 -132357.487768400
76 38 -187102.216774720
77 38 16935.504557605
78 38 -90495.271156363
79 38 35441.231794918
80 38 -414202.165312306
81 38 -91698.795395134
82 38 -113933.393759650
83 38 8330.983039213
84 38 -74765.338339308
85 38 33281.826935750
86 38 -318847.468061816
87 38 -83914.869996754
88 38 -89566.620320992
89 38 5744.529246756
90 38 -56692.866830904
91 38 15248.548843171
92 38 -168187.346593846
93 38 -56686.007906295
94 38 -49098.301594931
95 38 4138.034269554
96 38 -26362.586724907
97 38 10978.143968119
98 38 -165333.514911616
99 38 -54241.784564192
100 38 -48372.868506540
101 38 5319.443909252
102 38 -27814.161814727
103 38 7001.318312429
104 38 -122231.665055318
105 38 -44600.870785746
106 38 -37105.487616089
107 38 3582.432998220
108 38 -16615.818510998
109 38 19619.109451381
110 38 -117818.297498313
111 38 -40326.234165672
112 38 -35621.455616906
113 38 247.191869002
114 38 -17997.708250895
115 38 26034.582245820
116 38 -105810.638460517
117 38 -30465.540306848
118 38 -35323.017975742
119 38 -4592.632007502
120 38 -14476.753339301
121 38 30445.572904050
122 38 -122199.404163875
123 38 -27575.044860809
124 38 -40403.981862599
125 38 -6314.413351128
126 38 -18031.002109172
127 38 30701.989170985
128 38 -130924.836069290
129 38 -31529.113387915
130 38 -44910.053945997
131 38 -6378.599564242
132 38 -18237.721129965
133 38 30296.828876489
134 38 -130602.569287217
135 38 -30944.312319375
136 38 -43163.716121925
137 38 -5202.455798949
138 38 -18807.434996339
139 38 44685.456043837
140 38 -335054.276760463
141 38 -81757.337220308
142 38 -128933.983344805
143 38 -7475.621757986
144 38 -35805.445906297
145 38 77229.954772796
146 38 -470902.727999897
147 38 -94598.943427666
148 38 -182017.271817201
149 38 -13436.561925172
150 38 -66965.288114750
1 39 28168.913615415
2 39 -10764.601152102
3 39 -86772.030079624
4 39 6069.613460191
5 39 -54767.641501557
6 39 -15887.527428724
7 39 -12003.919531731
8 39 -39773.062345706
9 39 -171727.341627580
10 39 -14706.045793370
11 39 -55054.777019951
12 39 -19808.817638665
13 39 -74958.692174864
14 39 -49402.727770561
15 39 -169157.574780083
16 39 -22095.457735913
17 39 -4375.964627760
18 39 -12965.423948370
19 39 -63964.979080897
20 39 -164406.133977187
21 39 -343183.232245011
22 39 -78116.523263218
23 39 -79855.067904215
24 39 -14606.704385807
25 39 50964.291150068
26 39 -273573.970329342
27 39 -487289.493926212
28 39 -151407.312808504
29 39 -221148.177503007
30 39 -907.770091004
31 39 89351.248951773
32 39 -261850.520983028
33 39 -709363.470587192
34 39 -171446.311210377
35 39 -280636.601490112
36 39 -2447.000160845
37 39 6559295.710949192
38 39 3270916.410509382
39 39 12445733.768602714
40 39 1801977.121978790
41 39 -1153626.917453279
42 39 8701.476826103
43 39 -171227.693842412
44 39 -165653.147147541
45 39 -631161.965221139
46 39 -108934.723988349
47 39 -29108.115885057
48 39 1903.934594194
49 39 -269619.478661178
50 39 -70638.813358205
51 39 -364076.987875571
52 39 -45129.379298654
53 39 68193.084023602
54 39 8787.509385940
55 39 -257404.627849938
56 39 2724.418763123
57 39 -217597.448229165
58 39 -11847.932458831
59 39 82229.165194194
60 39 12493.779879666
61 39 -112525.952712792
62 39 43285.104897434
63 39 -132498.818548609
64 39 3999.720797950
65 39 40351.936287582
66 39 10432.023146670
67 39 -125679.832619492
68 39 37559.786162016
69 39 -122398.526870144
70 39 2912.319585875
71 39 47347.267202708
72 39 13033.746381301
73 39 -89096.639384698
74 39 33456.790308098
75 39 -97965.873636281
76 39 2146.187022596
77 39 34279.312030536
78 39 10554.916456406
79 39 -65850.464149134
80 39 48090.381921117
81 39 -59592.916328134
82 39 8747.545621062
83 39 26533.973474113
84 39 14059.856970111
85 39 -49574.128606316
86 39 39243.195529183
87 39 -41687.294948426
88 39 6478.637172254
89 39 19050.945126435
90 39 11701.985194914
91 39 -20359.168231140
92 39 24064.000095778
93 39 -16510.850045764
94 39 4171.309830030
95 39 7074.202689218
96 39 5923.142248906
97 39 -18999.687470572
98 39 33488.964193289
99 39 -15833.500319072
100 39 7068.707147525
101 39 7052.145130758
102 39 7963.061555760
103 39 -4556.663254530
104 39 19837.977471833
105 39 -7234.131621825
106 39 4152.961877019
107 39 1605.597606740
108 39 3212.035180658
109 39 -4982.207081060
110 39 10924.834239053
111 39 -7132.752248251
112 39 1903.665392223
113 39 1690.097637953
114 39 1993.982097874
115 39 7880.632604751
116 39 3430.781820559
117 39 -5225.301175137
118 39 323.338931346
119 39 -3031.640281888
120 39 -1194.305185226
121 39 6146.359999908
122 39 4959.936719452
123 39 -6192.539667577
124 39 765.203741992
125 39 -2450.812266802
126 39 -533.682896666
127 39 9514.418365695
128 39 3720.363625644
129 39 -7486.814792905
130 39 254.377080409
131 39 -3921.500093187
132 39 -1405.269180300
133 39 5994.741390680
134 39 2387.182639346
135 39 -7869.321231329
136 39 -30.880567212
137 39 -1768.036183389
138 39 -573.175453628
139 39 29953.606447283
140 39 10554.907252751
141 39 -24686.481551939
142 39 827.426577839
143 39 -14659.396766917
144 39 -5679.445355447
145 39 6639.631220924
146 39 7795.740772431
147 39 -39599.139257972
148 39 0.954801833
149 39 -2344.907030943
150 39 -1881.098862912
1 40 41311.600695132
2 40 -231850.881928310
3 40 -17903.445406434
4 40 -113950.908353786
5 40 -3141.736032859
6 40 -26942.147789166
7 40 55740.350193634
8 40 -406643.118483928
9 40 -36411.111048232
10 40 -202273.889930064
11 40 -7781.189760102
12 40 -23073.068843466
13 40 43078.762186892
14 40 -369475.181030365
15 40 -30474.860582481
16 40 -169300.702747345
17 40 -7073.258120275
18 40 -32661.090651663
19 40 56260.246087456
20 40 -807126.573227890
21 40 -13188.594442850
22 40 -439873.109649991
23 40 -22081.431354161
24 40 55354.042121243
25 40 56121.612705582
26 40 -1238592.257068024
27 40 -18026.677956186
28 40 -747181.505994681
29 40 -32299.959663077
30 40 188634.058123120
31 40 48600.898880375
32 40 -1840177.222478906
33 40 -121546.494679341
34 40 -1041703.481223606
35 40 -52819.705953853
36 40 319617.885780294
37 40 -67781.998979403
38 40 24081182.328695934
39 40 1801977.121978790
40 40 10987608.137132023
41 40 19257.897498597
42 40 -866181.913027901
43 40 -81341.714537380
44 40 -1523751.153582600
45 40 -144061.465676737
46 40 -667280.800059088
47 40 16272.014746889
48 40 164217.561667193
49 40 -63926.169691065
50 40 -862113.786760258
51 40 -107324.497738284
52 40 -318768.389432817
53 40 21551.344502373
54 40 60676.447304298
55 40 -59271.922539619
56 40 -529092.998686005
57 40 -84156.807940433
58 40 -189159.854968231
59 40 23394.891785180
60 40 9084.973935518
61 40 -32107.721344215
62 40 -286565.119598970
63 40 -60454.214695404
64 40 -95355.075780457
65 40 15903.251924843
66 40 -16570.242562440
67 40 -7942.975504108
68 40 -258929.030900198
69 40 -54921.171180926
70 40 -80125.972617819
71 40 10391.157292067
72 40 -28375.491067513
73 40 -6111.019887463
74 40 -230660.104482545
75 40 -54090.554569719
76 40 -72825.367470395
77 40 8873.688127002
78 40 -25308.125759557
79 40 8308.470724967
80 40 -144397.649870844
81 40 -33245.105528599
82 40 -41046.657843016
83 40 3582.804162038
84 40 -24112.025119079
85 40 9982.606436426
86 40 -115415.101342858
87 40 -31414.680564613
88 40 -33286.559574871
89 40 2417.413518094
90 40 -19216.564143767
91 40 5265.055277576
92 40 -63731.529923105
93 40 -21814.553020965
94 40 -19016.200899220
95 40 1596.678116660
96 40 -9461.179887330
97 40 4412.356996208
98 40 -63525.335509288
99 40 -20257.986092440
100 40 -18830.262047442
101 40 1721.991360913
102 40 -10286.367585486
103 40 2309.339749823
104 40 -48212.372335707
105 40 -17714.980713022
106 40 -14939.369846400
107 40 1454.401448960
108 40 -6143.854828988
109 40 7254.720279005
110 40 -47671.196989444
111 40 -16571.015048832
112 40 -14614.990316062
113 40 284.164051086
114 40 -7044.312108598
115 40 11176.528814746
116 40 -47695.588914745
117 40 -14585.142951945
118 40 -16608.831573387
119 40 -2092.674236938
120 40 -5996.006429243
121 40 13358.536514925
122 40 -54629.005818899
123 40 -13132.057274631
124 40 -18784.995074434
125 40 -2942.965635037
126 40 -7478.598023727
127 40 13351.652241670
128 40 -59366.323403000
129 40 -15438.462510518
130 40 -21380.808517884
131 40 -3015.888207426
132 40 -7391.190828614
133 40 12000.282975838
134 40 -54750.291452010
135 40 -13148.689947916
136 40 -18207.608542264
137 40 -1886.252614520
138 40 -7955.354283869
139 40 15272.287481004
140 40 -161337.952883069
141 40 -42727.819090965
142 40 -65799.429327238
143 40 -2473.728164620
144 40 -12069.209783753
145 40 28489.336504507
146 40 -219168.790053225
147 40 -47952.964236568
148 40 -89079.289772784
149 40 -5150.905294666
150 40 -25483.506440231
1 41 231770.130179469
2 41 23986.881478933
3 41 68100.696212159
4 41 29763.854775278
5 41 -159338.161404198
6 41 -25723.629857332
7 41 341234.895862844
8 41 4928.899694142
9 41 75397.849377699
10 41 20347.343227210
11 41 -219894.582409049
12 41 -37977.121579619
13 41 287617.851037929
14 41 9364.066977166
15 41 82345.352392627
16 41 15700.040429551
17 41 -172233.578512687
18 41 -27487.894801952
19 41 580963.858880699
20 41 62255.008174142
21 41 44945.687880285
22 41 31287.448097577
23 41 -389807.467396695
24 41 -19011.530459892
25 41 925482.436943519
26 41 118754.651916885
27 41 -58176.125848755
28 41 55596.626516881
29 41 -669486.707823469
30 41 -37024.198945742
31 41 1316093.689392711
32 41 187059.221817332
33 41 -155649.911392368
34 41 85113.073530861
35 41 -907005.109115360
36 41 -126672.570818721
37 41 -20274818.067073200
38 41 59080.522153301
39 41 -1153626.917453279
40 41 19257.897498597
41 41 11158420.941729588
42 41 1128884.589255932
43 41 1074149.924101021
44 41 74610.997300266
45 41 -85175.747206160
46 41 12259.978604256
47 41 -578915.106137577
48 41 -108693.436831089
49 41 660451.001921529
50 41 -35440.814095913
51 41 -30844.100710208
52 41 -19465.702568805
53 41 -285679.157813443
54 41 -55990.841629032
55 41 426521.047367410
56 41 -65122.456918101
57 41 23184.694756096
58 41 -24333.682447131
59 41 -171974.211186936
60 41 -38452.904658394
61 41 223227.619526962
62 41 -68557.401254657
63 41 39878.641478562
64 41 -20529.403944250
65 41 -86283.000038774
66 41 -28488.744648473
67 41 197960.334653421
68 41 -74983.454867522
69 41 57166.701652659
70 41 -18087.108015082
71 41 -72576.551875432
72 41 -26189.442282281
73 41 184833.823045866
74 41 -63800.971926632
75 41 49983.582461693
76 41 -15093.051128321
77 41 -67385.429585595
78 41 -26529.436942715
79 41 107908.919772861
80 41 -49291.804978069
81 41 44136.378232506
82 41 -9287.165261137
83 41 -37615.406078763
84 41 -17406.148571817
85 41 91658.902246205
86 41 -41755.819788752
87 41 35355.297807900
88 41 -7424.499409229
89 41 -31083.236293291
90 41 -16259.500537901
91 41 56746.264503759
92 41 -24420.918594920
93 41 18615.001228813
94 41 -4213.371063422
95 41 -18475.254868123
96 41 -10606.928789622
97 41 53040.227109020
98 41 -25434.376584652
99 41 18464.886050586
100 41 -4697.313503622
101 41 -17693.846714552
102 41 -10480.280828168
103 41 45317.724940742
104 41 -18556.774469758
105 41 11800.638093497
106 41 -3534.924587991
107 41 -14490.840420657
108 41 -8351.520584664
109 41 43531.641492205
110 41 -16154.341993588
111 41 13595.216424216
112 41 -2487.041843959
113 41 -13982.690943635
114 41 -7868.823836259
115 41 42129.383918686
116 41 -3854.000286475
117 41 11497.610360179
118 41 403.656781557
119 41 -15288.851857505
120 41 -6573.087001500
121 41 43956.563037939
122 41 -1911.902763947
123 41 14103.317681934
124 41 1065.096016948
125 41 -16827.376790060
126 41 -5888.792898122
127 41 49047.418816760
128 41 -1958.236088001
129 41 13675.201000370
130 41 1076.452255552
131 41 -19285.756559434
132 41 -7026.699694535
133 41 45211.180710809
134 41 -6272.844318646
135 41 14478.941841935
136 41 6.332231521
137 41 -16810.699487877
138 41 -6251.149785943
139 41 146681.684858298
140 41 -15881.895075049
141 41 21971.423996603
142 41 -3431.930463743
143 41 -62938.959878516
144 41 -22572.486839108
145 41 197575.591529598
146 41 -25316.978298181
147 41 45069.737515866
148 41 -4572.123920718
149 41 -86302.808627848
150 41 -27496.223835140
1 42 30839.914881729
2 42 -21104.694066764
3 42 8541.229208181
4 42 28736.154669587
5 42 -17399.460823983
6 42 -28484.309899916
7 42 48894.520336822
8 42 -24864.109968170
9 42 11203.086729054
10 42 50986.104571067
11 42 -23801.375944398
12 42 -62743.636943533
13 42 47449.738890825
14 42 -72364.373874681
15 42 7486.595429449
16 42 18704.845310595
17 42 -21446.109523427
18 42 -55079.908279865
19 42 66696.092103995
20 42 30257.750191257
21 42 11921.690681522
22 42 129986.098281927
23 42 -51308.524295312
24 42 -178987.282516451
25 42 143469.406516554
26 42 205032.479421146
27 42 2190.046619986
28 42 279792.858310239
29 42 -112221.068548305
30 42 -298550.999612951
31 42 239729.008559673
32 42 364569.583335213
33 42 6851.592705743
34 42 385603.434152850
35 42 -136549.541723902
36 42 -466867.047160200
37 42 -2515998.498360944
38 42 1467448.998465340
39 42 8701.476826103
40 42 -866181.913027901
41 42 1128884.589255932
42 42 4391106.100454870
43 42 234359.669621920
44 42 143808.881145153
45 42 1656.523182817
46 42 145071.138097360
47 42 -96390.240230763
48 42 -328554.139702000
49 42 136556.014372085
50 42 886.355121656
51 42 -4744.747992132
52 42 19774.850900295
53 42 -37996.443923933
54 42 -142119.637763292
55 42 59769.699550583
56 42 -84872.244832479
57 42 -8615.308448156
58 42 -15988.099630511
59 42 -13500.128549553
60 42 -70207.868123058
61 42 29620.584906966
62 42 -66027.267233583
63 42 -2376.073893337
64 42 -9591.003336736
65 42 -3826.698308637
66 42 -36959.224403716
67 42 26480.198625026
68 42 -92048.805188715
69 42 -7222.519480683
70 42 -19314.000528065
71 42 -2702.202937691
72 42 -30301.690329426
73 42 25499.658973572
74 42 -70136.030483876
75 42 -4685.421257414
76 42 -13348.381397225
77 42 -3580.371434275
78 42 -25730.936126015
79 42 8777.421087880
80 42 -57487.945888170
81 42 -9536.520019984
82 42 -13479.903209768
83 42 1202.050814330
84 42 -15124.517242136
85 42 7596.606272684
86 42 -38782.906312087
87 42 -7527.358292807
88 42 -9087.926562771
89 42 590.174333730
90 42 -10543.508309872
91 42 1478.750678271
92 42 -11581.170650802
93 42 -3116.250517568
94 42 -2412.111200552
95 42 865.007327775
96 42 -3750.939963474
97 42 -911.025026756
98 42 -12414.398610023
99 42 -4098.249407910
100 42 -2743.870268752
101 42 1873.579317606
102 42 -4126.745607640
103 42 -1534.483933744
104 42 -2066.464084428
105 42 -663.458215756
106 42 184.037514206
107 42 1239.007215364
108 42 -1698.639734200
109 42 631.823822797
110 42 -2108.721520434
111 42 -184.236377089
112 42 50.280221240
113 42 457.145721989
114 42 -1611.367114169
115 42 598.378199435
116 42 6587.357049257
117 42 3692.509046334
118 42 3811.161412481
119 42 261.642502700
120 42 -1282.702300216
121 42 39.308865309
122 42 5543.771767299
123 42 2837.244885349
124 42 3547.344036914
125 42 494.410735416
126 42 -1530.083418293
127 42 752.667457828
128 42 8307.974050842
129 42 4296.953616525
130 42 5156.508222891
131 42 369.262128945
132 42 -1956.434408935
133 42 2085.740771893
134 42 3659.848247097
135 42 1868.669968896
136 42 1996.834481581
137 42 -174.227640380
138 42 -2029.888153746
139 42 5059.933337177
140 42 27006.995738063
141 42 12984.329194877
142 42 17958.806791723
143 42 573.475315363
144 42 -8243.968736592
145 42 10453.011121152
146 42 2561.884684210
147 42 5898.454118953
148 42 7596.062997605
149 42 -799.553226560
150 42 -12149.009634291
1 43 -300176.346656048
2 43 18209.942980443
3 43 -127573.349506124
4 43 -18679.317405854
5 43 157853.209181038
6 43 32524.761823240
7 43 -408066.265104129
8 43 42984.939218976
9 43 -154745.425647656
10 43 -10382.522014100
11 43 205068.551988258
12 43 50298.290259607
13 43 -433520.332012213
14 43 13888.278666626
15 43 -179965.772661090
16 43 -15240.461890220
17 43 215248.395105664
18 43 42500.077521445
19 43 -648796.369802923
20 43 -59427.795233140
21 43 -242286.367571022
22 43 -33181.686724039
23 43 307728.402570005
24 43 19195.703860459
25 43 -863166.194125254
26 43 -137195.638330129
27 43 -213855.346369050
28 43 -64141.715891389
29 43 430098.826204102
30 43 5145.345793584
31 43 -1483456.294402717
32 43 -283683.154223087
33 43 -110306.572355996
34 43 -157190.765733563
35 43 859746.207963386
36 43 174033.547371818
37 43 -2084496.241275120
38 43 -137106.807288237
39 43 -171227.693842412
40 43 -81341.714537380
41 43 1074149.924101021
42 43 234359.669621920
43 43 35318795.862913996
44 43 -784139.079762365
45 43 6592399.452381425
46 43 30239.915590424
47 43 -15463165.012309430
48 43 -2147668.072982636
49 43 -1474812.473651638
50 43 73948.283559528
51 43 -104404.548307744
52 43 24300.541723814
53 43 591365.950463220
54 43 116079.287881787
55 43 -1020057.109265977
56 43 155622.046749276
57 43 -167412.836985031
58 43 46452.501841515
59 43 386705.087551101
60 43 83030.746582909
61 43 -466672.951652676
62 43 166403.075854024
63 43 -140996.961547770
64 43 40917.549533746
65 43 170761.976909462
66 43 56580.261540067
67 43 -434047.931362668
68 43 182622.628580041
69 43 -136217.555082547
70 43 41492.111608221
71 43 154001.211716068
72 43 58638.047024338
73 43 -425974.419534779
74 43 171421.244043181
75 43 -145304.474466233
76 43 35895.483874200
77 43 150589.136715143
78 43 62300.783026285
79 43 -299815.549095527
80 43 129879.406858964
81 43 -121106.260749240
82 43 23525.681276129
83 43 105288.486359250
84 43 45996.250154482
85 43 -219435.779851712
86 43 93933.819051855
87 43 -78704.373641646
88 43 16393.154203220
89 43 73731.380640568
90 43 38372.157290189
91 43 -142992.524113005
92 43 61511.349172232
93 43 -50893.621425209
94 43 10221.508927713
95 43 46707.114028726
96 43 25959.967968210
97 43 -112839.608580849
98 43 48983.647509590
99 43 -41530.995522677
100 43 8392.068476782
101 43 37712.400258264
102 43 20606.149722140
103 43 -103817.708853035
104 43 43573.436930410
105 43 -31078.468757290
106 43 7705.364241354
107 43 33230.332437823
108 43 19048.735141614
109 43 -90603.984545079
110 43 35588.611434435
111 43 -32735.141029071
112 43 5166.738812654
113 43 29295.732900213
114 43 16317.969152683
115 43 -87368.981839429
116 43 7506.521134467
117 43 -28700.195456023
118 43 -1683.372524930
119 43 31540.339350953
120 43 13285.367371823
121 43 -83300.643234873
122 43 1796.634213380
123 43 -26633.553923714
124 43 -3731.674378797
125 43 31478.212876870
126 43 12814.844405672
127 43 -110565.328651813
128 43 2599.702423105
129 43 -37110.522534055
130 43 -4461.976441205
131 43 42784.873380774
132 43 16391.387692084
133 43 -130478.666721818
134 43 21642.107091959
135 43 -33840.017811434
136 43 1944.814859183
137 43 51494.280982655
138 43 19968.903886608
139 43 -248895.037241252
140 43 37663.940281199
141 43 -75219.741496908
142 43 3164.815547250
143 43 100765.445794031
144 43 37381.322885312
145 43 -310296.138223538
146 43 54518.114853770
147 43 -103778.849368784
148 43 7384.826989712
149 43 130606.651486783
150 43 39072.325618166
1 44 108546.551741811
2 44 -426821.856580801
3 44 -28321.531110219
4 44 -154451.594081673
5 44 -12581.619295426
6 44 -67322.259617381
7 44 101584.034692783
8 44 -574486.065655633
9 44 -46626.990838824
10 44 -214734.049487544
11 44 -8908.312053043
12 44 -81497.514733406
13 44 89859.595563266
14 44 -705729.486710131
15 44 -40867.015245747
16 44 -258858.071295093
17 44 -9839.872403680
18 44 -96957.971800649
19 44 97487.575296839
20 44 -1057861.800478812
21 44 18904.930830115
22 44 -390595.603072308
23 44 -25373.894543257
24 44 -126306.221169423
25 44 106222.299116340
26 44 -1458127.406682315
27 44 72410.022456938
28 44 -577427.941510069
29 44 -30518.783385196
30 44 -39279.598463414
31 44 23867.205957759
32 44 -2538575.490709772
33 44 -60002.876281121
34 44 -1214154.710598364
35 44 428.784470297
36 44 203144.354864635
37 44 -139120.390932968
38 44 -3602692.981738893
39 44 -165653.147147541
40 44 -1523751.153582600
41 44 74610.997300266
42 44 143808.881145153
43 44 -784139.079762365
44 44 49880523.893162236
45 44 3088039.175486824
46 44 18421124.379558928
47 44 -32821.926936503
48 44 2524194.128817346
49 44 -149025.319092056
50 44 -2367461.383368501
51 44 -208812.783988812
52 44 -831908.530265392
53 44 63856.696790250
54 44 -5643.335004460
55 44 -158557.986586190
56 44 -1614554.557022881
57 44 -209988.770972059
58 44 -545933.309712647
59 44 70440.544779636
60 44 -95300.670793161
61 44 -56914.464816008
62 44 -781145.818274605
63 44 -143121.804400577
64 44 -240280.137652082
65 44 38076.148137233
66 44 -93374.694843291
67 44 -4755.386482920
68 44 -702537.840618875
69 44 -134811.684857046
70 44 -209036.171470791
71 44 23652.281220943
72 44 -95919.477504914
73 44 4753.858711922
74 44 -667469.145206234
75 44 -137256.193737898
76 44 -196760.885641482
77 44 22009.961002151
78 44 -99696.329902462
79 44 21993.956621118
80 44 -509118.912043020
81 44 -110643.755483760
82 44 -142133.449573614
83 44 15061.795811474
84 44 -88802.668435415
85 44 20225.015587455
86 44 -323984.082876002
87 44 -89420.405467604
88 44 -93707.606400140
89 44 8130.635223334
90 44 -48477.274554378
91 44 14649.511405182
92 44 -186033.603560193
93 44 -62579.074625055
94 44 -54440.941620468
95 44 5043.666400462
96 44 -28034.822510078
97 44 8307.158299152
98 44 -154192.270084604
99 44 -51070.380774358
100 44 -45506.305203363
101 44 5242.157150845
102 44 -24493.639774340
103 44 7997.414551601
104 44 -127345.007862743
105 44 -46584.856129201
106 44 -38512.016584996
107 44 3684.992356088
108 44 -16965.902937173
109 44 16767.155692431
110 44 -116828.077774540
111 44 -39070.350989337
112 44 -34456.238672196
113 44 921.376977820
114 44 -17470.457022105
115 44 24775.521561328
116 44 -114825.164369894
117 44 -35232.641469861
118 44 -40029.196342362
119 44 -4266.709180420
120 44 -14232.904417944
121 44 28678.099185054
122 44 -113225.694693048
123 44 -32823.443054523
124 44 -41436.566266047
125 44 -6113.670893500
126 44 -13537.294393196
127 44 33540.256289083
128 44 -152537.116904487
129 44 -42070.570392819
130 44 -55604.527232529
131 44 -6908.604727335
132 44 -18907.166822194
133 44 37698.123203872
134 44 -181680.660071945
135 44 -46911.666594370
136 44 -67798.728830144
137 44 -7477.947976622
138 44 -19603.260762337
139 44 45400.736692254
140 44 -317195.981599317
141 44 -77128.343788889
142 44 -119027.815998122
143 44 -5315.183165808
144 44 -39497.700517114
145 44 61165.287774441
146 44 -394077.480332687
147 44 -70264.404901211
148 44 -145838.532933997
149 44 -8113.071950221
150 44 -62308.027578092
1 45 -5719.042087141
2 45 -27879.162126402
3 45 -66938.448212242
4 45 -7587.937089427
5 45 -21115.558301099
6 45 -11437.882930521
7 45 -33457.391674808
8 45 -42878.539793263
9 45 -91819.144304414
10 45 -19970.828802611
11 45 -8680.409026117
12 45 -12532.326893484
13 45 -69783.657062878
14 45 -47559.240525920
15 45 -124830.087279877
16 45 -23293.610349941
17 45 7265.058726917
18 45 -11567.817902142
19 45 -143566.520915808
20 45 -111207.885344895
21 45 -188679.010655570
22 45 -45265.892100613
23 45 39820.986451816
24 45 -16672.584541759
25 45 -121521.132691572
26 45 -146215.525584370
27 45 -259003.462853231
28 45 -59942.655396678
29 45 8962.084994552
30 45 -11300.036552075
31 45 14150.660301723
32 45 -189637.467799723
33 45 -454952.536419427
34 45 -120088.227233180
35 45 -149763.305050560
36 45 -405.173057471
37 45 -108602.729707702
38 45 -231071.939851470
39 45 -631161.965221139
40 45 -144061.465676737
41 45 -85175.747206160
42 45 1656.523182817
43 45 6592399.452381426
44 45 3088039.175486824
45 45 10268136.394864006
46 45 1537103.797919852
47 45 -1924033.728139697
48 45 2582.011346079
49 45 -267416.853247019
50 45 -71732.835305407
51 45 -391943.398642778
52 45 -42893.257578449
53 45 69843.200240275
54 45 6460.904426811
55 45 -283991.777458682
56 45 1694.966591983
57 45 -257768.333392141
58 45 -11128.228503717
59 45 98406.447813313
60 45 13261.482842296
61 45 -115544.494600518
62 45 38374.146047093
63 45 -130063.662103109
64 45 4096.363935901
65 45 43728.123039388
66 45 10584.248925888
67 45 -96763.471089487
68 45 24213.821333186
69 45 -114007.838843883
70 45 276.857733786
71 45 38175.520696455
72 45 9248.511916127
73 45 -88882.527867634
74 45 25102.561976103
75 45 -101860.531286653
76 45 -186.013004537
77 45 35817.194110211
78 45 9696.943443917
79 45 -58838.856369209
80 45 51255.081312810
81 45 -71465.853969364
82 45 9243.072676467
83 45 25517.900118632
84 45 13621.417187192
85 45 -29469.336271893
86 45 27572.647356772
87 45 -40012.850500323
88 45 3324.512442776
89 45 11873.714832198
90 45 6721.765578466
91 45 -16230.722683768
92 45 20340.236954540
93 45 -16557.334716474
94 45 3241.227797769
95 45 5772.950378492
96 45 4644.708348103
97 45 -11211.409182718
98 45 24622.979168748
99 45 -13307.367994121
100 45 5079.367444057
101 45 4434.253368727
102 45 5360.029599824
103 45 -1541.878235710
104 45 14702.897438515
105 45 -7413.079320482
106 45 2768.814596174
107 45 626.614268493
108 45 1960.520510793
109 45 -2114.489759966
110 45 8321.132371511
111 45 -7623.486095369
112 45 1156.248105812
113 45 864.994692115
114 45 1186.367450075
115 45 15548.213118304
116 45 364.059184576
117 45 -4702.220919609
118 45 -581.021264983
119 45 -5836.432713924
120 45 -2772.081572955
121 45 20031.113596840
122 45 -4258.372022034
123 45 -6095.758692392
124 45 -2072.918830366
125 45 -7728.999009585
126 45 -4032.167234666
127 45 22724.460446711
128 45 -2801.520349293
129 45 -8148.084326152
130 45 -2022.006945810
131 45 -9033.760471522
132 45 -4413.503923656
133 45 29497.478237881
134 45 138.624348374
135 45 -10843.726883561
136 45 -487.678928922
137 45 -12227.497891348
138 45 -5108.056948390
139 45 27142.435393919
140 45 -2935.071878978
141 45 -22424.955550726
142 45 -3322.683274178
143 45 -12080.461501709
144 45 -6297.860180304
145 45 8300.084660763
146 45 1475.221664004
147 45 -31397.004117853
148 45 -1001.922714490
149 45 -1510.265743429
150 45 -1903.005714383
1 46 29860.192439898
2 46 -148180.638704698
3 46 -13573.865164714
4 46 -60799.838689726
5 46 -2583.281371332
6 46 -22101.933779297
7 46 26935.074864527
8 46 -200987.988343102
9 46 -22593.623002643
10 46 -85796.454786060
11 46 -1320.293201287
12 46 -25343.088652837
13 46 24501.569991000
14 46 -243714.634186804
15 46 -20633.609628052
16 46 -101389.433481769
17 46 -2250.176957715
18 46 -28788.342388968
19 46 26015.300057865
20 46 -368837.100420154
21 46 -1652.377402332
22 46 -150042.351212994
23 46 -8612.176887768
24 46 -33263.817947094
25 46 30175.598679627
26 46 -516943.259359660
27 46 13901.543732122
28 46 -224832.413788508
29 46 -13739.113884764
30 46 2591.779149749
31 46 15320.781608388
32 46 -1032402.946286962
33 46 -58843.833843206
34 46 -551023.249715986
35 46 -25284.148263941
36 46 144558.655096364
37 46 -60743.822426744
38 46 -1428521.046030520
39 46 -108934.723988349
40 46 -667280.800059088
41 46 12259.978604256
42 46 145071.138097360
43 46 30239.915590424
44 46 18421124.379558928
45 46 1537103.797919852
46 46 7685405.761605117
47 46 21547.708410336
48 46 149305.540720056
49 46 -80343.585059505
50 46 -904508.828151444
51 46 -91968.413473977
52 46 -333016.969024416
53 46 26457.932369027
54 46 44967.803890740
55 46 -73841.274901308
56 46 -582863.041441091
57 46 -81561.481570299
58 46 -204646.031467126
59 46 27975.779716470
60 46 -9781.847466178
61 46 -31117.873553332
62 46 -275148.669896746
63 46 -54158.300255769
64 46 -89172.040377611
65 46 15861.842170124
66 46 -23948.279220649
67 46 -13327.095618437
68 46 -244805.365907860
69 46 -51047.791338671
70 46 -76526.234894476
71 46 11314.156477311
72 46 -27042.555154522
73 46 -8068.138778989
74 46 -237187.251444359
75 46 -54445.695434117
76 46 -73797.074069476
77 46 9947.168115893
78 46 -29629.417890476
79 46 2939.892005459
80 46 -177667.434723599
81 46 -40050.349314072
82 46 -51616.970751065
83 46 5858.942558617
84 46 -28387.160358224
85 46 4957.361328584
86 46 -116609.747172438
87 46 -33497.289654379
88 46 -34522.374601658
89 46 3399.068016013
90 46 -16305.199951126
91 46 4848.124314366
92 46 -68698.381096560
93 46 -23547.025144006
94 46 -20499.131211861
95 46 1961.874562856
96 46 -9973.848297594
97 46 3141.846691105
98 46 -58011.880788897
99 46 -18802.573711993
100 46 -17310.521876435
101 46 1806.089467713
102 46 -9051.330794102
103 46 2556.109573440
104 46 -48098.541669516
105 46 -17845.743201368
106 46 -14817.586069811
107 46 1495.433693953
108 46 -6171.437122288
109 46 5960.470801884
110 46 -44195.793321293
111 46 -15023.442672428
112 46 -13210.670301810
113 46 473.779529999
114 46 -6493.959859859
115 46 10960.746936812
116 46 -50098.841788838
117 46 -16262.924166488
118 46 -18155.326979008
119 46 -2103.717488494
120 46 -5938.954913640
121 46 13105.582818053
122 46 -51040.919722797
123 46 -16006.091546530
124 46 -19544.024914764
125 46 -3165.186031736
126 46 -5787.346233907
127 46 15354.313646968
128 46 -67834.231472953
129 46 -20256.275769282
130 46 -25890.431948838
131 46 -3641.495083860
132 46 -7863.732579975
133 46 13717.542990809
134 46 -80068.332450016
135 46 -21761.108429261
136 46 -31431.456904411
137 46 -2482.934797972
138 46 -7500.175036000
139 46 16491.696689581
140 46 -139803.916923907
141 46 -36595.445350125
142 46 -55088.890449300
143 46 -1805.351685067
144 46 -14402.553593771
145 46 21203.814771096
146 46 -166150.800722769
147 46 -31528.084690948
148 46 -63886.490526727
149 46 -2504.142660827
150 46 -23670.877671636
1 47 135471.288150845
2 47 6201.588156292
3 47 51367.255212188
4 47 12254.169961668
5 47 -83826.258367766
6 47 -16210.400435396
7 47 178196.175386945
8 47 -3431.819485996
9 47 59658.879564970
10 47 7185.815461302
11 47 -102474.711820556
12 47 -23175.108208075
13 47 188102.627286386
14 47 4560.054564213
15 47 68977.101203498
16 47 7941.343633164
17 47 -106230.149152243
18 47 -20136.022961796
19 47 271495.876807747
20 47 37779.176986514
21 47 91626.297609330
22 47 14356.023250277
23 47 -142519.750666740
24 47 -6228.367635966
25 47 372096.981121577
26 47 65001.515407060
27 47 67039.544062327
28 47 22900.327341713
29 47 -204155.406296236
30 47 2186.603625095
31 47 733720.211296567
32 47 119770.591516753
33 47 -34005.489643267
34 47 50448.691364962
35 47 -486042.292997171
36 47 -69794.952846738
37 47 999272.623753684
38 47 63461.435788739
39 47 -29108.115885057
40 47 16272.014746889
41 47 -578915.106137577
42 47 -96390.240230763
43 47 -15463165.012309430
44 47 -32821.926936503
45 47 -1924033.728139697
46 47 21547.708410336
47 47 7761182.307996611
48 47 835311.595534301
49 47 673144.747080565
50 47 -19273.640510201
51 47 -4856.859072653
52 47 -14266.794271370
53 47 -292260.035012901
54 47 -49615.890675032
55 47 452399.979585153
56 47 -58074.117934518
57 47 53575.854075269
58 47 -21707.069744431
59 47 -181545.773286758
60 47 -37738.203872937
61 47 208116.478262769
62 47 -63901.921772221
63 47 52555.065617446
64 47 -17749.968218944
65 47 -79660.484769496
66 47 -25027.749773218
67 47 186804.584341282
68 47 -65628.479533886
69 47 53561.632619021
70 47 -15896.644164322
71 47 -68984.124191474
72 47 -23924.700186839
73 47 184164.604894084
74 47 -63457.444368948
75 47 58038.004469471
76 47 -14277.438091289
77 47 -67123.676120883
78 47 -26145.474824687
79 47 126084.839839905
80 47 -51973.604336543
81 47 49666.924524387
82 47 -10159.449928026
83 47 -45595.010287679
84 47 -19736.359610508
85 47 93886.830636536
86 47 -36792.313183728
87 47 31183.583396337
88 47 -6596.894053236
89 47 -31918.157062892
90 47 -16214.837741347
91 47 60551.399741022
92 47 -24828.946540638
93 47 20140.402135350
94 47 -4174.703558939
95 47 -19757.694736591
96 47 -10973.606428558
97 47 48376.916486659
98 47 -21408.946610923
99 47 16595.585350897
100 47 -3869.978126418
101 47 -16151.812327382
102 47 -9200.053088806
103 47 44889.066802755
104 47 -17558.672222929
105 47 12213.552412397
106 47 -3132.827873531
107 47 -14322.145922694
108 47 -8207.297590445
109 47 38659.614282838
110 47 -13908.963298503
111 47 12889.844459631
112 47 -1991.865188393
113 47 -12488.819435393
114 47 -6872.090019504
115 47 45480.287192819
116 47 -2695.057830668
117 47 11689.174593346
118 47 821.275900605
119 47 -16715.936580205
120 47 -7238.326768712
121 47 45814.809029774
122 47 257.829885542
123 47 10795.711882603
124 47 1806.709380974
125 47 -17754.332944848
126 47 -7265.764617994
127 47 59503.262013693
128 47 -245.110224887
129 47 14744.114803489
130 47 2030.397826497
131 47 -23516.144410864
132 47 -9282.398592596
133 47 70230.834841424
134 47 -6390.456609517
135 47 12896.297489374
136 47 -40.117513764
137 47 -28902.163879880
138 47 -10645.277917363
139 47 124415.204896224
140 47 -13031.261510332
141 47 27609.781012553
142 47 -1019.854376270
143 47 -52049.975022739
144 47 -19235.946162957
145 47 139282.217652218
146 47 -19058.200591489
147 47 41012.546200100
148 47 -2555.545809895
149 47 -59798.824053974
150 47 -17171.073069244
1 48 32358.142693493
2 48 -33323.617393736
3 48 5755.300737327
4 48 7696.360067020
5 48 -15179.497916415
6 48 -17972.821056841
7 48 44297.559511113
8 48 -47530.005454257
9 48 7036.533220073
10 48 6055.734049816
11 48 -21046.069245805
12 48 -25928.422144036
13 48 41550.155391377
14 48 -68844.749455939
15 48 6887.434375492
16 48 3557.952369245
17 48 -20466.824475705
18 48 -36098.970935618
19 48 50500.044727714
20 48 -111528.496303279
21 48 11808.811045835
22 48 -6821.132305713
23 48 -27299.630878975
24 48 -61412.559265763
25 48 50904.854363263
26 48 -57159.234634381
27 48 9587.187379831
28 48 26018.308847553
29 48 -34548.841112835
30 48 -108628.561727726
31 48 161068.991793176
32 48 148508.136538181
33 48 3893.951170509
34 48 193325.589928813
35 48 -89812.987227082
36 48 -272035.959250663
37 48 218420.764484226
38 48 105739.461821631
39 48 1903.934594194
40 48 164217.561667193
41 48 -108693.436831089
42 48 -328554.139702000
43 48 -2147668.072982635
44 48 2524194.128817346
45 48 2582.011346079
46 48 149305.540720056
47 48 835311.595534301
48 48 3178931.752339778
49 48 117026.120232741
50 48 -32891.841118049
51 48 -6220.552625654
52 48 8927.779109175
53 48 -34106.225774431
54 48 -147303.548295145
55 48 52929.463972689
56 48 -130610.863115698
57 48 -12584.810947258
58 48 -33408.502307585
59 48 -11985.327454137
60 48 -80391.537045337
61 48 22248.244642526
62 48 -81277.252667135
63 48 -6439.225322862
64 48 -16529.744018848
65 48 -2567.001306211
66 48 -33538.197177322
67 48 24240.164505572
68 48 -78772.581958926
69 48 -5691.434770134
70 48 -16484.524230141
71 48 -3120.293514938
72 48 -28110.146676528
73 48 25743.781398635
74 48 -78206.278226608
75 48 -5851.384801915
76 48 -16329.206350276
77 48 -4217.286753532
78 48 -25478.628644981
79 48 9185.820428477
80 48 -61751.712587368
81 48 -8768.684935776
82 48 -13217.780921367
83 48 1569.132676646
84 48 -18975.257951028
85 48 10982.281891577
86 48 -24306.816474434
87 48 -2505.573116661
88 48 -4292.056821230
89 48 -743.890251689
90 48 -10238.453221558
91 48 2202.543839181
92 48 -10169.822104820
93 48 -2337.613109890
94 48 -1914.145695974
95 48 553.160629765
96 48 -3638.740904123
97 48 10.788554165
98 48 -8685.777303588
99 48 -2515.420237473
100 48 -1696.085211455
101 48 1293.329200234
102 48 -3451.200787863
103 48 143.877704552
104 48 -1436.418401761
105 48 3.957109633
106 48 407.537604175
107 48 660.589679254
108 48 -1733.281324198
109 48 1394.489896171
110 48 -1576.350589669
111 48 296.988532933
112 48 278.884396777
113 48 151.148972331
114 48 -1629.165948599
115 48 1626.454756863
116 48 9827.114771064
117 48 5128.302744928
118 48 5158.548053943
119 48 -271.066122594
120 48 -1169.652729579
121 48 3315.544570492
122 48 12668.489943711
123 48 6536.637403351
124 48 6774.226433415
125 48 -831.479052941
126 48 -1548.489041682
127 48 3825.881773301
128 48 14482.875189612
129 48 7446.511247903
130 48 8111.136297547
131 48 -923.111032864
132 48 -2188.304290892
133 48 1891.621491162
134 48 19625.867748972
135 48 8253.042591925
136 48 10990.105345170
137 48 565.477511416
138 48 -2932.865706990
139 48 10937.477935791
140 48 15458.541956832
141 48 9184.762443117
142 48 11740.541038841
143 48 -2694.327728410
144 48 -7047.782255694
145 48 8980.195830847
146 48 -4092.547008367
147 48 2729.496460998
148 48 2983.733133788
149 48 -1002.955456873
150 48 -9124.404211142
1 49 -218121.728134314
2 49 7419.730703521
3 49 -125818.882853936
4 49 -11109.473019236
5 49 86746.784288046
6 49 11527.155582477
7 49 -245041.774809982
8 49 30583.486715386
9 49 -144778.898318274
10 49 -3070.260873906
11 49 93572.597395863
12 49 20345.693155357
13 49 -360936.592550461
14 49 21356.862687689
15 49 -160040.516388495
16 49 -10153.098386266
17 49 158293.697065367
18 49 35981.791647608
19 49 -486311.879370154
20 49 -42871.235712147
21 49 -197181.357531226
22 49 -32387.446174584
23 49 223844.194237248
24 49 35005.459941516
25 49 -630981.111156447
26 49 -108951.242548284
27 49 -193249.677294041
28 49 -59082.598801313
29 49 305122.051260338
30 49 14776.922871510
31 49 -880706.439676563
32 49 -166237.833189764
33 49 -138457.737138953
34 49 -105483.666353994
35 49 462173.730588015
36 49 103646.731475520
37 49 -1381952.492352220
38 49 -50946.596857012
39 49 -269619.478661178
40 49 -63926.169691065
41 49 660451.001921529
42 49 136556.014372085
43 49 -1474812.473651638
44 49 -149025.319092056
45 49 -267416.853247019
46 49 -80343.585059505
47 49 673144.747080565
48 49 117026.120232741
49 49 46664158.906520642
50 49 970839.676280717
51 49 3884478.162712710
52 49 402307.231998140
53 49 -19117340.784251865
54 49 -2063963.222870181
55 49 -2072865.686772064
56 49 -195396.283425988
57 49 -237544.956142788
58 49 -53584.800368347
59 49 910871.570249377
60 49 8784.999986195
61 49 -1408699.665800297
62 49 -54547.393521088
63 49 -438917.861596884
64 49 -10269.888018461
65 49 622935.458366669
66 49 1728.117704288
67 49 -950613.387249961
68 49 138017.562114895
69 49 -247411.694467553
70 49 33655.282739412
71 49 385367.566060132
72 49 71508.041900108
73 49 -855620.500336546
74 49 127550.239534851
75 49 -223478.338654223
76 49 27036.904273350
77 49 334526.916477692
78 49 82427.313042309
79 49 -573986.269903627
80 49 143843.801749045
81 49 -149284.829104688
82 49 24654.267558982
83 49 208562.475734466
84 49 86729.350804552
85 49 -392427.421688044
86 49 87029.123938848
87 49 -87071.941946120
88 49 15869.652385532
89 49 143672.369606844
90 49 58882.686092959
91 49 -260570.160223367
92 49 65472.448372924
93 49 -64647.572081556
94 49 12638.603348395
95 49 94963.464196929
96 49 40831.548415897
97 49 -175515.811879571
98 49 51748.317832392
99 49 -57454.761673483
100 49 8624.143147032
101 49 63811.662389016
102 49 29427.301030340
103 49 -181235.372069521
104 49 51513.788786628
105 49 -56655.967306338
106 49 8079.539056348
107 49 64166.965365848
108 49 31155.905250218
109 49 -176929.365329640
110 49 38366.010845189
111 49 -48487.233790112
112 49 4534.450495578
113 49 62327.823718860
114 49 30235.679765610
115 49 -208485.566500747
116 49 -22805.574520510
117 49 -54844.634341121
118 49 -15933.858393139
119 49 78496.381366088
120 49 30958.544677926
121 49 -209318.494718195
122 49 -51171.466958501
123 49 -58959.200066249
124 49 -27522.639224619
125 49 81091.894037886
126 49 33758.196784963
127 49 -259141.699429163
128 49 -44225.712236968
129 49 -73591.087503608
130 49 -26641.320506619
131 49 100261.682764528
132 49 38611.905993656
133 49 -267917.039594061
134 49 -22642.799884176
135 49 -45742.753215891
136 49 -15737.023549729
137 49 114667.389334692
138 49 38489.218869226
139 49 -582655.240303914
140 49 -33455.360931194
141 49 -112968.725667401
142 49 -28480.811973483
143 49 257758.257656045
144 49 85542.794438889
145 49 -511958.937631769
146 49 2151.200195662
147 49 -107858.518181658
148 49 -10840.193352354
149 49 237497.986699445
150 49 54270.054705717
1 50 104500.174063987
2 50 -292698.286481040
3 50 -3030.828467684
4 50 -82103.534058423
5 50 -26731.057795996
6 50 -58720.072570698
7 50 95566.246689021
8 50 -358355.847207606
9 50 -12623.575802170
10 50 -95346.410907664
11 50 -21954.826004321
12 50 -73782.088138221
13 50 92446.901800019
14 50 -419395.069330738
15 50 -24987.531330090
16 50 -143582.837992138
17 50 -20632.477255688
18 50 -74209.690880476
19 50 91449.258861710
20 50 -623744.982608301
21 50 6103.519362599
22 50 -230611.396980067
23 50 -18880.330657342
24 50 -75776.714023978
25 50 135139.657312682
26 50 -900328.574395988
27 50 51055.785534454
28 50 -357215.889640912
29 50 -40588.102372048
30 50 -30723.155375969
31 50 117676.385648840
32 50 -1261452.384263585
33 50 -18997.871089009
34 50 -574996.352712063
35 50 -35199.234285325
36 50 72386.773210093
37 50 142514.787895145
38 50 -2135559.770239564
39 50 -70638.813358205
40 50 -862113.786760258
41 50 -35440.814095913
42 50 886.355121656
43 50 73948.283559528
44 50 -2367461.383368501
45 50 -71732.835305407
46 50 -904508.828151444
47 50 -19273.640510201
48 50 -32891.841118049
49 50 970839.676280718
50 50 62220957.077163830
51 50 4442544.323803369
52 50 22454988.342817966
53 50 -395557.502292500
54 50 540596.232332690
55 50 -579417.304855562
56 50 -3511821.121207109
57 50 -241112.098860139
58 50 -1319781.799440369
59 50 211663.631712239
60 50 -112580.223166942
61 50 -581348.935425808
62 50 -2631314.794172236
63 50 -308673.865556656
64 50 -920541.977048777
65 50 235246.869767177
66 50 -420971.299909077
67 50 -190552.251292086
68 50 -1593032.552290585
69 50 -247587.388179497
70 50 -539555.486274124
71 50 92994.457191114
72 50 -163226.669478438
73 50 -134584.581626648
74 50 -1338765.085667438
75 50 -241411.414754037
76 50 -448555.771144301
77 50 70403.244412513
78 50 -131729.611188389
79 50 8361.066290404
80 50 -806030.160702563
81 50 -205286.160822214
82 50 -269521.143148130
83 50 20699.725932164
84 50 -71436.661275425
85 50 -1253.718027034
86 50 -532551.213724443
87 50 -154967.777926469
88 50 -187653.302435395
89 50 13709.028038007
90 50 -34762.748653847
91 50 6804.484718118
92 50 -345644.727125150
93 50 -113090.613678760
94 50 -121973.811366462
95 50 7295.819174833
96 50 -27511.004099162
97 50 7841.470257386
98 50 -237054.985444588
99 50 -77155.189994698
100 50 -79030.833122168
101 50 6054.524291933
102 50 -27160.883534789
103 50 8867.891986481
104 50 -230886.274785281
105 50 -81418.376550466
106 50 -77445.306480705
107 50 5977.820834920
108 50 -25657.075922343
109 50 20426.053152011
110 50 -252405.035023239
111 50 -87636.879636788
112 50 -88330.503438953
113 50 833.791650353
114 50 -21132.468355017
115 50 43040.580430763
116 50 -306885.158738320
117 50 -98837.095230468
118 50 -118484.169300943
119 50 -10309.792797928
120 50 -19307.661325545
121 50 40255.546387764
122 50 -311971.371490261
123 50 -102596.894266263
124 50 -125172.048626374
125 50 -10798.985771655
126 50 -16667.787202060
127 50 57972.232075911
128 50 -380350.772121667
129 50 -113629.162028773
130 50 -148796.241614392
131 50 -15169.595865098
132 50 -24483.311060984
133 50 38087.615665424
134 50 -409593.452011038
135 50 -113536.938075542
136 50 -178628.924334077
137 50 -11660.279959031
138 50 -12651.691410850
139 50 39448.881458086
140 50 -805675.403736862
141 50 -210762.004151759
142 50 -355163.365181904
143 50 -7192.868871130
144 50 -28317.889330861
145 50 57556.733334926
146 50 -705619.344557726
147 50 -125522.314983334
148 50 -306137.853545660
149 50 -12540.339644332
150 50 -40403.495759028
1 51 -26664.858362060
2 51 -32646.581458271
3 51 -46260.754716136
4 51 -9893.944137173
5 51 12088.733327427
6 51 -2593.184944496
7 51 -54980.199910532
8 51 -42473.537049607
9 51 -63436.197263430
10 51 -14517.296435584
11 51 24348.967108968
12 51 -4255.714764435
13 51 -33908.099515592
14 51 -58930.304698553
15 51 -69236.046427192
16 51 -24347.651821589
17 51 10053.598472335
18 51 -9936.100013124
19 51 -69401.614214564
20 51 -106259.250081182
21 51 -114362.191000771
22 51 -44891.069370158
23 51 16098.531887017
24 51 -16993.419295447
25 51 -53387.357950823
26 51 -138496.187096116
27 51 -157603.800948673
28 51 -53909.769131630
29 51 -5289.813839137
30 51 -10081.314093646
31 51 24086.684880272
32 51 -152806.229439778
33 51 -224192.550719973
34 51 -78631.719346532
35 51 -71914.563826938
36 51 -3353.245193236
37 51 -73532.972946173
38 51 -234782.105015101
39 51 -364076.987875571
40 51 -107324.497738284
41 51 -30844.100710208
42 51 -4744.747992132
43 51 -104404.548307744
44 51 -208812.783988812
45 51 -391943.398642778
46 51 -91968.413473977
47 51 -4856.859072653
48 51 -6220.552625654
49 51 3884478.162712710
50 51 4442544.323803369
51 51 12183168.392128320
52 51 1666458.657964085
53 51 -740736.758349814
54 51 -6749.729705640
55 51 -196875.157772214
56 51 -14539.756230570
57 51 -609934.564986045
58 51 5956.603247261
59 51 71827.405278449
60 51 2578.267604617
61 51 -113255.964135911
62 51 175660.776678352
63 51 -458448.099314951
64 51 69974.532985390
65 51 95425.694734070
66 51 42037.696992450
67 51 -950.147724199
68 51 23597.210560141
69 51 -253031.294177873
70 51 1978.634916453
71 51 10156.929454488
72 51 4024.401947855
73 51 37882.697996986
74 51 8424.407853727
75 51 -197197.496640940
76 51 -6927.367747372
77 51 -8023.058357941
78 51 -2182.386958903
79 51 59786.491609867
80 51 -13550.625922248
81 51 -94460.231983845
82 51 -12078.532275837
83 51 -21317.622995732
84 51 -10919.150685961
85 51 70175.826824668
86 51 1238.741932577
87 51 -48686.427113955
88 51 -3586.044733299
89 51 -26775.221195503
90 51 -10597.638244871
91 51 48501.172092862
92 51 16079.562998186
93 51 -20791.181218484
94 51 3848.355409214
95 51 -18600.914246065
96 51 -6011.214058741
97 51 20284.395878723
98 51 17622.551235137
99 51 -16488.051619919
100 51 4448.390382852
101 51 -6820.216419511
102 51 -589.636749790
103 51 25190.341741317
104 51 12039.629843513
105 51 -12360.501464974
106 51 2983.289024381
107 51 -8483.996288552
108 51 -2281.650715438
109 51 46895.518929127
110 51 1527.674329381
111 51 -12929.284189794
112 51 -891.198656288
113 51 -17796.441956776
114 51 -8298.094636861
115 51 91187.149463006
116 51 -8042.423749315
117 51 -10910.513948178
118 51 -3846.812204349
119 51 -34964.423675370
120 51 -15234.382953175
121 51 101661.061754334
122 51 -18087.754600407
123 51 -18766.324925496
124 51 -8539.030140502
125 51 -39899.683994173
126 51 -18548.979437938
127 51 111813.520750902
128 51 -21928.708802162
129 51 -19641.860949044
130 51 -9501.299700361
131 51 -43015.587220312
132 51 -19304.741015319
133 51 130576.768338893
134 51 -5419.393079797
135 51 -19829.161771032
136 51 -3152.017181073
137 51 -58021.740197694
138 51 -20454.499194129
139 51 217041.806072148
140 51 -31662.331931286
141 51 -64258.683693337
142 51 -17467.885761241
143 51 -99376.745967147
144 51 -36111.040475862
145 51 141469.962921829
146 51 -20793.780133891
147 51 -56975.762550344
148 51 -9533.431830780
149 51 -67390.417475819
150 51 -18793.446906045
1 52 29533.086435779
2 52 -95147.128306224
3 52 -3177.765127027
4 52 -27584.666125334
5 52 -7346.858094797
6 52 -18550.450826579
7 52 25530.561776258
8 52 -112548.149461072
9 52 -6841.654488749
10 52 -30795.798699672
11 52 -5396.804150908
12 52 -22581.752686286
13 52 27718.162244613
14 52 -141504.674722970
15 52 -12809.444381601
16 52 -51218.496592137
17 52 -6476.746072708
18 52 -24156.212376599
19 52 24817.465040044
20 52 -209753.146437488
21 52 -4741.150063425
22 52 -82336.662359528
23 52 -7315.608567469
24 52 -22707.000725202
25 52 39624.203040605
26 52 -300811.342756021
27 52 8660.036834807
28 52 -125490.807839067
29 52 -16027.047525505
30 52 -7841.374483380
31 52 44638.266224118
32 52 -446624.050725020
33 52 -22569.599103417
34 52 -216126.619779222
35 52 -24312.086008497
36 52 33490.922137440
37 52 44068.768427133
38 52 -746815.675587942
39 52 -45129.379298654
40 52 -318768.389432817
41 52 -19465.702568805
42 52 19774.850900295
43 52 24300.541723814
44 52 -831908.530265392
45 52 -42893.257578449
46 52 -333016.969024416
47 52 -14266.794271370
48 52 8927.779109175
49 52 402307.231998140
50 52 22454988.342817966
51 52 1666458.657964085
52 52 8820633.064412188
53 52 41068.515208824
54 52 -154147.811920399
55 52 -202327.918542514
56 52 -1342109.876594725
57 52 -69000.803023258
58 52 -523266.189268534
59 52 60262.090924050
60 52 -21259.021849238
61 52 -202928.456066582
62 52 -1007788.249556805
63 52 -88682.643822339
64 52 -366435.009697629
65 52 70013.202938051
66 52 -160111.676568690
67 52 -76512.394026117
68 52 -591155.255369789
69 52 -86887.997352311
70 52 -208947.577974746
71 52 32128.865927080
72 52 -54223.418496420
73 52 -53182.837549951
74 52 -496376.248463391
75 52 -89991.760463492
76 52 -173608.511797984
77 52 23748.807822126
78 52 -42290.479259073
79 52 -1447.579721291
80 52 -297633.471777800
81 52 -78830.855646956
82 52 -103901.638476955
83 52 8263.290674136
84 52 -23207.519870754
85 52 -3032.614795068
86 52 -200978.989995627
87 52 -59285.074259208
88 52 -73942.282718355
89 52 5737.780561539
90 52 -11941.314088920
91 52 619.209914003
92 52 -130775.612293766
93 52 -42025.427748247
94 52 -48312.015361328
95 52 3404.338329496
96 52 -10053.224200009
97 52 2519.873858439
98 52 -88780.807279811
99 52 -27687.059356214
100 52 -30889.976389886
101 52 2334.276946697
102 52 -10685.317113637
103 52 3216.403623940
104 52 -86125.358532092
105 52 -29652.460933631
106 52 -30386.399551835
107 52 2204.596731653
108 52 -10104.259722371
109 52 7046.522845963
110 52 -91499.094468910
111 52 -32366.767886334
112 52 -33299.110021991
113 52 485.961311700
114 52 -7244.338100573
115 52 21442.501805570
116 52 -115442.513107297
117 52 -38377.596845832
118 52 -45926.034107314
119 52 -5896.826206302
120 52 -8248.272874917
121 52 25279.695366215
122 52 -118418.937091921
123 52 -40779.464561771
124 52 -49083.353952786
125 52 -8104.175409207
126 52 -8028.752357894
127 52 31070.801311359
128 52 -142077.059998569
129 52 -43980.899748571
130 52 -57032.848579701
131 52 -9125.703503267
132 52 -11355.301142920
133 52 18986.716487864
134 52 -162267.187518882
135 52 -46229.227931102
136 52 -73060.056444945
137 52 -6335.026469963
138 52 -5262.865349071
139 52 24587.372451648
140 52 -328223.535393849
141 52 -88934.306968693
142 52 -150210.861414303
143 52 -7812.202414698
144 52 -12183.340141738
145 52 22151.788742083
146 52 -286917.171237159
147 52 -52134.967932229
148 52 -129421.512783074
149 52 -5547.561723357
150 52 -14078.803716778
1 53 75060.693832604
2 53 5021.087214512
3 53 44771.358343853
4 53 5839.794106007
5 53 -30768.545730712
6 53 -2204.962906255
7 53 82806.680930381
8 53 -2553.075974511
9 53 51773.822561975
10 53 3047.211056848
11 53 -32504.624346063
12 53 -5125.924343852
13 53 129871.238847559
14 53 -392.143373878
15 53 56992.642070369
16 53 5079.405101339
17 53 -60068.004261463
18 53 -11823.723502209
19 53 175801.488354626
20 53 27450.062200911
21 53 68348.533908201
22 53 11824.620452769
23 53 -87573.398800411
24 53 -9652.075456876
25 53 236688.427882009
26 53 49274.653179492
27 53 61908.394087611
28 53 20587.393149276
29 53 -124029.923530930
30 53 688.651322261
31 53 351537.427838945
32 53 64774.456420805
33 53 27508.783340958
34 53 32890.283624607
35 53 -203956.652700441
36 53 -29531.028196845
37 53 545853.622435687
38 53 33831.818667771
39 53 68193.084023602
40 53 21551.344502373
41 53 -285679.157813443
42 53 -37996.443923933
43 53 591365.950463220
44 53 63856.696790250
45 53 69843.200240275
46 53 26457.932369027
47 53 -292260.035012901
48 53 -34106.225774431
49 53 -19117340.784251865
50 53 -395557.502292500
51 53 -740736.758349814
52 53 41068.515208824
53 53 8897216.151890740
54 53 616676.875025043
55 53 937395.016447791
56 53 43708.487677754
57 53 78595.967908579
58 53 -8414.103261912
59 53 -449471.812157539
60 53 -5059.822493905
61 53 642737.235788690
62 53 -43395.592386811
63 53 201095.368212936
64 53 -33677.009770813
65 53 -308033.948784236
66 53 -21285.288383172
67 53 421281.201733814
68 53 -62177.360477087
69 53 89010.419539540
70 53 -22891.654379351
71 53 -182099.500550159
72 53 -34420.143854226
73 53 374164.364271409
74 53 -55616.715366349
75 53 75740.938935076
76 53 -17766.044422729
77 53 -153607.999698602
78 53 -38588.397303949
79 53 248510.328505730
80 53 -50933.151439173
81 53 48480.846127742
82 53 -10570.818073694
83 53 -94297.637797591
84 53 -36384.614777997
85 53 177094.999323656
86 53 -31212.066105350
87 53 27594.691259532
88 53 -6811.952934501
89 53 -67568.244111951
90 53 -26223.869198829
91 53 117474.171704516
92 53 -23838.147012523
93 53 22103.800280389
94 53 -5120.952112969
95 53 -44642.633271742
96 53 -18441.515826183
97 53 76007.038331707
98 53 -20040.311688064
99 53 20924.337984426
100 53 -3878.291273141
101 53 -28668.979237900
102 53 -12855.605093029
103 53 77769.103858079
104 53 -19796.531433025
105 53 20621.299940189
106 53 -3649.043686497
107 53 -28488.739652404
108 53 -13429.287721553
109 53 81055.725188622
110 53 -13245.087483159
111 53 15781.333681288
112 53 -1635.995794264
113 53 -29683.170254877
114 53 -13909.765950962
115 53 104603.510330719
116 53 8194.351337189
117 53 18322.547153660
118 53 5624.562458919
119 53 -40349.561056726
120 53 -15996.984894894
121 53 108060.949210529
122 53 17080.207755416
123 53 17936.106930530
124 53 8944.058853228
125 53 -42924.993083060
126 53 -17592.416757017
127 53 125575.347457765
128 53 14402.817985668
129 53 23819.965700526
130 53 8726.969216235
131 53 -49739.842925353
132 53 -18820.027089872
133 53 144561.849259235
134 53 10493.961532603
135 53 12315.907646063
136 53 6361.854864629
137 53 -64271.542369233
138 53 -21055.213362429
139 53 296231.657502770
140 53 12688.040381132
141 53 28027.398633785
142 53 8032.721000803
143 53 -135913.787109834
144 53 -43748.425734254
145 53 241817.011307678
146 53 1869.379899077
147 53 29062.134143369
148 53 3309.376087303
149 53 -117144.307738233
150 53 -24867.600972384
1 54 18017.022074601
2 54 -28062.813884026
3 54 4048.377964752
4 54 -4869.786722915
5 54 -4237.690607559
6 54 -8032.758449779
7 54 24160.511030118
8 54 -45132.054620760
9 54 5691.748272503
10 54 -9899.761899974
11 54 -6869.038855039
12 54 -11230.333299081
13 54 36043.820752016
14 54 -36993.456481623
15 54 9071.872320611
16 54 -3860.604691703
17 54 -14542.952485518
18 54 -14807.805992822
19 54 54177.176729986
20 54 -50000.385067693
21 54 13094.876052969
22 54 865.087995925
23 54 -27139.260846340
24 54 -33153.421692645
25 54 48529.099235551
26 54 -23367.074439884
27 54 10248.370706055
28 54 18298.035266679
29 54 -27436.844319177
30 54 -53499.449389250
31 54 90193.244668069
32 54 57102.993098099
33 54 5519.957248315
34 54 71252.120945047
35 54 -46710.760398319
36 54 -102295.955285991
37 54 123224.522780701
38 54 7532.515824159
39 54 8787.509385940
40 54 60676.447304298
41 54 -55990.841629032
42 54 -142119.637763292
43 54 116079.287881787
44 54 -5643.335004460
45 54 6460.904426811
46 54 44967.803890740
47 54 -49615.890675032
48 54 -147303.548295145
49 54 -2063963.222870181
50 54 540596.232332690
51 54 -6749.729705640
52 54 -154147.811920399
53 54 616676.875025043
54 54 3699233.731512678
55 54 -27402.338585062
56 54 -89659.510023404
57 54 -4713.738895097
58 54 -14435.616107186
59 54 32006.321103947
60 54 -283180.210597600
61 54 -76913.487324686
62 54 -298817.627192560
63 54 -26630.360257075
64 54 -81486.839761175
65 54 55955.802985023
66 54 -216242.743090066
67 54 29175.749260367
68 54 -55058.960041986
69 54 5096.436061389
70 54 4047.788622670
71 54 2242.432339782
72 54 -88835.514752745
73 54 42319.636767482
74 54 -21225.931399388
75 54 12653.639317202
76 54 15300.890439034
77 54 -6288.561703653
78 54 -63813.124144368
79 54 40872.100540078
80 54 21978.814715623
81 54 19625.225770479
82 54 21227.387366236
83 54 -8592.328780328
84 54 -24709.647299000
85 54 19376.912551310
86 54 39389.133267058
87 54 18230.900076889
88 54 22487.281952145
89 54 -2837.833346699
90 54 -13107.724714771
91 54 2749.815156824
92 54 28538.215220173
93 54 11820.711296441
94 54 15249.339813044
95 54 1933.159430171
96 54 -5357.290109074
97 54 1349.875054031
98 54 9819.852122027
99 54 4538.416881770
100 54 6191.807644313
101 54 1922.355983432
102 54 -4038.804830738
103 54 1648.885433725
104 54 11947.022280888
105 54 5603.548614448
106 54 6607.609536179
107 54 1371.687254345
108 54 -2756.393460595
109 54 4895.811626758
110 54 27603.368306290
111 54 13589.525273458
112 54 14152.086773057
113 54 -544.780539368
114 54 -3020.081932549
115 54 7364.454625238
116 54 54186.529949512
117 54 22415.469797107
118 54 25245.214108125
119 54 -1841.295050676
120 54 -3167.532503550
121 54 16381.534143171
122 54 61372.346082761
123 54 26669.483908276
124 54 29721.835327726
125 54 -4828.361489589
126 54 -5618.375191591
127 54 15563.425290491
128 54 65372.844627482
129 54 26242.794445573
130 54 30526.342653306
131 54 -4441.110283809
132 54 -5775.489874237
133 54 8196.971057691
134 54 85340.548219914
135 54 28013.857915545
136 54 43693.548909422
137 54 -1260.192779201
138 54 -6620.683537796
139 54 37751.323429058
140 54 135725.639158544
141 54 46266.716588925
142 54 74473.068989468
143 54 -9515.995762336
144 54 -24093.020157709
145 54 18694.450785224
146 54 86665.097283558
147 54 22110.312758764
148 54 50010.393510145
149 54 -2382.383380529
150 54 -21215.550889372
1 55 -203273.336439286
2 55 9294.881916057
3 55 -125064.601637294
4 55 -10661.901271425
5 55 79987.225584958
6 55 16447.179417357
7 55 -225331.508341423
8 55 2364.439391306
9 55 -112183.973186906
10 55 -11112.546359751
11 55 92417.151530929
12 55 16820.334479725
13 55 -283950.209623777
14 55 6839.265753020
15 55 -141348.096449838
16 55 -11490.757198201
17 55 122902.808949577
18 55 24325.213226427
19 55 -341798.466623553
20 55 -67313.335237114
21 55 -174127.654640821
22 55 -24831.695899523
23 55 143246.166724304
24 55 -6467.923388978
25 55 -398216.799709160
26 55 -110739.321936369
27 55 -180710.366382124
28 55 -39219.003027624
29 55 174308.929216689
30 55 -20697.939506247
31 55 -511818.290555545
32 55 -72988.795651857
33 55 -160635.148814527
34 55 -47917.292249502
35 55 240390.458155151
36 55 20260.973531188
37 55 -915059.706283260
38 55 -81497.492224583
39 55 -257404.627849938
40 55 -59271.922539619
41 55 426521.047367410
42 55 59769.699550583
43 55 -1020057.109265977
44 55 -158557.986586190
45 55 -283991.777458682
46 55 -73841.274901308
47 55 452399.979585153
48 55 52929.463972689
49 55 -2072865.686772064
50 55 -579417.304855562
51 55 -196875.157772214
52 55 -202327.918542514
53 55 937395.016447791
54 55 -27402.338585062
55 55 44237063.391717881
56 55 1339709.973693307
57 55 4628498.993669965
58 55 480909.792194385
59 55 -17798139.191327319
60 55 -2495187.935939749
61 55 -1604441.527479900
62 55 -191891.738353431
63 55 -478246.178593398
64 55 -60663.982235359
65 55 709963.287081095
66 55 -4978.225764900
67 55 -1123269.116231653
68 55 -53704.178513071
69 55 -292009.301760501
70 55 -23396.322456873
71 55 465326.545463430
72 55 54645.839928616
73 55 -1090477.716846342
74 55 69942.876287838
75 55 -275076.045139024
76 55 -1674.184172299
77 55 420010.452638611
78 55 122625.357258251
79 55 -749663.404078562
80 55 99196.165714484
81 55 -208709.814461122
82 55 6535.110473148
83 55 304351.802241490
84 55 102998.797176432
85 55 -485459.492396009
86 55 62726.495236330
87 55 -126369.038364400
88 55 2684.303445746
89 55 200695.188661319
90 55 76536.584907900
91 55 -255755.573410362
92 55 42785.588668099
93 55 -72843.157562087
94 55 2340.773336477
95 55 92352.985410392
96 55 41300.279043796
97 55 -210721.898298991
98 55 29457.198774735
99 55 -52011.159683164
100 55 1249.010908588
101 55 77243.252678213
102 55 35556.610203404
103 55 -198323.088436572
104 55 32822.090233788
105 55 -64215.563642062
106 55 1018.228468532
107 55 69260.896315542
108 55 33394.370563817
109 55 -196533.002485593
110 55 27036.339707529
111 55 -65447.196879665
112 55 -2252.687086962
113 55 69233.892509298
114 55 32987.115277039
115 55 -223271.083954561
116 55 -41642.055871183
117 55 -76887.263540549
118 55 -26255.873450827
119 55 85021.633057676
120 55 32782.881772273
121 55 -238430.174827384
122 55 -75146.181955721
123 55 -89117.622501175
124 55 -39741.563047721
125 55 92560.217369798
126 55 36463.094751221
127 55 -280199.152080821
128 55 -72517.852040261
129 55 -99353.486516634
130 55 -41768.929308255
131 55 109392.490600598
132 55 44029.182369185
133 55 -258260.236362065
134 55 -38234.698940304
135 55 -71175.269038457
136 55 -27377.089019283
137 55 110489.211096981
138 55 37699.769211105
139 55 -640855.540439810
140 55 -93259.314779967
141 55 -150303.559695114
142 55 -59188.962255149
143 55 287397.371641971
144 55 88179.990022715
145 55 -638980.712482798
146 55 -64223.844609419
147 55 -133800.463324851
148 55 -49179.743047764
149 55 296717.901101201
150 55 83091.901625028
1 56 110425.074369918
2 56 -260352.758960330
3 56 -1760.539529085
4 56 -70268.943203195
5 56 -28216.646247828
6 56 -56849.702222700
7 56 90542.090273647
8 56 -288046.507459068
9 56 -2184.544794652
10 56 -90340.264858465
11 56 -25727.796744274
12 56 -45706.035371040
13 56 102137.480270916
14 56 -345361.572959916
15 56 -3942.980336551
16 56 -110255.750282168
17 56 -27940.052763620
18 56 -65479.034817702
19 56 101085.257666317
20 56 -436401.502047993
21 56 39380.873642897
22 56 -138067.655228618
23 56 -40411.536733128
24 56 -84191.245161892
25 56 112040.940387337
26 56 -521173.673092893
27 56 66972.027607107
28 56 -178343.376169478
29 56 -49225.765424158
30 56 -86069.521671945
31 56 185812.562860028
32 56 -736477.851008005
33 56 24756.409086155
34 56 -285826.364369515
35 56 -68282.085251507
36 56 -44735.904355579
37 56 186119.121256721
38 56 -1373534.133301636
39 56 2724.418763123
40 56 -529092.998686005
41 56 -65122.456918101
42 56 -84872.244832479
43 56 155622.046749276
44 56 -1614554.557022881
45 56 1694.966591983
46 56 -582863.041441091
47 56 -58074.117934518
48 56 -130610.863115698
49 56 -195396.283425988
50 56 -3511821.121207109
51 56 -14539.756230570
52 56 -1342109.876594725
53 56 43708.487677754
54 56 -89659.510023404
55 56 1339709.973693307
56 56 57676862.541566759
57 56 5333301.197391798
58 56 20589861.223444592
59 56 -476575.743787233
60 56 1371838.880376011
61 56 -497994.937074008
62 56 -2841523.601103441
63 56 -240879.565416559
64 56 -1004964.477188394
65 56 193266.606939105
66 56 -458263.891444418
67 56 -248113.638138492
68 56 -1812212.810509691
69 56 -218597.992521881
70 56 -621795.673334369
71 56 100417.748608642
72 56 -206520.453088879
73 56 -90499.131849080
74 56 -1637254.242693749
75 56 -265082.355469900
76 56 -544427.717403914
77 56 55686.672318009
78 56 -143241.970129294
79 56 31899.676563472
80 56 -1013940.219122796
81 56 -220747.577563932
82 56 -361207.927098067
83 56 17689.131496778
84 56 -105240.878605323
85 56 27661.750099812
86 56 -613735.540937331
87 56 -165887.733641446
88 56 -235200.086022135
89 56 8786.952868169
90 56 -55804.118609644
91 56 25391.152653440
92 56 -327262.575076454
93 56 -101857.772135402
94 56 -114134.071445192
95 56 2117.998200627
96 56 -30168.439799562
97 56 11593.421736859
98 56 -272971.218741028
99 56 -92311.372059989
100 56 -100446.679541902
101 56 3193.083111647
102 56 -18767.350947940
103 56 15912.518078117
104 56 -241884.558127087
105 56 -83166.969729632
106 56 -81445.268239282
107 56 3090.826707394
108 56 -25762.127755682
109 56 36152.487944146
110 56 -276037.542092459
111 56 -86456.444537599
112 56 -92673.689627535
113 56 -2244.757899907
114 56 -27541.620592333
115 56 62632.386322504
116 56 -322026.483286433
117 56 -92175.534959808
118 56 -117495.158441112
119 56 -13581.204319980
120 56 -29027.296402305
121 56 64349.929046074
122 56 -350368.600427396
123 56 -96977.800180293
124 56 -128672.470216728
125 56 -15060.974673531
126 56 -30208.393614618
127 56 78972.910326240
128 56 -395000.086663346
129 56 -109614.320344473
130 56 -148308.821457261
131 56 -18875.683881966
132 56 -35714.054624512
133 56 65808.048422529
134 56 -375571.791935171
135 56 -95048.414696451
136 56 -156450.526567400
137 56 -17019.726936472
138 56 -26969.153795866
139 56 75111.108141366
140 56 -809434.563800958
141 56 -192008.279803042
142 56 -357231.239620116
143 56 -18426.306602096
144 56 -49317.540656611
145 56 112165.859793739
146 56 -891237.205242208
147 56 -156338.346902081
148 56 -383389.313889345
149 56 -29879.905500917
150 56 -40409.517513264
1 57 -27253.549674243
2 57 -49742.389064838
3 57 -45112.102037550
4 57 -16201.473526014
5 57 13612.315129571
6 57 -6347.000452508
7 57 -28146.186368108
8 57 -47503.057770367
9 57 -48413.550917806
10 57 -16203.019209094
11 57 9972.554789154
12 57 -5076.206235950
13 57 -38800.865086021
14 57 -61908.490994118
15 57 -59028.978737945
16 57 -23445.651179510
17 57 14424.147876538
18 57 -9339.911606545
19 57 -77403.217884083
20 57 -88341.609165628
21 57 -70712.455946761
22 57 -28791.610725780
23 57 35030.531728959
24 57 -14508.597749196
25 57 -83855.952910169
26 57 -103183.521682512
27 57 -81450.482109715
28 57 -33692.547663188
29 57 33540.763598183
30 57 -16665.291190213
31 57 -50037.038730575
32 57 -124827.387383137
33 57 -116389.940926267
34 57 -46052.056149756
35 57 7064.506792166
36 57 -5942.731480595
37 57 -119976.982366256
38 57 -207163.877876775
39 57 -217597.448229165
40 57 -84156.807940433
41 57 23184.694756096
42 57 -8615.308448156
43 57 -167412.836985031
44 57 -209988.770972059
45 57 -257768.333392141
46 57 -81561.481570299
47 57 53575.854075269
48 57 -12584.810947258
49 57 -237544.956142788
50 57 -241112.098860139
51 57 -609934.564986045
52 57 -69000.803023258
53 57 78595.967908579
54 57 -4713.738895097
55 57 4628498.993669966
56 57 5333301.197391799
57 57 11356926.703779303
58 57 1993337.827673204
59 57 -1293947.216200908
60 57 -4334.048407152
61 57 -144842.623727727
62 57 77280.526156682
63 57 -515624.671912714
64 57 40141.100055325
65 57 113615.069763841
66 57 28473.169870908
67 57 -8315.158746464
68 57 -12821.379695508
69 57 -309513.134349250
70 57 -5740.316016683
71 57 24013.976113431
72 57 4003.759384316
73 57 44332.264867545
74 57 -77223.871354845
75 57 -257080.014917500
76 57 -39354.716621509
77 57 -9944.440392058
78 57 -12941.482626485
79 57 67933.848491251
80 57 -33784.080765699
81 57 -125748.434748673
82 57 -9128.968370252
83 57 -21720.043792766
84 57 -9633.401012163
85 57 67143.638511727
86 57 -20872.676773860
87 57 -64682.056506479
88 57 -2337.153066885
89 57 -24217.873182943
90 57 -9014.488051214
91 57 40767.444810584
92 57 -5045.193355648
93 57 -27756.858208552
94 57 -3833.119105299
95 57 -14976.620058422
96 57 -7256.052579465
97 57 49337.898817782
98 57 -975.017601180
99 57 -21633.391063189
100 57 -2032.335990742
101 57 -18754.970360413
102 57 -8504.865343684
103 57 30212.511195958
104 57 -2637.933524966
105 57 -18183.260635295
106 57 -2303.305673851
107 57 -9329.819376064
108 57 -4931.496990075
109 57 43222.520010832
110 57 -10976.287833640
111 57 -20395.157747782
112 57 -5353.348887099
113 57 -15825.950875555
114 57 -8975.114391866
115 57 83328.416300511
116 57 -25142.407202260
117 57 -19557.708151422
118 57 -10337.791126597
119 57 -31355.253819540
120 57 -15993.754518405
121 57 95316.187179067
122 57 -36458.601440257
123 57 -28953.723747672
124 57 -15443.783550553
125 57 -35997.507832855
126 57 -19504.096686897
127 57 107423.110528124
128 57 -46401.641309807
129 57 -31426.623989518
130 57 -19088.708068182
131 57 -40494.969131049
132 57 -22395.363981036
133 57 99871.388044803
134 57 -30861.357217583
135 57 -23944.700521508
136 57 -12813.402069750
137 57 -44081.422421101
138 57 -18581.469728025
139 57 208973.240512030
140 57 -67843.861489170
141 57 -72229.069599192
142 57 -30054.560869650
143 57 -92747.109123401
144 57 -34795.389090332
145 57 184962.495053063
146 57 -84730.648823321
147 57 -94733.405601718
148 57 -37142.719329475
149 57 -88823.868257447
150 57 -31426.117492492
1 58 30887.233681729
2 58 -83642.993580227
3 58 -3599.487130821
4 58 -23406.855240552
5 58 -7608.745590836
6 58 -17740.897837385
7 58 25257.510791873
8 58 -90740.390543513
9 58 -3606.287250504
10 58 -29087.626317686
11 58 -7191.808217938
12 58 -14220.578194367
13 58 29180.292569003
14 58 -112355.073836125
15 58 -5268.835026106
16 58 -37597.090773741
17 58 -8194.506455281
18 58 -20649.574391405
19 58 28195.382982552
20 58 -144170.144903046
21 58 10074.005262595
22 58 -46557.584076897
23 58 -11417.350122157
24 58 -27106.629028994
25 58 32592.488776817
26 58 -172609.598287945
27 58 19105.335208713
28 58 -60907.119729716
29 58 -15283.721509091
30 58 -26993.730606145
31 58 56853.968026049
32 58 -246186.921125204
33 58 1950.275779501
34 58 -99412.801752040
35 58 -23226.751057026
36 58 -11243.033248233
37 58 56043.532352296
38 58 -467382.699649907
39 58 -11847.932458831
40 58 -189159.854968231
41 58 -24333.682447131
42 58 -15988.099630511
43 58 46452.501841515
44 58 -545933.309712647
45 58 -11128.228503717
46 58 -204646.031467126
47 58 -21707.069744431
48 58 -33408.502307585
49 58 -53584.800368347
50 58 -1319781.799440369
51 58 5956.603247261
52 58 -523266.189268534
53 58 -8414.103261912
54 58 -14435.616107186
55 58 480909.792194385
56 58 20589861.223444592
57 58 1993337.827673204
58 58 8151411.223490323
59 58 39176.735790924
60 58 267391.694565632
61 58 -171631.211556261
62 58 -1088893.783889725
63 58 -64063.132491832
64 58 -402213.136995908
65 58 51143.372455661
66 58 -179467.198382913
67 58 -82456.983377220
68 58 -671940.907499550
69 58 -72761.999667764
70 58 -242073.667452475
71 58 26926.000678218
72 58 -78339.515600137
73 58 -30129.897508026
74 58 -587536.608047642
75 58 -102257.465040407
76 58 -204517.279471351
77 58 15230.999455745
78 58 -47908.664455006
79 58 8993.353130601
80 58 -402602.087762518
81 58 -86088.583300243
82 58 -174261.920789431
83 58 7371.600911272
84 58 -48069.928537487
85 58 11160.353187512
86 58 -259306.979310175
87 58 -67148.126977019
88 58 -126268.645233965
89 58 3686.990655386
90 58 -33378.196434762
91 58 9283.516113881
92 58 -120677.317092900
93 58 -37959.576519435
94 58 -43806.794792233
95 58 476.627437710
96 58 -10995.119665092
97 58 5002.871512062
98 58 -102135.653888375
99 58 -34533.152102295
100 58 -39199.360090561
101 58 738.419158964
102 58 -7295.310431111
103 58 7833.770356065
104 58 -87374.282438658
105 58 -29765.198112555
106 58 -30717.087603231
107 58 419.209950101
108 58 -10379.849064733
109 58 13939.628834473
110 58 -96526.370230224
111 58 -31364.624115093
112 58 -33580.655749664
113 58 -1301.367947646
114 58 -9544.252104606
115 58 29930.079844623
116 58 -116986.935120143
117 58 -35704.713181570
118 58 -44172.254533833
119 58 -7971.478075734
120 58 -11676.740920813
121 58 35112.519464967
122 58 -125972.301337998
123 58 -38015.848955849
124 58 -48055.024097962
125 58 -10367.281945402
126 58 -12822.063918998
127 58 41373.339208202
128 58 -144187.744600101
129 58 -43010.883751014
130 58 -55867.873805759
131 58 -11961.810646425
132 58 -15378.086045801
133 58 30749.152378046
134 58 -145597.598422428
135 58 -39118.313522953
136 58 -62756.263218365
137 58 -9504.354506720
138 58 -10495.664021030
139 58 44055.449941210
140 58 -327981.410557504
141 58 -79880.782221234
142 58 -150689.187671133
143 58 -15231.810501073
144 58 -23510.714269830
145 58 49477.246136204
146 58 -347946.875275018
147 58 -65808.682701765
148 58 -156110.789556943
149 58 -15834.314160238
150 58 -13583.380070226
1 59 67144.706246995
2 59 4430.243533646
3 59 43502.038748252
4 59 5505.848922453
5 59 -27273.488383876
6 59 -3791.675427756
7 59 75347.030696572
8 59 4966.857036109
9 59 38139.374983701
10 59 5154.631129623
11 59 -32192.076688893
12 59 -3909.541365033
13 59 97638.942322342
14 59 5085.384997556
15 59 49422.372007101
16 59 5674.162529072
17 59 -44246.524595494
18 59 -6952.632252724
19 59 118855.940481743
20 59 32712.496890250
21 59 63068.054318321
22 59 11212.531510438
23 59 -50490.714741996
24 59 4662.370463723
25 59 142250.792748959
26 59 48650.045601480
27 59 64982.670150441
28 59 16128.553883386
29 59 -64001.323501999
30 59 10130.143203104
31 59 187275.334866156
32 59 35872.387663460
33 59 52818.500024991
34 59 19682.358376861
35 59 -94097.895248201
36 59 -1520.158209532
37 59 343198.216183349
38 59 44496.676329966
39 59 82229.165194194
40 59 23394.891785180
41 59 -171974.211186936
42 59 -13500.128549553
43 59 386705.087551101
44 59 70440.544779636
45 59 98406.447813313
46 59 27975.779716470
47 59 -181545.773286758
48 59 -11985.327454137
49 59 910871.570249377
50 59 211663.631712239
51 59 71827.405278449
52 59 60262.090924050
53 59 -449471.812157539
54 59 32006.321103947
55 59 -17798139.191327319
56 59 -476575.743787233
57 59 -1293947.216200908
58 59 39176.735790924
59 59 8181159.710026542
60 59 692541.692720416
61 59 717165.195131958
62 59 25730.197054115
63 59 224361.143661946
64 59 -11100.523641366
65 59 -344902.857565021
66 59 -6779.863735259
67 59 483632.841936708
68 59 -414.600622017
69 59 114887.996315724
70 59 -7324.809635611
71 59 -214929.018982848
72 59 -23618.988055662
73 59 453577.022864128
74 59 -29228.262006090
75 59 90750.591819656
76 59 -7057.276464970
77 59 -183999.361121578
78 59 -47827.670400154
79 59 338160.006501912
80 59 -36899.342396762
81 59 78978.077130525
82 59 -7664.830664891
83 59 -162845.209944219
84 59 -42318.053726554
85 59 230665.567881967
86 59 -24697.146249144
87 59 50353.313048773
88 59 -4694.152809297
89 59 -118021.340067578
90 59 -35032.417835365
91 59 109596.352155190
92 59 -14929.135047351
93 59 24628.742576507
94 59 -1270.775344380
95 59 -41245.936303815
96 59 -17481.299969680
97 59 95147.748648103
98 59 -10447.611381462
99 59 16821.205423658
100 59 -1005.506528175
101 59 -36512.599259768
102 59 -15945.208181552
103 59 81541.005043549
104 59 -13136.571802576
105 59 22522.651749310
106 59 -1190.625892903
107 59 -29407.157674440
108 59 -13680.872552854
109 59 83692.194715717
110 59 -9112.213934836
111 59 21043.440401897
112 59 613.846488381
113 59 -30556.281015948
114 59 -13956.660328643
115 59 103115.413173753
116 59 14094.399812344
117 59 25387.273142965
118 59 8757.649252448
119 59 -39982.583675140
120 59 -15626.893270646
121 59 109260.080424462
122 59 24108.814481249
123 59 27672.869152793
124 59 12446.598713227
125 59 -43269.814025386
126 59 -16953.003215327
127 59 125766.560431032
128 59 23114.788227502
129 59 31505.991412884
130 59 13152.775627478
131 59 -50229.353073708
132 59 -19710.401629186
133 59 125400.019991770
134 59 14950.625434171
135 59 22160.829089798
136 59 9916.716683235
137 59 -55663.576897140
138 59 -18413.011267431
139 59 301081.003667062
140 59 33482.307325025
141 59 45262.109979688
142 59 18957.240523972
143 59 -140510.747031329
144 59 -40088.586381739
145 59 291548.312833528
146 59 26796.398428843
147 59 31437.198676017
148 59 16987.926715588
149 59 -142004.455713889
150 59 -34286.610613739
1 60 25124.147501176
2 60 -27526.858720613
3 60 8053.727147037
4 60 -5200.190256090
5 60 -7564.360023768
6 60 -7888.867321386
7 60 22961.014021677
8 60 -23235.799121436
9 60 6676.411324080
10 60 -2793.496332303
11 60 -7558.020592788
12 60 -9654.528042590
13 60 32657.318288847
14 60 -34502.049837135
15 60 9765.550252447
16 60 -5619.917907873
17 60 -12943.610204096
18 60 -11744.386246309
19 60 29399.161639356
20 60 -49779.918495819
21 60 13689.486874912
22 60 -13294.444648936
23 60 -11975.738883477
24 60 -12631.777896376
25 60 28999.965156133
26 60 -52259.600232671
27 60 14470.914319752
28 60 -11455.927666811
29 60 -13546.281496278
30 60 -16228.421371668
31 60 42794.347438534
32 60 -26315.517430576
33 60 8840.060826169
34 60 6607.407832939
35 60 -18811.140780107
36 60 -34547.641984801
37 60 80978.802438493
38 60 -60425.143649799
39 60 12493.779879666
40 60 9084.973935518
41 60 -38452.904658394
42 60 -70207.868123058
43 60 83030.746582909
44 60 -95300.670793161
45 60 13261.482842296
46 60 -9781.847466178
47 60 -37738.203872937
48 60 -80391.537045337
49 60 8784.999986195
50 60 -112580.223166942
51 60 2578.267604617
52 60 -21259.021849238
53 60 -5059.822493905
54 60 -283180.210597600
55 60 -2495187.935939749
56 60 1371838.880376010
57 60 -4334.048407152
58 60 267391.694565632
59 60 692541.692720416
60 60 3234843.027296362
61 60 -42496.033354723
62 60 -331497.960098790
63 60 -14899.374389160
64 60 -95025.142635280
65 60 39227.460683445
66 60 -232081.777305792
67 60 36665.828524950
68 60 -96165.766323650
69 60 3995.029216450
70 60 -13952.312797743
71 60 1876.592129806
72 60 -116753.063767185
73 60 101150.966510298
74 60 -18792.400708355
75 60 21784.671312808
76 60 17093.213170035
77 60 -25832.304723358
78 60 -76093.144983996
79 60 44507.313051377
80 60 11961.575329601
81 60 15691.532593633
82 60 19264.522635381
83 60 5440.546524636
84 60 -31363.270415926
85 60 23729.483204746
86 60 30636.706932564
87 60 13549.327915266
88 60 19365.047281267
89 60 9309.308176393
90 60 -14757.635400544
91 60 13018.151683135
92 60 18988.723607798
93 60 11082.586930241
94 60 11601.651473185
95 60 -2314.199699929
96 60 -6852.887979394
97 60 10480.663264488
98 60 26156.345218818
99 60 12720.136249302
100 60 13990.094889052
101 60 -1579.385645394
102 60 -5658.935328330
103 60 9206.506342532
104 60 11633.846682507
105 60 7606.212199765
106 60 6384.582961810
107 60 -1469.117034039
108 60 -3997.053419721
109 60 11528.924834148
110 60 21033.930704871
111 60 12507.727936531
112 60 11736.334226179
113 60 -2855.323668594
114 60 -4509.225186420
115 60 16563.816401855
116 60 42027.435405066
117 60 20091.203798838
118 60 20753.136421254
119 60 -5539.771767912
120 60 -4937.347816605
121 60 26491.603131498
122 60 49089.177514502
123 60 24250.734849420
124 60 24701.770306611
125 60 -8784.901233507
126 60 -7762.376248879
127 60 30057.550111305
128 60 53259.864698413
129 60 26233.457513275
130 60 26776.060520155
131 60 -10084.562696829
132 60 -8636.142196094
133 60 17348.995739956
134 60 57221.632857532
135 60 21731.621544909
136 60 31282.200785583
137 60 -5938.486857690
138 60 -6961.852613562
139 60 53043.942883761
140 60 110508.368090196
141 60 38811.600631536
142 60 61462.488372639
143 60 -16415.372792894
144 60 -24769.023093622
145 60 54386.472191745
146 60 109440.995011612
147 60 30760.068514816
148 60 63422.325406018
149 60 -17439.688339964
150 60 -32360.014009012
1 61 -81855.532429173
2 61 6520.321972998
3 61 -52092.077336243
4 61 -3263.689317048
5 61 31687.295861841
6 61 6694.773127832
7 61 -102014.210758314
8 61 4407.835750678
9 61 -46302.588458202
10 61 -6079.912902128
11 61 44788.304510640
12 61 7015.235930230
13 61 -126768.378556746
14 61 7283.463184091
15 61 -64322.794854772
16 61 -4426.522678850
17 61 58685.391189262
18 61 10296.436156952
19 61 -182265.313949808
20 61 -33252.176189909
21 61 -96193.711940478
22 61 -12295.971170279
23 61 77190.582829554
24 61 -6654.385715011
25 61 -249388.867536607
26 61 -65537.743581880
27 61 -113390.837929177
28 61 -22670.752894079
29 61 112049.268417543
30 61 -12662.822544540
31 61 -266666.882819891
32 61 -48101.460758573
33 61 -86643.546838117
34 61 -25186.835685966
35 61 124166.478789966
36 61 8524.650380281
37 61 -461944.448812958
38 61 -41553.705055263
39 61 -112525.952712792
40 61 -32107.721344215
41 61 223227.619526962
42 61 29620.584906966
43 61 -466672.951652676
44 61 -56914.464816008
45 61 -115544.494600518
46 61 -31117.873553332
47 61 208116.478262769
48 61 22248.244642526
49 61 -1408699.665800297
50 61 -581348.935425808
51 61 -113255.964135911
52 61 -202928.456066582
53 61 642737.235788690
54 61 -76913.487324686
55 61 -1604441.527479900
56 61 -497994.937074008
57 61 -144842.623727727
58 61 -171631.211556261
59 61 717165.195131958
60 61 -42496.033354723
61 61 40211482.175101869
62 61 1798092.721756688
63 61 4854790.440043799
64 61 547044.110241364
65 61 -17001600.564969420
66 61 -2992105.989783680
67 61 -1873922.627207503
68 61 -239830.595885353
69 61 -179810.202800150
70 61 -83831.453304473
71 61 873121.780413095
72 61 109660.384791117
73 61 -1783107.293596032
74 61 -110065.065719667
75 61 -181214.963379828
76 61 -53987.685238356
77 61 822335.297105751
78 61 188048.642038444
79 61 -930981.763003857
80 61 -27046.564575327
81 61 -78709.044342598
82 61 993.147142972
83 61 439432.916993758
84 61 89532.287325120
85 61 -533035.497951010
86 61 -72458.743390715
87 61 -48507.916980018
88 61 -31198.114304330
89 61 210269.721371023
90 61 82388.858518847
91 61 -316865.552945853
92 61 -20982.349845690
93 61 -52832.276494987
94 61 -15165.048097903
95 61 118185.409663977
96 61 52761.731579259
97 61 -370030.111894400
98 61 12130.662364511
99 61 -14891.168196275
100 61 30416.437661940
101 61 233425.720278879
102 61 39236.860015695
103 61 -255355.680069675
104 61 -22894.503161837
105 61 -46740.537528987
106 61 -13828.195899621
107 61 93462.981171513
108 61 46149.047858911
109 61 -242111.156280191
110 61 -33288.343363057
111 61 -40396.481228102
112 61 -18580.897611287
113 61 89427.335515996
114 61 44198.026501123
115 61 -257712.054191894
116 61 -81881.561767038
117 61 -57268.677795506
118 61 -38098.456023297
119 61 99625.961223104
120 61 40026.365169809
121 61 -319150.505557318
122 61 -121780.323124828
123 61 -67107.970683308
124 61 -56851.149319468
125 61 126497.200561321
126 61 52357.746311547
127 61 -391389.699568804
128 61 -159979.677363621
129 61 -60182.182716267
130 61 -69489.561543921
131 61 156465.894412306
132 61 62786.615678416
133 61 -378294.335490582
134 61 -136889.516689068
135 61 -57117.053314320
136 61 -58387.067804737
137 61 149980.052060634
138 61 61077.361414078
139 61 -562565.388518801
140 61 -169200.551117529
141 61 -68109.723451755
142 61 -79129.361637189
143 61 263176.455554616
144 61 80006.161146722
145 61 -582569.360837203
146 61 -169213.985880809
147 61 -30797.837820347
148 61 -85228.929063220
149 61 352463.386548103
150 61 60280.867441554
1 62 61752.127593019
2 62 -123245.372112164
3 62 9901.248158428
4 62 -30356.339949675
5 62 -17033.973459174
6 62 -27994.519328944
7 62 63574.758394523
8 62 -152636.851796112
9 62 11126.578723100
10 62 -46493.876213334
11 62 -19791.088098736
12 62 -23944.080935734
13 62 74137.893142700
14 62 -193543.600523430
15 62 14644.738127583
16 62 -57445.610065506
17 62 -22766.210444066
18 62 -37758.722652447
19 62 94025.091245377
20 62 -289668.649822498
21 62 51786.829730234
22 62 -87691.429825477
23 62 -39355.468140968
24 62 -57739.805580707
25 62 115171.272848189
26 62 -379612.858665734
27 62 76399.422804438
28 62 -125299.703932702
29 62 -52826.444390218
30 62 -69566.810560508
31 62 136677.137312113
32 62 -443075.524934324
33 62 47309.452388399
34 62 -153110.857575966
35 62 -54519.019210230
36 62 -53983.493910256
37 62 173384.956806812
38 62 -776597.338238281
39 62 43285.104897434
40 62 -286565.119598970
41 62 -68557.401254657
42 62 -66027.267233583
43 62 166403.075854024
44 62 -781145.818274605
45 62 38374.146047093
46 62 -275148.669896746
47 62 -63901.921772221
48 62 -81277.252667135
49 62 -54547.393521088
50 62 -2631314.794172236
51 62 175660.776678352
52 62 -1007788.249556805
53 62 -43395.592386811
54 62 -298817.627192560
55 62 -191891.738353431
56 62 -2841523.601103441
57 62 77280.526156682
58 62 -1088893.783889725
59 62 25730.197054115
60 62 -331497.960098790
61 62 1798092.721756688
62 62 58021782.205764115
63 62 5987261.765154197
64 62 20468488.977228444
65 62 -570261.357684657
66 62 2968508.217410155
67 62 -214772.954300203
68 62 -3268018.657069670
69 62 -215911.531947637
70 62 -1232878.946090038
71 62 72085.755203526
72 62 -244950.302409567
73 62 -51855.779180586
74 62 -2909447.770404323
75 62 -287614.210067974
76 62 -1099055.295597678
77 62 29459.210625439
78 62 -160281.479593737
79 62 44889.013585433
80 62 -1422909.392278170
81 62 -223805.048939609
82 62 -610741.083235478
83 62 -30413.775796128
84 62 52863.855136719
85 62 -15718.093190460
86 62 -737711.052869630
87 62 -168599.340425547
88 62 -270731.261575733
89 62 3983.628309283
90 62 4667.239720994
91 62 16205.832798348
92 62 -425934.336144280
93 62 -115758.641812302
94 62 -152336.790187140
95 62 -2284.128056857
96 62 -10369.199707395
97 62 31376.126098940
98 62 -538913.942899623
99 62 -127096.396020059
100 62 -355957.177591870
101 62 -34299.126208606
102 62 73069.564459917
103 62 2539.139256156
104 62 -325743.553251143
105 62 -103017.932363673
106 62 -117866.897633605
107 62 581.784169777
108 62 -8712.347537233
109 62 16934.629362025
110 62 -308537.925119220
111 62 -98226.587049049
112 62 -115086.308640492
113 62 -3847.850709983
114 62 -5220.121858649
115 62 62000.104216214
116 62 -326490.512370017
117 62 -85408.745044354
118 62 -123611.826614992
119 62 -19589.622174446
120 62 -13627.345863573
121 62 76761.073677318
122 62 -372919.461522000
123 62 -100001.739773764
124 62 -148604.638079976
125 62 -25825.583338021
126 62 -13213.775162632
127 62 70731.200047338
128 62 -470562.659940760
129 62 -122051.358241930
130 62 -190667.133760923
131 62 -28269.045165736
132 62 -2443.895243513
133 62 50822.168560483
134 62 -468875.953246218
135 62 -116187.932110521
136 62 -180199.254449278
137 62 -19849.211296707
138 62 -6426.577062693
139 62 57615.407094133
140 62 -716921.616696086
141 62 -132999.446935421
142 62 -312387.447820106
143 62 -26454.760764675
144 62 -3105.903387301
145 62 69403.815827678
146 62 -825845.308965524
147 62 -89303.421735722
148 62 -420387.735835760
149 62 -39551.384112804
150 62 23424.648617770
1 63 -23812.395274830
2 63 -25387.141805094
3 63 -27193.772806453
4 63 -8541.686970773
5 63 10803.299831931
6 63 -3081.293674510
7 63 -22737.263306761
8 63 -26754.285985611
9 63 -30123.062345414
10 63 -9673.752629143
11 63 8096.771556071
12 63 -1653.258466686
13 63 -35680.381207053
14 63 -36055.652508785
15 63 -39011.318168057
16 63 -13993.557498094
17 63 13455.346125132
18 63 -4793.700113824
19 63 -70131.395277079
20 63 -67919.198740645
21 63 -55723.126710286
22 63 -20905.083584851
23 63 31045.007322768
24 63 -12148.286004494
25 63 -89729.701414578
26 63 -97192.311401736
27 63 -72031.970104050
28 63 -31920.029851549
29 63 37710.911688382
30 63 -17464.158772223
31 63 -72693.642104536
32 63 -92796.001022757
33 63 -80440.653504159
34 63 -33858.228411017
35 63 28702.906168881
36 63 -7668.037581385
37 63 -122195.974505101
38 63 -150888.609241372
39 63 -132498.818548609
40 63 -60454.214695404
41 63 39878.641478562
42 63 -2376.073893337
43 63 -140996.961547770
44 63 -143121.804400577
45 63 -130063.662103109
46 63 -54158.300255769
47 63 52555.065617446
48 63 -6439.225322862
49 63 -438917.861596884
50 63 -308673.865556656
51 63 -458448.099314951
52 63 -88682.643822339
53 63 201095.368212936
54 63 -26630.360257075
55 63 -478246.178593398
56 63 -240879.565416559
57 63 -515624.671912714
58 63 -64063.132491832
59 63 224361.143661946
60 63 -14899.374389160
61 63 4854790.440043799
62 63 5987261.765154197
63 63 13391845.920283811
64 63 2280675.763271695
65 63 -1615103.352100526
66 63 23217.247443293
67 63 -77978.142998064
68 63 -181742.924877906
69 63 -556569.192939255
70 63 -70099.442826243
71 63 18928.807977127
72 63 -900.173476945
73 63 15031.814949631
74 63 -207373.489462185
75 63 -479594.643059847
76 63 -94244.827186142
77 63 -39690.611446533
78 63 -12270.091128168
79 63 128844.188533496
80 63 -73315.562261145
81 63 -234989.722540216
82 63 -15966.644920593
83 63 -111476.033397184
84 63 -24111.987850386
85 63 95584.320779190
86 63 -51919.819900525
87 63 -106721.409972954
88 63 -28842.794070090
89 63 -44417.832472086
90 63 -14872.643095615
91 63 51381.461890561
92 63 -18157.963553473
93 63 -59767.704803679
94 63 -12250.112641758
95 63 -22199.241537022
96 63 -10112.417531870
97 63 127258.477622551
98 63 36506.232349848
99 63 -78995.915577875
100 63 58028.075466671
101 63 -132062.355614108
102 63 -42155.751249438
103 63 49686.901602012
104 63 -13170.824194143
105 63 -46471.053259013
106 63 -10080.943279120
107 63 -19054.668346476
108 63 -9849.221596565
109 63 66801.493332184
110 63 -25599.652579903
111 63 -42893.959897148
112 63 -13790.878014722
113 63 -26825.025015138
114 63 -13104.928288788
115 63 83908.359724760
116 63 -44863.947009097
117 63 -41205.370463357
118 63 -19574.275168481
119 63 -33141.495847545
120 63 -14793.623123682
121 63 113460.464659898
122 63 -68638.921380182
123 63 -52464.860740840
124 63 -30186.329808446
125 63 -45919.105064741
126 63 -19770.368943081
127 63 149073.992226308
128 63 -75358.380071793
129 63 -63431.087569211
130 63 -33932.750054769
131 63 -60904.935305687
132 63 -21870.764200123
133 63 124906.538303495
134 63 -70536.762658438
135 63 -63061.571251299
136 63 -32102.999456165
137 63 -49698.396216358
138 63 -19017.581974734
139 63 140670.120306081
140 63 -95545.785192073
141 63 -103775.418568892
142 63 -47165.786084148
143 63 -68951.577936857
144 63 -19776.505286585
145 63 128183.608310120
146 63 -94264.811394164
147 63 -124058.308013199
148 63 -34901.582731379
149 63 -62911.611050312
150 63 -11638.166335973
1 64 14467.832966461
2 64 -34422.523267260
3 64 875.818379968
4 64 -8896.759512331
5 64 -3855.924573030
6 64 -7519.187097224
7 64 15255.715674831
8 64 -42849.244809678
9 64 1033.726842419
10 64 -13779.622019852
11 64 -4979.080638031
12 64 -6017.536125465
13 64 17541.874647634
14 64 -54611.115593616
15 64 1447.859668033
16 64 -17606.366240303
17 64 -5744.502177738
18 64 -10050.384574072
19 64 22358.436140417
20 64 -84597.411465631
21 64 12770.084948255
22 64 -26378.433217699
23 64 -9739.584541144
24 64 -16312.096037306
25 64 28844.455182729
26 64 -113595.666581652
27 64 19342.539812603
28 64 -39276.851394316
29 64 -14178.999904671
30 64 -19200.936679664
31 64 35257.140092837
32 64 -133237.292065671
33 64 9570.786414834
34 64 -48115.458868083
35 64 -15168.303831979
36 64 -13328.008038490
37 64 44417.129009115
38 64 -241444.726584497
39 64 3999.720797950
40 64 -95355.075780457
41 64 -20529.403944250
42 64 -9591.003336736
43 64 40917.549533746
44 64 -240280.137652082
45 64 4096.363935901
46 64 -89172.040377611
47 64 -17749.968218944
48 64 -16529.744018848
49 64 -10269.888018461
50 64 -920541.977048777
51 64 69974.532985390
52 64 -366435.009697629
53 64 -33677.009770813
54 64 -81486.839761175
55 64 -60663.982235359
56 64 -1004964.477188394
57 64 40141.100055325
58 64 -402213.136995908
59 64 -11100.523641366
60 64 -95025.142635280
61 64 547044.110241364
62 64 20468488.977228444
63 64 2280675.763271695
64 64 8624031.873752084
65 64 -69073.809759115
66 64 254042.255638811
67 64 -71244.371634350
68 64 -1248713.729999185
69 64 -83324.063107102
70 64 -544796.501144442
71 64 12225.470528204
72 64 -40105.603382541
73 64 -18906.634282174
74 64 -1120272.335252294
75 64 -126295.103199393
76 64 -502662.253221528
77 64 2861.899421899
78 64 -7593.769446817
79 64 22033.712834210
80 64 -593028.908376098
81 64 -77182.665536397
82 64 -336038.277716972
83 64 -3074.665649257
84 64 84039.456186951
85 64 4557.304911002
86 64 -264703.617499333
87 64 -67609.959522500
88 64 -105867.463466263
89 64 -3388.233411528
90 64 3312.829693650
91 64 10083.029694754
92 64 -148525.173060178
93 64 -43485.593228828
94 64 -57267.154857385
95 64 -3052.025089184
96 64 -3002.315007778
97 64 -7640.577444583
98 64 -308863.310992243
99 64 -43403.714254527
100 64 -289889.318937827
101 64 21009.275090318
102 64 89200.085898405
103 64 7341.121276421
104 64 -113397.744168235
105 64 -38344.928891444
106 64 -44509.266454847
107 64 -2219.743237501
108 64 -4140.423221129
109 64 12631.946088852
110 64 -107425.571094701
111 64 -37564.419339013
112 64 -43090.994631654
113 64 -4042.798305572
114 64 -2275.269518506
115 64 32375.132301659
116 64 -116127.164717716
117 64 -34158.737445058
118 64 -46809.038435953
119 64 -11267.330671033
120 64 -6230.152320618
121 64 43292.348753262
122 64 -136983.028925013
123 64 -42007.443325736
124 64 -57942.570835298
125 64 -16116.455550418
126 64 -6776.419988675
127 64 46185.983441817
128 64 -169430.045014705
129 64 -49389.230031072
130 64 -72792.408416806
131 64 -18587.881431910
132 64 -4245.732301592
133 64 35037.786147481
134 64 -161360.127130455
135 64 -46128.028416886
136 64 -66971.648433840
137 64 -13852.354401003
138 64 -5442.563379719
139 64 38705.399475948
140 64 -278315.189340591
141 64 -59253.712499713
142 64 -130176.595096281
143 64 -20093.015891446
144 64 -2143.497082927
145 64 42062.665134250
146 64 -346604.364668812
147 64 -36978.517367183
148 64 -231682.690801745
149 64 -31651.323174093
150 64 1500.926577140
1 65 26036.379958178
2 65 2937.658924127
3 65 18327.507081704
4 65 2321.818275695
5 65 -10516.031173275
6 65 -1119.583691997
7 65 33845.088397547
8 65 3583.998220997
9 65 16363.330604282
10 65 3180.232452725
11 65 -15476.331666792
12 65 -998.336791626
13 65 43136.345680742
14 65 4408.727153703
15 65 23146.512394326
16 65 3063.931100362
17 65 -21008.549513172
18 65 -2234.376491122
19 65 63988.591245339
20 65 22136.688384629
21 65 36136.426885585
22 65 7128.509265948
23 65 -27649.023860237
24 65 4737.331436505
25 65 89260.157246053
26 65 36015.778616052
27 65 43068.250410333
28 65 11292.458102330
29 65 -41030.470883093
30 65 7775.833327166
31 65 94413.002431492
32 65 28219.826798282
33 65 33446.247674193
34 65 11686.144860292
35 65 -45439.219372249
36 65 1032.733508415
37 65 168961.033735699
38 65 32703.665933217
39 65 40351.936287582
40 65 15903.251924843
41 65 -86283.000038774
42 65 -3826.698308637
43 65 170761.976909462
44 65 38076.148137233
45 65 43728.123039388
46 65 15861.842170124
47 65 -79660.484769496
48 65 -2567.001306211
49 65 622935.458366669
50 65 235246.869767177
51 65 95425.694734070
52 65 70013.202938051
53 65 -308033.948784236
54 65 55955.802985023
55 65 709963.287081095
56 65 193266.606939105
57 65 113615.069763841
58 65 51143.372455661
59 65 -344902.857565021
60 65 39227.460683445
61 65 -17001600.564969420
62 65 -570261.357684657
63 65 -1615103.352100526
64 65 -69073.809759115
65 65 8768273.005379237
66 65 764944.236593395
67 65 881247.742930405
68 65 76438.563206142
69 65 54143.604704944
70 65 14770.878413110
71 65 -478554.242311374
72 65 -33554.023687061
73 65 843445.571747099
74 65 41858.989512784
75 65 32151.028838521
76 65 12428.957038594
77 65 -454483.935187363
78 65 -68923.785889499
79 65 469333.503095130
80 65 10979.137768958
81 65 -28487.344957872
82 65 8252.337020413
83 65 -309206.086686385
84 65 -20903.114906639
85 65 232503.908979249
86 65 22282.105049600
87 65 4482.225711429
88 65 8462.781588312
89 65 -98756.051861611
90 65 -33725.967999009
91 65 133960.960011327
92 65 7492.066199912
93 65 12456.709845676
94 65 4523.161137306
95 65 -54106.986676559
96 65 -21753.291188113
97 65 267200.057840911
98 65 27326.386654008
99 65 -42133.128583193
100 65 29754.782045211
101 65 -268802.171814872
102 65 -39168.985420589
103 65 108175.068015888
104 65 5944.818151548
105 65 12324.005726437
106 65 3572.375941039
107 65 -42598.847636403
108 65 -19388.140029034
109 65 104183.247798577
110 65 10342.037399325
111 65 8863.396251534
112 65 5499.124845153
113 65 -41217.415394578
114 65 -18632.939793600
115 65 108926.206615119
116 65 26227.301867497
117 65 15736.661550082
118 65 12353.936672495
119 65 -44387.775031142
120 65 -16337.681481843
121 65 133980.406766310
122 65 38747.449158149
123 65 17545.593569086
124 65 18024.811853129
125 65 -55757.731862500
126 65 -20810.687308201
127 65 163767.303021105
128 65 47981.834485406
129 65 13357.807638338
130 65 21274.411278186
131 65 -69182.141701978
132 65 -24109.504034643
133 65 152521.593721415
134 65 39535.827220795
135 65 13342.452631332
136 65 17236.741206016
137 65 -63631.508357984
138 65 -22668.816781064
139 65 248329.143591380
140 65 57748.559474183
141 65 11459.119261385
142 65 25386.054452024
143 65 -123147.870225194
144 65 -31256.212372226
145 65 286361.398175243
146 65 61836.284306375
147 65 -4422.264610337
148 65 34120.001268540
149 65 -223273.154510522
150 65 -7588.873766230
1 66 15062.759474438
2 66 -19536.875895256
3 66 4908.286099526
4 66 -4111.462616938
5 66 -4586.231330030
6 66 -4970.052656100
7 66 15409.775650923
8 66 -19053.736120700
9 66 4164.729199706
10 66 -3197.555862400
11 66 -5202.284641188
12 66 -6027.333611367
13 66 20970.262665176
14 66 -29246.887922627
15 66 6372.638176865
16 66 -6060.534354568
17 66 -8561.584687676
18 66 -7981.165967974
19 66 24112.397619531
20 66 -47673.745291896
21 66 13509.018068118
22 66 -13109.031079259
23 66 -10090.782366041
24 66 -10845.892646678
25 66 31647.095044781
26 66 -59862.822951725
27 66 17825.267912533
28 66 -16052.465073691
29 66 -15285.879862715
30 66 -15209.601321970
31 66 35914.077177548
32 66 -53593.387509941
33 66 11116.954063357
34 66 -12875.090114329
35 66 -16335.415068901
36 66 -20257.374778891
37 66 59239.761014706
38 66 -83240.827819435
39 66 10432.023146670
40 66 -16570.242562440
41 66 -28488.744648473
42 66 -36959.224403716
43 66 56580.261540067
44 66 -93374.694843291
45 66 10584.248925888
46 66 -23948.279220649
47 66 -25027.749773218
48 66 -33538.197177322
49 66 1728.117704288
50 66 -420971.299909077
51 66 42037.696992450
52 66 -160111.676568690
53 66 -21285.288383172
54 66 -216242.743090066
55 66 -4978.225764900
56 66 -458263.891444418
57 66 28473.169870908
58 66 -179467.198382913
59 66 -6779.863735259
60 66 -232081.777305792
61 66 -2992105.989783679
62 66 2968508.217410155
63 66 23217.247443293
64 66 254042.255638811
65 66 764944.236593396
66 66 4097170.128125534
67 66 112747.386722700
68 66 -193607.361349073
69 66 7991.725757582
70 66 -8617.343483588
71 66 -28679.583178053
72 66 -231444.978594114
73 66 180547.333734844
74 66 -64208.062017566
75 66 15851.451185976
76 66 50934.964373069
77 66 -53346.820307221
78 66 -166301.932630680
79 66 52465.019212784
80 66 174113.229565984
81 66 27355.314590782
82 66 195366.741648663
83 66 41595.605530413
84 66 -174215.866629276
85 66 60801.465886124
86 66 61882.184990569
87 66 18747.719949494
88 66 32984.349641746
89 66 -17358.887044256
90 66 -29969.067799292
91 66 31934.601343218
92 66 29943.137779836
93 66 12874.939487562
94 66 17779.409014280
95 66 -7566.415345440
96 66 -17104.894321947
97 66 -27027.046251856
98 66 197271.961201551
99 66 41699.847302217
100 66 247705.883211818
101 66 86627.103149839
102 66 -102382.771644215
103 66 26891.129399851
104 66 25440.410375940
105 66 12253.341106872
106 66 13896.198773940
107 66 -6482.609768634
108 66 -12660.501363503
109 66 28207.955450818
110 66 34260.818874912
111 66 15247.807135627
112 66 18107.572932440
113 66 -7888.336351255
114 66 -11254.883743156
115 66 30203.486240065
116 66 41180.370712343
117 66 16008.428285554
118 66 20843.742229462
119 66 -9610.129786815
120 66 -10688.856332275
121 66 44931.018766616
122 66 55412.019419124
123 66 20780.246504048
124 66 28261.431074555
125 66 -15375.504422601
126 66 -14328.463061970
127 66 50875.337590956
128 66 78300.810053480
129 66 23311.963515359
130 66 36658.907916513
131 66 -17103.593073934
132 66 -17087.423722237
133 66 49279.257539349
134 66 62450.634657291
135 66 19694.108904367
136 66 27954.283865931
137 66 -16576.135213046
138 66 -14493.116488983
139 66 67068.700194804
140 66 84763.683693763
141 66 20186.336540377
142 66 46613.198391868
143 66 -24440.216049097
144 66 -36553.001744142
145 66 58541.676908961
146 66 102079.395708641
147 66 11791.793353789
148 66 45420.548066437
149 66 -9124.607689525
150 66 -55210.033300814
1 67 -150833.372573928
2 67 33260.085278828
3 67 -81104.026295016
4 67 -1370.453828428
5 67 55767.097769751
6 67 16485.013201361
7 67 -129682.047131790
8 67 28515.749881962
9 67 -67918.629901012
10 67 788.428229284
11 67 49408.539123709
12 67 12865.981585268
13 67 -158760.598335527
14 67 19766.258210794
15 67 -74367.573477849
16 67 -2119.087365397
17 67 72498.060903949
18 67 15767.537250197
19 67 -202563.584620332
20 67 20620.374193037
21 67 -93641.008752445
22 67 -693.091351714
23 67 79945.931237568
24 67 9339.260298529
25 67 -244159.961191656
26 67 -19447.985168879
27 67 -100137.880548656
28 67 -12658.297223996
29 67 107606.994011297
30 67 238.048997063
31 67 -269996.291562657
32 67 -17363.247634397
33 67 -95264.973959787
34 67 -14880.976687359
35 67 121776.733206964
36 67 10744.579501472
37 67 -445694.216234554
38 67 21683.954510791
39 67 -125679.832619492
40 67 -7942.975504108
41 67 197960.334653421
42 67 26480.198625026
43 67 -434047.931362668
44 67 -4755.386482920
45 67 -96763.471089487
46 67 -13327.095618437
47 67 186804.584341282
48 67 24240.164505572
49 67 -950613.387249961
50 67 -190552.251292086
51 67 -950.147724199
52 67 -76512.394026117
53 67 421281.201733814
54 67 29175.749260367
55 67 -1123269.116231653
56 67 -248113.638138492
57 67 -8315.158746464
58 67 -82456.983377220
59 67 483632.841936708
60 67 36665.828524950
61 67 -1873922.627207503
62 67 -214772.954300203
63 67 -77978.142998064
64 67 -71244.371634350
65 67 881247.742930405
66 67 112747.386722700
67 67 44144115.001536630
68 67 429650.891422373
69 67 2174726.131878177
70 67 -167698.927084997
71 67 -22290359.976506799
72 67 -1627746.680091211
73 67 -2379108.224188796
74 67 -61911.799558009
75 67 -38551.153957845
76 67 69448.603844540
77 67 1651770.869691924
78 67 -75384.148683376
79 67 -1465177.471094481
80 67 -67420.734953265
81 67 32532.563950806
82 67 87207.754196511
83 67 1143735.327814443
84 67 -41380.663687647
85 67 -1088989.510068974
86 67 28135.391405837
87 67 31303.579938761
88 67 133124.674754073
89 67 907093.406496065
90 67 -37870.658021034
91 67 -638152.080275150
92 67 40276.051667888
93 67 -51442.716058246
94 67 52625.578153633
95 67 615361.347624525
96 67 41007.660697535
97 67 -584971.837830657
98 67 -13310.370781220
99 67 -78900.164051279
100 67 -2313.755786682
101 67 553694.357506262
102 67 83844.226564163
103 67 -490835.709573448
104 67 -12581.841404330
105 67 -72485.586403704
106 67 -8534.643157543
107 67 438462.450480263
108 67 73428.388667910
109 67 -327757.255391308
110 67 -55194.498665700
111 67 -18289.346442160
112 67 -7296.286324376
113 67 176034.991675032
114 67 52771.027317031
115 67 -442437.795243802
116 67 -139213.617541363
117 67 -68028.525068806
118 67 -73560.558685728
119 67 441686.415771512
120 67 -23078.879112243
121 67 -508761.260022274
122 67 -120620.842057951
123 67 -73500.292930522
124 67 -31002.821080117
125 67 455391.274529780
126 67 -54122.930872531
127 67 -614531.937829802
128 67 -233699.090599948
129 67 -137238.827952826
130 67 -172656.288343958
131 67 587296.657161557
132 67 -79752.221383923
133 67 -553852.796042777
134 67 -142087.047431160
135 67 -53439.384216300
136 67 -52243.334214024
137 67 561980.031177072
138 67 -57666.035701148
139 67 -622149.529486417
140 67 -170930.073148420
141 67 -75203.199627645
142 67 -82804.943920198
143 67 317916.774810575
144 67 83162.670492272
145 67 -667702.522114793
146 67 -193052.272505861
147 67 20610.178752380
148 67 -37721.065527726
149 67 657580.573480618
150 67 82751.867243400
1 68 122068.059555824
2 68 -218586.893379788
3 68 15118.898275913
4 68 -55150.445105183
5 68 -33027.529520156
6 68 -49108.819673557
7 68 91622.939561696
8 68 -197271.870515292
9 68 12541.312362638
10 68 -52202.261778113
11 68 -25959.024092382
12 68 -42101.211040704
13 68 96512.627382573
14 68 -240726.527281994
15 68 16549.982883641
16 68 -71530.065397899
17 68 -28930.062313046
18 68 -46863.253706699
19 68 131005.589187701
20 68 -298095.848607727
21 68 34334.594507726
22 68 -88616.794829404
23 68 -44394.736163956
24 68 -57636.857338203
25 68 135232.773604935
26 68 -359407.973616350
27 68 58617.244132681
28 68 -118959.253526985
29 68 -52767.540055794
30 68 -61152.622780552
31 68 144159.560842990
32 68 -420338.053806480
33 68 40583.863701152
34 68 -144869.819091446
35 68 -55771.587952091
36 68 -67944.890666898
37 68 205688.261624589
38 68 -744115.332959426
39 68 37559.786162016
40 68 -258929.030900198
41 68 -74983.454867522
42 68 -92048.805188715
43 68 182622.628580041
44 68 -702537.840618875
45 68 24213.821333186
46 68 -244805.365907860
47 68 -65628.479533886
48 68 -78772.581958926
49 68 138017.562114895
50 68 -1593032.552290585
51 68 23597.210560141
52 68 -591155.255369789
53 68 -62177.360477087
54 68 -55058.960041986
55 68 -53704.178513071
56 68 -1812212.810509691
57 68 -12821.379695508
58 68 -671940.907499550
59 68 -414.600622017
60 68 -96165.766323650
61 68 -239830.595885353
62 68 -3268018.657069670
63 68 -181742.924877906
64 68 -1248713.729999185
65 68 76438.563206142
66 68 -193607.361349073
67 68 429650.891422373
68 68 63282260.537883431
69 68 6156549.560823509
70 68 26212160.007919226
71 68 93096.479308707
72 68 -1532939.231081892
73 68 -29000.497979546
74 68 -3772715.672654921
75 68 -209666.394798208
76 68 -1948986.505617429
77 68 -86051.769270772
78 68 166344.005659723
79 68 9171.244918073
80 68 -2253997.428184927
81 68 -227257.167258534
82 68 -1444294.800800064
83 68 -139923.387678936
84 68 357754.640068749
85 68 99187.635221507
86 68 -1573742.658051193
87 68 -201030.013023416
88 68 -1190722.564316136
89 68 -188476.473561103
90 68 332414.620230724
91 68 83704.673446509
92 68 -888642.622994269
93 68 -141975.630309982
94 68 -794636.375412707
95 68 -88086.482309947
96 68 69674.267250845
97 68 27238.409171949
98 68 -745606.100437084
99 68 -155075.207296277
100 68 -652425.025630961
101 68 -29180.045502271
102 68 -42555.744263649
103 68 23975.969629452
104 68 -662653.871704167
105 68 -147065.893842505
106 68 -557503.929630717
107 68 -23909.779977197
108 68 -18394.969045910
109 68 -1123.983966728
110 68 -475930.121943044
111 68 -123649.185030252
112 68 -267556.249293366
113 68 -19853.895837168
114 68 42498.991482788
115 68 100915.937055145
116 68 -694252.203556358
117 68 -77216.772897743
118 68 -629256.158511376
119 68 -114328.417972958
120 68 -6714.250627691
121 68 186817.846639226
122 68 -709652.037885766
123 68 -65934.209009585
124 68 -610812.598101882
125 68 -186635.528051268
126 68 62866.783871205
127 68 148553.797558886
128 68 -847568.060784171
129 68 -96485.379521379
130 68 -676804.177677185
131 68 -145028.069430387
132 68 -124081.923593118
133 68 90428.408503480
134 68 -722383.555601614
135 68 -84892.548725001
136 68 -638987.888204459
137 68 -130448.062099518
138 68 27453.082032375
139 68 73081.741831229
140 68 -804400.346864989
141 68 -128629.403362763
142 68 -364094.148453529
143 68 -37036.840162469
144 68 -27639.216247382
145 68 64852.784398732
146 68 -929176.802402126
147 68 -102639.187338722
148 68 -589927.918665501
149 68 -143964.767730351
150 68 81690.423206117
1 69 -40290.365894574
2 69 -42134.454103880
3 69 -48107.737291295
4 69 -14793.674034836
5 69 17989.109979488
6 69 -3902.668590880
7 69 -42881.921630560
8 69 -34777.164192321
9 69 -41400.761388684
10 69 -12500.805787780
11 69 18498.081196882
12 69 -3343.672287325
13 69 -47422.955451229
14 69 -44792.847874480
15 69 -48808.228441634
16 69 -17956.906594333
17 69 17738.433533048
18 69 -5464.890488859
19 69 -72061.604101853
20 69 -72623.728391918
21 69 -58346.321663708
22 69 -24276.170211285
23 69 31092.631104572
24 69 -9605.871435280
25 69 -85249.993068216
26 69 -94614.958780197
27 69 -67910.517452080
28 69 -33190.208951868
29 69 34269.617815748
30 69 -13476.511234339
31 69 -86952.332734267
32 69 -94383.684438399
33 69 -75006.148555001
34 69 -36524.323702249
35 69 35981.072358204
36 69 -9515.185292130
37 69 -145606.935005059
38 69 -143560.353872455
39 69 -122398.526870144
40 69 -54921.171180926
41 69 57166.701652659
42 69 -7222.519480683
43 69 -136217.555082547
44 69 -134811.684857046
45 69 -114007.838843883
46 69 -51047.791338671
47 69 53561.632619021
48 69 -5691.434770134
49 69 -247411.694467553
50 69 -247587.388179497
51 69 -253031.294177873
52 69 -86887.997352311
53 69 89010.419539540
54 69 5096.436061389
55 69 -292009.301760501
56 69 -218597.992521881
57 69 -309513.134349250
58 69 -72761.999667764
59 69 114887.996315724
60 69 3995.029216450
61 69 -179810.202800150
62 69 -215911.531947637
63 69 -556569.192939255
64 69 -83324.063107102
65 69 54143.604704944
66 69 7991.725757582
67 69 2174726.131878177
68 69 6156549.560823509
69 69 14677665.174391311
70 69 961870.744792454
71 69 1038508.205751057
72 69 74602.447776291
73 69 97163.334497774
74 69 -126555.402851965
75 69 -615223.175902446
76 69 83167.031984900
77 69 -161586.783967119
78 69 5069.855547881
79 69 291548.342761011
80 69 35021.962253306
81 69 -374318.236513164
82 69 171657.877750858
83 69 -312251.398628662
84 69 -21114.407319418
85 69 268929.892695982
86 69 76064.850923063
87 69 -249590.444390235
88 69 196069.777712868
89 69 -338753.748708831
90 69 -46291.036019601
91 69 136197.656605952
92 69 113610.046246067
93 69 -106860.361825818
94 69 179430.809524206
95 69 -193946.687618693
96 69 -31244.851421394
97 69 113671.375970385
98 69 91808.625209215
99 69 -71370.727217050
100 69 143447.914439742
101 69 -114669.788690545
102 69 -2840.700243394
103 69 103452.891280917
104 69 80289.917805916
105 69 -67966.506885166
106 69 122517.975782675
107 69 -115015.464531946
108 69 -12075.203587880
109 69 118611.463863155
110 69 2859.314724881
111 69 -69341.088200429
112 69 25146.377585079
113 69 -88748.192603972
114 69 -27992.674170796
115 69 164255.930652456
116 69 62460.622869094
117 69 -87318.147476404
118 69 178505.321903277
119 69 -181886.611946605
120 69 4859.381762727
121 69 177426.049113685
122 69 -12050.790472934
123 69 -106420.746393569
124 69 116425.160957566
125 69 -185856.884033106
126 69 4842.695147932
127 69 165947.264168924
128 69 -21286.424915029
129 69 -103765.812817171
130 69 80944.162296110
131 69 -99885.124410592
132 69 42502.536443010
133 69 168445.520363519
134 69 -21462.751051118
135 69 -84548.551619243
136 69 79861.916862370
137 69 -141311.287446679
138 69 30539.331675572
139 69 120268.246015731
140 69 -105874.377321752
141 69 -115260.787070688
142 69 -47407.748131931
143 69 -53693.472210606
144 69 -16310.571071384
145 69 119499.386766098
146 69 -106570.567372250
147 69 -141271.552321438
148 69 -25291.446309781
149 69 -44536.509898821
150 69 -9930.246344802
1 70 26929.982003690
2 70 -58723.215096156
3 70 261.528510028
4 70 -15712.687664380
5 70 -7045.419621545
6 70 -12380.449412026
7 70 19355.128172969
8 70 -52246.993132648
9 70 309.359362272
10 70 -14579.925596108
11 70 -5275.919996408
12 70 -10523.205570684
13 70 21308.719577279
14 70 -65628.515880028
15 70 953.717356706
16 70 -21411.155486470
17 70 -6814.340224571
18 70 -11892.552272519
19 70 26707.595367619
20 70 -80848.066961511
21 70 5090.936124513
22 70 -25101.340437607
23 70 -9030.999293268
24 70 -14691.498981322
25 70 29699.659036777
26 70 -102216.947249644
27 70 12156.727488739
28 70 -36140.890850037
29 70 -12596.517955904
30 70 -15217.693158577
31 70 33552.874337572
32 70 -122889.021596958
33 70 6975.704402546
34 70 -45103.745369364
35 70 -14058.173758693
36 70 -16651.327360029
37 70 46353.715306816
38 70 -217112.136504310
39 70 2912.319585875
40 70 -80125.972617819
41 70 -18087.108015082
42 70 -19314.000528065
43 70 41492.111608221
44 70 -209036.171470791
45 70 276.857733786
46 70 -76526.234894476
47 70 -15896.644164322
48 70 -16484.524230141
49 70 33655.282739412
50 70 -539555.486274124
51 70 1978.634916453
52 70 -208947.577974746
53 70 -22891.654379351
54 70 4047.788622670
55 70 -23396.322456873
56 70 -621795.673334369
57 70 -5740.316016683
58 70 -242073.667452475
59 70 -7324.809635611
60 70 -13952.312797743
61 70 -83831.453304473
62 70 -1232878.946090038
63 70 -70099.442826243
64 70 -544796.501144442
65 70 14770.878413110
66 70 -8617.343483588
67 70 -167698.927084998
68 70 26212160.007919226
69 70 961870.744792454
70 70 17629368.939877566
71 70 -375320.859203856
72 70 -3344708.593725022
73 70 64029.666320875
74 70 -1952131.266171858
75 70 34028.912850122
76 70 -1636825.857199071
77 70 -111989.881680134
78 70 266451.771198292
79 70 61985.535555803
80 70 -1400763.931782752
81 70 1438.786654582
82 70 -1412048.475962366
83 70 -76502.950959184
84 70 308326.610473037
85 70 74095.238777380
86 70 -1115898.374450954
87 70 -13321.508730269
88 70 -1260477.104839045
89 70 -61960.086801651
90 70 352672.128599423
91 70 21819.804890245
92 70 -769006.832234813
93 70 -57660.374303754
94 70 -931215.644412580
95 70 512.833449281
96 70 74513.009711210
97 70 10032.221049190
98 70 -670811.925780286
99 70 -89357.978277458
100 70 -808526.774303174
101 70 14245.572683022
102 70 -88825.978045716
103 70 3063.921613173
104 70 -556333.044651533
105 70 -84030.171915040
106 70 -660102.751743958
107 70 20527.380257489
108 70 -54463.579104299
109 70 3879.867216875
110 70 -224231.355697686
111 70 -46245.508081209
112 70 -199395.394073242
113 70 989.615279996
114 70 41190.732353686
115 70 56949.638790203
116 70 -522695.179199343
117 70 -4226.901159271
118 70 -736323.377430431
119 70 -36264.367058944
120 70 -49651.536682029
121 70 109847.435702381
122 70 -454566.192287579
123 70 15483.369537936
124 70 -636540.172454518
125 70 -107148.392104329
126 70 52846.037677167
127 70 111503.732072847
128 70 -582310.930985385
129 70 -7066.555098965
130 70 -740477.054045684
131 70 -137431.881644163
132 70 -242993.649972625
133 70 79607.513649801
134 70 -467497.407797821
135 70 -572.086518235
136 70 -725334.032633649
137 70 -118436.001670228
138 70 -41514.594234970
139 70 46445.343124763
140 70 -319580.537344160
141 70 -55575.968094865
142 70 -181264.947581881
143 70 -27222.858288871
144 70 -24265.212053884
145 70 71068.546384939
146 70 -407209.728371871
147 70 -58614.918302708
148 70 -541007.097442924
149 70 -239996.561954071
150 70 72963.681359188
1 71 45977.029418602
2 71 126.213635449
3 71 28534.567901427
4 71 3139.726337304
5 71 -18014.697607665
6 71 -2911.279012360
7 71 40830.217648002
8 71 -186.006012543
9 71 24216.686040562
10 71 2087.634614925
11 71 -16277.149696498
12 71 -2270.244352204
13 71 52718.264527432
14 71 3183.389816383
15 71 26765.753047071
16 71 2981.271049281
17 71 -25579.704673804
18 71 -3454.660473039
19 71 64551.498770230
20 71 9166.005290228
21 71 33316.283223595
22 71 4714.294512620
23 71 -26450.500093856
24 71 264.049033938
25 71 82557.240438891
26 71 23377.814453754
27 71 36429.269318627
28 71 8700.990704121
29 71 -37944.608801081
30 71 3781.049664655
31 71 93114.060152343
32 71 21762.790421475
33 71 36231.379653473
34 71 9469.642762537
35 71 -43692.555142401
36 71 -3.318400575
37 71 156520.727770907
38 71 18044.695957303
39 71 47347.267202708
40 71 10391.157292067
41 71 -72576.551875432
42 71 -2702.202937691
43 71 154001.211716068
44 71 23652.281220943
45 71 38175.520696455
46 71 11314.156477311
47 71 -68984.124191474
48 71 -3120.293514938
49 71 385367.566060132
50 71 92994.457191114
51 71 10156.929454488
52 71 32128.865927080
53 71 -182099.500550159
54 71 2242.432339782
55 71 465326.545463430
56 71 100417.748608642
57 71 24013.976113431
58 71 26926.000678218
59 71 -214929.018982848
60 71 1876.592129806
61 71 873121.780413095
62 71 72085.755203526
63 71 18928.807977127
64 71 12225.470528204
65 71 -478554.242311374
66 71 -28679.583178053
67 71 -22290359.976506799
68 71 93096.479308707
69 71 1038508.205751057
70 71 -375320.859203856
71 71 17714463.004110657
72 71 -2010937.472957012
73 71 1657744.421564915
74 71 -60302.156994972
75 71 -82934.937785045
76 71 -115767.857067688
77 71 -1688534.771554443
78 71 331120.157643533
79 71 1166877.314864167
80 71 -12804.504169008
81 71 -141880.700660727
82 71 -38573.697227793
83 71 -1380780.486030805
84 71 168803.450187980
85 71 931988.539047327
86 71 -11840.157874913
87 71 -160553.929875157
88 71 -1719.232179070
89 71 -1183859.993276441
90 71 92242.000672639
91 71 640109.508309679
92 71 32755.341246059
93 71 -11882.098772386
94 71 60143.849180603
95 71 -849789.047562215
96 71 -54544.400104999
97 71 573736.443557708
98 71 33987.017317429
99 71 69147.118790347
100 71 58811.731830515
101 71 -737221.848299717
102 71 -84705.450532038
103 71 458158.318560082
104 71 44584.094085482
105 71 46907.084791622
106 71 71728.226476131
107 71 -580875.497027420
108 71 -77749.652231763
109 71 194577.890346676
110 71 30751.587116753
111 71 -16691.609777571
112 71 25162.112858935
113 71 -170337.783783752
114 71 -31189.383731276
115 71 387052.311187318
116 71 146741.936173358
117 71 30749.293248530
118 71 225649.409437949
119 71 -611281.880061440
120 71 60803.703215812
121 71 376560.095178114
122 71 88919.501318861
123 71 1522.066821954
124 71 126759.022374295
125 71 -558451.154910942
126 71 118863.197534670
127 71 449314.845289695
128 71 165948.400679433
129 71 117773.541782284
130 71 218526.729516284
131 71 -696936.106540415
132 71 181780.453651199
133 71 420750.320556296
134 71 57465.517389237
135 71 30985.770073686
136 71 65489.174352620
137 71 -691463.403476575
138 71 154858.996030150
139 71 279260.930216675
140 71 59797.495701584
141 71 22864.867338313
142 71 34011.407623150
143 71 -174055.156680172
144 71 -28034.049846295
145 71 395156.895894644
146 71 53277.452114594
147 71 -70759.199033855
148 71 -54153.099882866
149 71 -777954.214277013
150 71 -51845.276345311
1 72 30480.575815738
2 72 -37192.463992895
3 72 8157.619259985
4 72 -7727.766088489
5 72 -8717.961392264
6 72 -9806.214013766
7 72 24141.052119140
8 72 -34170.919120943
9 72 6636.066707457
10 72 -7838.228784484
11 72 -7361.670508039
12 72 -8277.516122353
13 72 28391.816730553
14 72 -38960.685651477
15 72 7706.485172659
16 72 -8445.909058662
17 72 -11380.849623952
18 72 -10486.240948492
19 72 36133.354135468
20 72 -51570.296472243
21 72 12396.292356286
22 72 -13834.819376494
23 72 -12693.130296967
24 72 -11558.949235583
25 72 38550.505382184
26 72 -57732.864074755
27 72 15447.544137066
28 72 -14996.189548239
29 72 -16605.095186968
30 72 -14275.235902306
31 72 42269.755086331
32 72 -64445.482440133
33 72 12476.590451259
34 72 -17084.244203548
35 72 -18245.691592901
36 72 -17891.988947772
37 72 63177.110565949
38 72 -106004.200179421
39 72 13033.746381301
40 72 -28375.491067513
41 72 -26189.442282281
42 72 -30301.690329426
43 72 58638.047024338
44 72 -95919.477504914
45 72 9248.511916127
46 72 -27042.555154522
47 72 -23924.700186839
48 72 -28110.146676528
49 72 71508.041900108
50 72 -163226.669478438
51 72 4024.401947855
52 72 -54223.418496420
53 72 -34420.143854226
54 72 -88835.514752745
55 72 54645.839928616
56 72 -206520.453088879
57 72 4003.759384316
58 72 -78339.515600137
59 72 -23618.988055662
60 72 -116753.063767185
61 72 109660.384791117
62 72 -244950.302409567
63 72 -900.173476945
64 72 -40105.603382541
65 72 -33554.023687061
66 72 -231444.978594114
67 72 -1627746.680091211
68 72 -1532939.231081891
69 72 74602.447776291
70 72 -3344708.593725022
71 72 -2010937.472957012
72 72 7715141.510730091
73 72 -127869.889329629
74 72 267169.077092136
75 72 8076.284702053
76 72 392147.602671535
77 72 427745.750346943
78 72 -583690.235824026
79 72 -208681.855665875
80 72 598882.502334129
81 72 30420.148275210
82 72 657293.809913945
83 72 482896.207452112
84 72 -530058.249528879
85 72 -239944.995737286
86 72 606898.228829388
87 72 52296.815749588
88 72 775853.815148271
89 72 481117.785436932
90 72 -460544.881670557
91 72 -157660.608722605
92 72 307101.539849251
93 72 29527.541314815
94 72 431940.650844687
95 72 299716.032811427
96 72 -181030.306751065
97 72 -109274.356357597
98 72 160680.204971693
99 72 2827.554865545
100 72 211225.432116009
101 72 229547.765191025
102 72 -77005.855998451
103 72 -79082.963324902
104 72 161284.506812847
105 72 12417.697238159
106 72 209092.075838690
107 72 179049.679136341
108 72 -75480.344743742
109 72 8568.703263212
110 72 128409.165276349
111 72 28391.423952685
112 72 146168.861204058
113 72 41705.895187647
114 72 -48097.617669862
115 72 -99087.779809315
116 72 213425.115376008
117 72 -14336.431444648
118 72 356883.736351613
119 72 253643.456865882
120 72 -133253.113576556
121 72 -98727.410981027
122 72 221806.857778560
123 72 -11897.532686993
124 72 389895.244212008
125 72 279472.344181898
126 72 -198702.094065486
127 72 -56486.240331432
128 72 116479.312245229
129 72 -23241.842777137
130 72 128948.587381749
131 72 225584.771259170
132 72 -175305.406335966
133 72 -65037.126232563
134 72 179241.508125443
135 72 -7273.299853677
136 72 241809.846144461
137 72 240559.436756738
138 72 -155002.408981345
139 72 71061.799967001
140 72 65494.823824767
141 72 15342.571806342
142 72 31445.895435114
143 72 -21753.940664971
144 72 -37823.008245969
145 72 62704.942843808
146 72 104999.204095101
147 72 7531.450013618
148 72 15113.258248558
149 72 -8124.410466052
150 72 -76153.293712337
1 73 -113040.341484276
2 73 3450.202234763
3 73 -65960.308588708
4 73 -4843.727197447
5 73 46197.501566042
6 73 5836.583762025
7 73 -107538.387347671
8 73 10332.978849574
9 73 -57902.138721735
10 73 -1599.775151722
11 73 43697.880383218
12 73 5823.096928208
13 73 -141018.402898628
14 73 8264.610444271
15 73 -79295.215523561
16 73 -1825.982269696
17 73 57095.335281085
18 73 6128.655217630
19 73 -203814.721578296
20 73 -17800.295246553
21 73 -93934.535759375
22 73 -7999.179433601
23 73 86099.172505790
24 73 -4815.819787766
25 73 -265461.740098594
26 73 -51007.185990440
27 73 -115775.085468380
28 73 -16781.948874189
29 73 112801.166834317
30 73 -18218.002262334
31 73 -249324.238253891
32 73 -7445.797794885
33 73 -91045.110549519
34 73 -8020.045819569
35 73 106304.071759451
36 73 1695.646333339
37 73 -403404.072882698
38 73 16807.847907895
39 73 -89096.639384698
40 73 -6111.019887463
41 73 184833.823045866
42 73 25499.658973572
43 73 -425974.419534779
44 73 4753.858711922
45 73 -88882.527867634
46 73 -8068.138778989
47 73 184164.604894084
48 73 25743.781398635
49 73 -855620.500336546
50 73 -134584.581626648
51 73 37882.697996986
52 73 -53182.837549951
53 73 374164.364271409
54 73 42319.636767482
55 73 -1090477.716846342
56 73 -90499.131849080
57 73 44332.264867545
58 73 -30129.897508026
59 73 453577.022864128
60 73 101150.966510298
61 73 -1783107.293596032
62 73 -51855.779180586
63 73 15031.814949631
64 73 -18906.634282174
65 73 843445.571747099
66 73 180547.333734844
67 73 -2379108.224188796
68 73 -29000.497979546
69 73 97163.334497774
70 73 64029.666320875
71 73 1657744.421564915
72 73 -127869.889329629
73 73 50263267.025672473
74 73 -105377.200851301
75 73 1420606.779336376
76 73 -472772.599417114
77 73 -26155398.746235836
78 73 -1638370.096956647
79 73 -2345831.985182669
80 73 154695.503684527
81 73 172827.187501639
82 73 259577.251494107
83 73 2154732.682434929
84 73 -348926.197653965
85 73 -1629295.302082857
86 73 71200.979740951
87 73 119763.932485941
88 73 174183.438231011
89 73 1542492.638183691
90 73 -174991.577668388
91 73 -758325.630339326
92 73 32178.479876125
93 73 -49953.733126121
94 73 44464.536993749
95 73 677581.772616825
96 73 44471.100323032
97 73 -788387.344195761
98 73 -9348.592530197
99 73 -84386.143844142
100 73 6033.264299035
101 73 744602.907628414
102 73 102615.109068323
103 73 -587688.092668569
104 73 5011.614864502
105 73 -44136.382155417
106 73 18150.406542546
107 73 575579.404699275
108 73 66847.992440064
109 73 -455671.309430150
110 73 -46233.558805756
111 73 -64530.082239865
112 73 -33630.519573176
113 73 262879.136544939
114 73 69544.597354077
115 73 -567925.797651274
116 73 -175844.442906981
117 73 -91595.814277560
118 73 -103919.263600468
119 73 501636.333245323
120 73 7809.052531420
121 73 -634796.408129840
122 73 -193130.646238607
123 73 -109505.289652406
124 73 -98333.033929229
125 73 509430.241615809
126 73 -25237.869784915
127 73 -806001.453969554
128 73 -290215.378204438
129 73 -151570.466064267
130 73 -215665.962433761
131 73 773711.039573198
132 73 -68869.239595519
133 73 -840790.151025276
134 73 -67242.093781136
135 73 20342.963868554
136 73 76566.193712374
137 73 732297.425561082
138 73 -200545.110005881
139 73 -887466.788107391
140 73 -270175.785553519
141 73 -66598.778399123
142 73 -113313.385287275
143 73 520667.253409144
144 73 115160.263529992
145 73 -748163.611756859
146 73 -163853.370298289
147 73 -58552.433025050
148 73 -71057.883387516
149 73 341783.473314399
150 73 108340.959890611
1 74 80939.580332902
2 74 -172110.511696076
3 74 20595.907787396
4 74 -45846.916783681
5 74 -25718.557542190
6 74 -37785.135613280
7 74 70480.726798580
8 74 -175488.594260412
9 74 19184.578429780
10 74 -48147.790291302
11 74 -22787.259814088
12 74 -36194.774525217
13 74 89653.387929305
14 74 -248608.525165467
15 74 31421.318795648
16 74 -68815.279894543
17 74 -31025.887198425
18 74 -51833.235938701
19 74 110497.313951862
20 74 -318425.493369818
21 74 61465.573274415
22 74 -100757.608870294
23 74 -47044.367917210
24 74 -60752.979523569
25 74 137831.754226052
26 74 -427614.580635517
27 74 101249.951337649
28 74 -139293.084110952
29 74 -64280.983434234
30 74 -78368.333249014
31 74 140140.092768882
32 74 -387205.890110801
33 74 49934.885383552
34 74 -130770.284707676
35 74 -55510.924180011
36 74 -67206.762838261
37 74 167147.291673811
38 74 -630952.787345774
39 74 33456.790308098
40 74 -230660.104482545
41 74 -63800.971926632
42 74 -70136.030483876
43 74 171421.244043181
44 74 -667469.145206234
45 74 25102.561976103
46 74 -237187.251444359
47 74 -63457.444368948
48 74 -78206.278226608
49 74 127550.239534851
50 74 -1338765.085667438
51 74 8424.407853727
52 74 -496376.248463391
53 74 -55616.715366349
54 74 -21225.931399388
55 74 69942.876287838
56 74 -1637254.242693749
57 74 -77223.871354845
58 74 -587536.608047642
59 74 -29228.262006090
60 74 -18792.400708355
61 74 -110065.065719667
62 74 -2909447.770404323
63 74 -207373.489462185
64 74 -1120272.335252294
65 74 41858.989512784
66 74 -64208.062017566
67 74 -61911.799558009
68 74 -3772715.672654921
69 74 -126555.402851965
70 74 -1952131.266171858
71 74 -60302.156994972
72 74 267169.077092136
73 74 -105377.200851301
74 74 70025147.360569492
75 74 7399475.223656891
76 74 30325467.274632867
77 74 421430.209751250
78 74 -2958798.298010895
79 74 253906.801791845
80 74 -3427602.268799827
81 74 -187917.567673759
82 74 -2637600.021179848
83 74 -340778.334799728
84 74 845143.087059608
85 74 164027.196630307
86 74 -2121804.310035519
87 74 -181831.806107169
88 74 -1838490.426557956
89 74 -257364.418330979
90 74 537906.027861981
91 74 88728.448984600
92 74 -1037125.165407857
93 74 -163900.301749228
94 74 -841250.902020299
95 74 -92967.420708751
96 74 81284.032308814
97 74 45777.710660541
98 74 -1026102.883988637
99 74 -196887.477627258
100 74 -876674.222970306
101 74 -52540.757544613
102 74 -25172.441353324
103 74 40807.612897289
104 74 -774196.088283818
105 74 -148670.744629339
106 74 -717372.094092137
107 74 -47945.714740846
108 74 25661.624744359
109 74 38997.005848365
110 74 -587623.474681566
111 74 -148844.188339280
112 74 -327831.117330438
113 74 -21020.749475128
114 74 -21145.041615253
115 74 115889.707258324
116 74 -775597.178653670
117 74 -108676.736509747
118 74 -623652.538754722
119 74 -122361.583599516
120 74 -43047.350956890
121 74 186657.167837476
122 74 -842969.120122579
123 74 -97261.684364642
124 74 -611109.448970802
125 74 -163815.212354205
126 74 -13784.989031851
127 74 165837.315369331
128 74 -1030693.745414604
129 74 -117453.132424416
130 74 -852800.749768205
131 74 -171602.714678346
132 74 -160308.135585223
133 74 233803.065287220
134 74 -1125809.307554985
135 74 -100682.908721898
136 74 -945813.835870361
137 74 -248121.713831236
138 74 429839.051976429
139 74 42976.978905000
140 74 -1082217.204574083
141 74 -175247.836883715
142 74 -555468.486094999
143 74 -49790.783612235
144 74 -24859.962361494
145 74 134400.111541884
146 74 -1065743.643459061
147 74 -116247.100023343
148 74 -403811.897173326
149 74 -50405.175379154
150 74 -7784.677453207
1 75 -35833.234859688
2 75 -34661.061454161
3 75 -36889.650236471
4 75 -11770.475793313
5 75 16094.433872629
6 75 -4423.958609105
7 75 -39999.631649401
8 75 -30583.104006504
9 75 -35273.932392632
10 75 -10566.554932544
11 75 17340.247014598
12 75 -3856.297236504
13 75 -60787.912285483
14 75 -43512.305587370
15 75 -50981.942626295
16 75 -14376.291494557
17 75 26377.843390407
18 75 -6198.731072224
19 75 -82906.797310238
20 75 -75722.602335551
21 75 -58534.027877419
22 75 -24323.196145603
23 75 36236.460188703
24 75 -13497.046010574
25 75 -113542.249050816
26 75 -106101.893574548
27 75 -75355.846253473
28 75 -32538.452306315
29 75 49263.656377652
30 75 -21573.225885195
31 75 -91593.061900980
32 75 -84861.409206921
33 75 -63668.032896344
34 75 -30436.790848450
35 75 40781.931224984
36 75 -11804.852687054
37 75 -128245.055502841
38 75 -132357.487768400
39 75 -97965.873636281
40 75 -54090.554569719
41 75 49983.582461693
42 75 -4685.421257414
43 75 -145304.474466233
44 75 -137256.193737898
45 75 -101860.531286653
46 75 -54445.695434117
47 75 58038.004469471
48 75 -5851.384801915
49 75 -223478.338654223
50 75 -241411.414754037
51 75 -197197.496640940
52 75 -89991.760463492
53 75 75740.938935076
54 75 12653.639317202
55 75 -275076.045139024
56 75 -265082.355469900
57 75 -257080.014917500
58 75 -102257.465040407
59 75 90750.591819656
60 75 21784.671312808
61 75 -181214.963379828
62 75 -287614.210067974
63 75 -479594.643059847
64 75 -126295.103199393
65 75 32151.028838521
66 75 15851.451185976
67 75 -38551.153957845
68 75 -209666.394798208
69 75 -615223.175902446
70 75 34028.912850122
71 75 -82934.937785045
72 75 8076.284702053
73 75 1420606.779336376
74 75 7399475.223656891
75 75 16101548.815872889
76 75 1017376.824086799
77 75 2066634.330550919
78 75 51342.389665861
79 75 441376.536929328
80 75 128568.188952685
81 75 -611455.704438704
82 75 428029.669819180
83 75 -635556.615111380
84 75 -33481.571217013
85 75 384247.795242597
86 75 154222.921497138
87 75 -364342.671925874
88 75 384750.165984358
89 75 -515450.050233445
90 75 -47716.006235631
91 75 125515.402054776
92 75 95492.375292920
93 75 -145343.206015759
94 75 165403.234494412
95 75 -177763.648361966
96 75 -29544.057129437
97 75 127918.667906317
98 75 102281.673305742
99 75 -117004.311475466
100 75 170072.217988894
101 75 -150973.808029601
102 75 -14229.534791590
103 75 133326.987761383
104 75 99553.398750262
105 75 -90504.503432026
106 75 176236.148062669
107 75 -184117.802588291
108 75 -28403.427283138
109 75 91290.037758420
110 75 -12033.006382930
111 75 -86466.659210282
112 75 35198.363908128
113 75 -67102.727730088
114 75 -12496.762124424
115 75 162707.952404320
116 75 9895.802903582
117 75 -106165.414667496
118 75 134289.840036936
119 75 -155402.053007270
120 75 4597.973568434
121 75 172857.084456743
122 75 -60488.879737934
123 75 -133377.582404332
124 75 73061.627881942
125 75 -143891.650092017
126 75 5787.274912383
127 75 193064.442754238
128 75 -53215.177381603
129 75 -136162.540040106
130 75 78788.509584175
131 75 -116350.901488817
132 75 34412.875164000
133 75 284332.271582978
134 75 -73456.967998696
135 75 -188882.972036331
136 75 55605.831113044
137 75 -315193.973991468
138 75 32259.310166119
139 75 152543.835239942
140 75 -156302.042873926
141 75 -158397.476533081
142 75 -63034.392941114
143 75 -62186.701029602
144 75 -18424.862781931
145 75 94855.938385286
146 75 -177684.839254233
147 75 -172311.610219980
148 75 -75980.555910038
149 75 -41248.255364388
150 75 -13630.792965417
1 76 18745.134973868
2 76 -47707.082553338
3 76 3399.666974389
4 76 -13420.419812859
5 76 -5962.444307315
6 76 -9994.701568571
7 76 15255.960400366
8 76 -46839.450664761
9 76 3025.079176023
10 76 -13526.695052020
11 76 -4928.928353002
12 76 -9192.211380804
13 76 19376.721220904
14 76 -66713.521658208
15 76 5737.831282557
16 76 -19125.147939343
17 76 -6688.566992205
18 76 -13375.205973613
19 76 24375.356279410
20 76 -89669.437273073
21 76 14206.901750132
22 76 -29436.664344727
23 76 -10821.632955573
24 76 -16327.175323667
25 76 31698.494653346
26 76 -120795.441081431
27 76 25355.074713821
28 76 -40558.223875577
29 76 -15492.120273160
30 76 -20964.061067644
31 76 31821.769277481
32 76 -109861.196073217
33 76 10578.409021759
34 76 -38556.166765254
35 76 -12779.152250182
36 76 -17425.012199071
37 76 36110.688796233
38 76 -187102.216774720
39 76 2146.187022596
40 76 -72825.367470395
41 76 -15093.051128321
42 76 -13348.381397225
43 76 35895.483874200
44 76 -196760.885641482
45 76 -186.013004537
46 76 -73797.074069476
47 76 -14277.438091289
48 76 -16329.206350276
49 76 27036.904273350
50 76 -448555.771144301
51 76 -6927.367747372
52 76 -173608.511797984
53 76 -17766.044422729
54 76 15300.890439034
55 76 -1674.184172299
56 76 -544427.717403914
57 76 -39354.716621509
58 76 -204517.279471351
59 76 -7057.276464970
60 76 17093.213170035
61 76 -53987.685238356
62 76 -1099055.295597678
63 76 -94244.827186142
64 76 -502662.253221528
65 76 12428.957038594
66 76 50934.964373069
67 76 69448.603844540
68 76 -1948986.505617429
69 76 83167.031984900
70 76 -1636825.857199071
71 76 -115767.857067688
72 76 392147.602671535
73 76 -472772.599417114
74 76 30325467.274632867
75 76 1017376.824086799
76 76 21931071.932737920
77 76 -579702.225630525
78 76 -5006178.668353657
79 76 200253.135916754
80 76 -2572918.748985699
81 76 180990.548796536
82 76 -2953925.663100608
83 76 -125005.826876170
84 76 874097.426332381
85 76 108676.870972890
86 76 -1777498.611162918
87 76 91004.221364484
88 76 -2221206.495561628
89 76 -67341.167036086
90 76 544518.074405578
91 76 37773.231701885
92 76 -821962.215557911
93 76 -55510.629132508
94 76 -957599.882292056
95 76 -10322.807044071
96 76 88317.107930909
97 76 21378.246403067
98 76 -884610.365896994
99 76 -104842.945517867
100 76 -1073045.545075263
101 76 8716.600888637
102 76 -47314.217037588
103 76 -6463.822919075
104 76 -695397.089546591
105 76 -73090.734890129
106 76 -930791.619682323
107 76 33706.426861842
108 76 30996.853620937
109 76 18599.864018363
110 76 -314191.214120514
111 76 -59132.454673546
112 76 -310610.243812296
113 76 -4400.413022698
114 76 -29041.790391438
115 76 80117.659940817
116 76 -541511.834887284
117 76 -19817.618506966
118 76 -736695.919248904
119 76 -73182.586414525
120 76 -76832.494741280
121 76 123334.381768293
122 76 -504133.907398815
123 76 -2663.958822724
124 76 -627505.771926772
125 76 -111856.278761569
126 76 -32634.939956184
127 76 137349.038949593
128 76 -724871.073754814
129 76 -6660.545664064
130 76 -954191.265401782
131 76 -174267.106828616
132 76 -278439.445390961
133 76 175342.204497705
134 76 -681757.926073067
135 76 22184.565033173
136 76 -846183.656863602
137 76 -144447.740143145
138 76 368786.209439927
139 76 54354.053834338
140 76 -456849.472667514
141 76 -72163.388873532
142 76 -360035.859730374
143 76 -52741.864400654
144 76 -39881.487411868
145 76 56290.847437893
146 76 -364958.166846079
147 76 -53201.454665126
148 76 -163655.527475747
149 76 -24405.899364160
150 76 1989.408473500
1 77 37156.228900371
2 77 6057.050101730
3 77 23881.292334551
4 77 3474.930589584
5 77 -15756.111177033
6 77 -369.747556140
7 77 35775.006034530
8 77 3669.076463712
9 77 21233.821296088
10 77 2381.971510860
11 77 -14994.758080371
12 77 -459.986049281
13 77 47979.535776506
14 77 6666.155641287
15 77 29607.170670706
16 77 3140.023279735
17 77 -19965.847870147
18 77 -69.604882886
19 77 70846.839116552
20 77 19910.843190988
21 77 35382.849409719
22 77 6692.483713188
23 77 -30527.501783810
24 77 4712.210402894
25 77 94996.915254407
26 77 35285.781616213
27 77 44587.613600710
28 77 10773.364247136
29 77 -40901.457550277
30 77 10371.780696684
31 77 86059.358313882
32 77 18433.983729646
33 77 34889.621931884
34 77 7696.492614997
35 77 -37372.566685164
36 77 2768.225698780
37 77 141615.449889413
38 77 16935.504557605
39 77 34279.312030536
40 77 8873.688127002
41 77 -67385.429585595
42 77 -3580.371434275
43 77 150589.136715143
44 77 22009.961002151
45 77 35817.194110211
46 77 9947.168115893
47 77 -67123.676120883
48 77 -4217.286753532
49 77 334526.916477692
50 77 70403.244412513
51 77 -8023.058357941
52 77 23748.807822126
53 77 -153607.999698602
54 77 -6288.561703653
55 77 420010.452638611
56 77 55686.672318009
57 77 -9944.440392058
58 77 15230.999455745
59 77 -183999.361121578
60 77 -25832.304723358
61 77 822335.297105751
62 77 29459.210625439
63 77 -39690.611446533
64 77 2861.899421899
65 77 -454483.935187363
66 77 -53346.820307221
67 77 1651770.869691924
68 77 -86051.769270772
69 77 -161586.783967119
70 77 -111989.881680134
71 77 -1688534.771554443
72 77 427745.750346943
73 77 -26155398.746235836
74 77 421430.209751250
75 77 2066634.330550919
76 77 -579702.225630525
77 77 21930518.622320168
78 77 -2974904.757578168
79 77 2166051.150406586
80 77 -114924.428242600
81 77 -420703.024157608
82 77 -35738.559758771
83 77 -2882587.221023610
84 77 562095.314235313
85 77 1548738.815826736
86 77 -10309.125210451
87 77 -287020.353725829
88 77 42883.891357375
89 77 -2136241.010720567
90 77 286174.630313925
91 77 694643.822685616
92 77 25956.129370058
93 77 -19998.976610260
94 77 61139.124887695
95 77 -893667.947340040
96 77 -43179.987945034
97 77 766558.603350393
98 77 38081.472857183
99 77 53698.126662853
100 77 74955.675495000
101 77 -998822.379764002
102 77 -101010.300399670
103 77 588256.794492640
104 77 53230.866851378
105 77 971.826268075
106 77 89078.677096497
107 77 -834895.092012464
108 77 -74535.622361041
109 77 267463.847025213
110 77 41968.441216242
111 77 23231.397579901
112 77 57516.763508529
113 77 -267703.795431156
114 77 -29446.694349764
115 77 434962.675660635
116 77 141354.457441100
117 77 49778.945426147
118 77 211029.789730697
119 77 -651469.182641525
120 77 57308.626532627
121 77 421513.596873841
122 77 114046.746721264
123 77 43466.354765937
124 77 156411.313312690
125 77 -578361.303702707
126 77 111599.666412491
127 77 592861.665019488
128 77 196653.996642689
129 77 135748.728115217
130 77 260665.604706345
131 77 -921599.430361746
132 77 199133.389023320
133 77 609917.447176058
134 77 -46843.960134526
135 77 -108470.373115211
136 77 -56945.952248316
137 77 -825853.258944830
138 77 305079.950445481
139 77 424632.354389417
140 77 85709.083052208
141 77 26074.491419330
142 77 42721.252632635
143 77 -359989.049948646
144 77 -25060.250788369
145 77 285704.162522540
146 77 51638.462958080
147 77 5039.927076161
148 77 22884.872358931
149 77 -155727.781621781
150 77 -28732.286619297
1 78 20228.793636868
2 78 -28633.842315275
3 78 7224.825416445
4 78 -6448.853060004
5 78 -6674.098407041
6 78 -7112.926279621
7 78 18375.162514177
8 78 -30536.956443015
9 78 6499.339941920
10 78 -7338.889527699
11 78 -6183.416729704
12 78 -7028.860705426
13 78 23718.008241990
14 78 -45192.293480618
15 78 9853.280258602
16 78 -11518.701715488
17 78 -8491.229156890
18 78 -10252.704576089
19 78 30313.942675592
20 78 -56350.604410594
21 78 16252.160062421
22 78 -16284.340646911
23 78 -12825.155620044
24 78 -12288.433928791
25 78 35544.235334890
26 78 -75911.742164265
27 78 23397.378142345
28 78 -22582.534043576
29 78 -16193.558918466
30 78 -16194.439575838
31 78 37929.378959216
32 78 -65494.153369812
33 78 13782.506536860
34 78 -19851.766881148
35 78 -15298.160555122
36 78 -14309.617059198
37 78 59308.013507792
38 78 -90495.271156363
39 78 10554.916456406
40 78 -25308.125759557
41 78 -26529.436942715
42 78 -25730.936126015
43 78 62300.783026285
44 78 -99696.329902462
45 78 9696.943443917
46 78 -29629.417890476
47 78 -26145.474824687
48 78 -25478.628644981
49 78 82427.313042309
50 78 -131729.611188389
51 78 -2182.386958903
52 78 -42290.479259073
53 78 -38588.397303949
54 78 -63813.124144368
55 78 122625.357258251
56 78 -143241.970129294
57 78 -12941.482626485
58 78 -47908.664455006
59 78 -47827.670400154
60 78 -76093.144983996
61 78 188048.642038444
62 78 -160281.479593737
63 78 -12270.091128168
64 78 -7593.769446817
65 78 -68923.785889499
66 78 -166301.932630680
67 78 -75384.148683376
68 78 166344.005659723
69 78 5069.855547881
70 78 266451.771198292
71 78 331120.157643533
72 78 -583690.235824026
73 78 -1638370.096956647
74 78 -2958798.298010895
75 78 51342.389665861
76 78 -5006178.668353657
77 78 -2974904.757578168
78 78 9255166.660860175
79 78 -604832.460755288
80 78 1154085.715714480
81 78 34403.249185963
82 78 1373524.402377793
83 78 1057951.745076792
84 78 -1192921.573949860
85 78 -465783.609497720
86 78 850304.870806543
87 78 40849.475363622
88 78 1055494.727978151
89 78 840185.047680773
90 78 -713498.594432793
91 78 -144513.297484524
92 78 279070.496737015
93 78 24848.223294608
94 78 380935.607286795
95 78 286140.050245281
96 78 -204047.305128658
97 78 -129347.102839134
98 78 201687.465246897
99 78 12377.122693005
100 78 290207.301664482
101 78 284747.965128689
102 78 -130344.696733408
103 78 -127546.109906250
104 78 231919.942367942
105 78 25133.795499379
106 78 361627.292830258
107 78 278344.925801284
108 78 -110740.360098988
109 78 8377.629312892
110 78 73032.123912624
111 78 12483.645793659
112 78 94464.569266757
113 78 71573.711221314
114 78 -47713.497971951
115 78 -66132.907128361
116 78 162829.110118196
117 78 -8313.592075772
118 78 272718.826867752
119 78 241683.971016566
120 78 -109941.882593910
121 78 -40697.034931754
122 78 153946.896303105
123 78 -6679.741921546
124 78 249504.267562082
125 78 207551.001618198
126 78 -170217.410064711
127 78 -36193.523142196
128 78 119777.938980906
129 78 -20205.282872566
130 78 137877.184498174
131 78 233806.505865677
132 78 -191733.631045385
133 78 -167498.108161310
134 78 454973.570212422
135 78 604.378202459
136 78 591305.674420991
137 78 329419.943716484
138 78 -520646.010750655
139 78 105236.821943935
140 78 86767.272051008
141 78 16334.796010949
142 78 34300.669059378
143 78 -18570.023129677
144 78 -49714.044063538
145 78 104292.510438780
146 78 61620.450855067
147 78 10053.606225301
148 78 28609.110985578
149 78 -35379.380783625
150 78 -56775.345629460
1 79 -111737.663892545
2 79 37501.712625377
3 79 -59176.835736522
4 79 4252.363778648
5 79 41900.433441936
6 79 15561.565011980
7 79 -124413.897495139
8 79 36389.036152262
9 79 -55301.916417448
10 79 5150.160847943
11 79 47996.824234744
12 79 12362.613756179
13 79 -154609.755042491
14 79 56405.271812767
15 79 -66560.696240848
16 79 9370.261898445
17 79 59258.028151534
18 79 17661.887307304
19 79 -207230.239218054
20 79 28087.550059850
21 79 -92182.664288115
22 79 5456.862548828
23 79 85159.919852940
24 79 6225.730089455
25 79 -252937.605572538
26 79 -535.592207008
27 79 -104057.494473982
28 79 -1691.890718419
29 79 106094.697615819
30 79 -7609.056937614
31 79 -241277.270998594
32 79 22622.453139632
33 79 -86830.685523090
34 79 3011.525423011
35 79 101777.854101508
36 79 5562.869099167
37 79 -257284.410292103
38 79 35441.231794918
39 79 -65850.464149134
40 79 8308.470724967
41 79 107908.919772861
42 79 8777.421087880
43 79 -299815.549095527
44 79 21993.956621118
45 79 -58838.856369209
46 79 2939.892005459
47 79 126084.839839905
48 79 9185.820428477
49 79 -573986.269903627
50 79 8361.066290404
51 79 59786.491609867
52 79 -1447.579721291
53 79 248510.328505730
54 79 40872.100540078
55 79 -749663.404078562
56 79 31899.676563472
57 79 67933.848491251
58 79 8993.353130601
59 79 338160.006501912
60 79 44507.313051377
61 79 -930981.763003857
62 79 44889.013585433
63 79 128844.188533496
64 79 22033.712834210
65 79 469333.503095130
66 79 52465.019212784
67 79 -1465177.471094481
68 79 9171.244918073
69 79 291548.342761011
70 79 61985.535555803
71 79 1166877.314864167
72 79 -208681.855665875
73 79 -2345831.985182669
74 79 253906.801791845
75 79 441376.536929328
76 79 200253.135916754
77 79 2166051.150406586
78 79 -604832.460755288
79 79 50806929.549264677
80 79 -1928672.840438031
81 79 -3166140.625281910
82 79 -1289378.266944943
83 79 -34783365.011008710
84 79 1844296.655911995
85 79 -3527210.175361422
86 79 400276.719963122
87 79 455866.957980168
88 79 406222.591365740
89 79 4292249.566906470
90 79 -1016955.730228200
91 79 -2020969.099232740
92 79 171065.577044910
93 79 223244.173722270
94 79 208073.999612629
95 79 2594273.707388693
96 79 -302250.782889125
97 79 -1902000.621953237
98 79 85198.850479909
99 79 58303.304567639
100 79 109351.414143278
101 79 2600875.905496120
102 79 -127962.636745927
103 79 -1301372.085043702
104 79 12655.462351883
105 79 64542.793662414
106 79 56846.330087852
107 79 1497683.036889385
108 79 35488.440490032
109 79 -910060.512151759
110 79 -16274.147208583
111 79 5023.243579444
112 79 -13523.449117744
113 79 941584.665323001
114 79 4961.535359861
115 79 -1210387.391821337
116 79 -160656.572236318
117 79 -23506.732057329
118 79 -198785.458748423
119 79 1541439.444333581
120 79 -236970.546484250
121 79 -1043730.884263674
122 79 -205806.513204777
123 79 -66225.755715352
124 79 -241596.031952396
125 79 1340798.016613742
126 79 -455319.261854119
127 79 -866205.306378955
128 79 -174985.260897566
129 79 -10363.215425804
130 79 -117214.159215467
131 79 989489.306499580
132 79 -239216.898116877
133 79 -1057260.762170227
134 79 435.657531457
135 79 160442.068676980
136 79 43525.080635023
137 79 1059877.105291223
138 79 -334482.208106204
139 79 -818286.831907272
140 79 -205218.506553722
141 79 -24739.703510791
142 79 -76904.398793554
143 79 378336.422414300
144 79 126567.394386216
145 79 -747952.692327643
146 79 -167464.087209957
147 79 -1866.297157031
148 79 -64262.949184681
149 79 403172.842951773
150 79 113398.282119339
1 80 89950.158143477
2 80 -156313.248982376
3 80 15303.973691205
4 80 -40051.884512309
5 80 -26196.163838363
6 80 -36222.806093321
7 80 86706.291186656
8 80 -171681.019224804
9 80 17715.536546382
10 80 -49004.077194981
11 80 -27176.691663566
12 80 -35055.378159944
13 80 115233.091424517
14 80 -228102.032258884
15 80 20936.652868571
16 80 -64663.683651710
17 80 -35690.700426400
18 80 -45793.003719475
19 80 133463.141917224
20 80 -315537.065356252
21 80 62529.096457072
22 80 -99057.586751597
23 80 -53535.285717931
24 80 -60113.137646132
25 80 153126.117380921
26 80 -393907.927290673
27 80 101510.259063519
28 80 -129634.798075303
29 80 -68649.757571888
30 80 -69983.329759230
31 80 150648.864704027
32 80 -394403.698647377
33 80 65258.724661140
34 80 -131980.467405840
35 80 -62122.857816937
36 80 -70277.850108182
37 80 121818.449160451
38 80 -414202.165312306
39 80 48090.381921117
40 80 -144397.649870844
41 80 -49291.804978069
42 80 -57487.945888170
43 80 129879.406858964
44 80 -509118.912043020
45 80 51255.081312810
46 80 -177667.434723599
47 80 -51973.604336543
48 80 -61751.712587368
49 80 143843.801749045
50 80 -806030.160702563
51 80 -13550.625922248
52 80 -297633.471777800
53 80 -50933.151439173
54 80 21978.814715623
55 80 99196.165714484
56 80 -1013940.219122796
57 80 -33784.080765699
58 80 -402602.087762518
59 80 -36899.342396762
60 80 11961.575329601
61 80 -27046.564575327
62 80 -1422909.392278170
63 80 -73315.562261145
64 80 -593028.908376098
65 80 10979.137768958
66 80 174113.229565984
67 80 -67420.734953265
68 80 -2253997.428184927
69 80 35021.962253306
70 80 -1400763.931782752
71 80 -12804.504169008
72 80 598882.502334129
73 80 154695.503684527
74 80 -3427602.268799827
75 80 128568.188952685
76 80 -2572918.748985699
77 80 -114924.428242600
78 80 1154085.715714480
79 80 -1928672.840438031
80 80 69066713.470405161
81 80 6067032.701599997
82 80 39110294.855299801
83 80 1300970.948078460
84 80 -8846367.818671552
85 80 457860.992251727
86 80 -4331692.357974010
87 80 134870.171106956
88 80 -4539936.449592941
89 80 -463385.806327709
90 80 1316863.204624493
91 80 216628.558234567
92 80 -2865055.813791052
93 80 -62197.289345062
94 80 -2936982.676815271
95 80 -277525.432256353
96 80 651852.986783398
97 80 105882.474178891
98 80 -2551812.823424980
99 80 -139374.307639607
100 80 -2855977.370045266
101 80 -152465.502066340
102 80 280715.960494705
103 80 18334.988637431
104 80 -1948684.292510542
105 80 -204230.916217144
106 80 -1804936.296043251
107 80 -86494.573867393
108 80 272200.138186228
109 80 74619.517067517
110 80 -1333616.378227982
111 80 -137632.485578691
112 80 -1146173.004532072
113 80 -90673.451477241
114 80 135543.363005437
115 80 324649.976122511
116 80 -1636239.812615396
117 80 -14224.637667512
118 80 -1817389.841954457
119 80 -362614.945511491
120 80 166604.618396683
121 80 346974.241475858
122 80 -1492699.020336497
123 80 32610.282835248
124 80 -1448319.405647174
125 80 -363013.498180968
126 80 114822.489117860
127 80 216970.348131831
128 80 -1203719.809470770
129 80 -11595.860607259
130 80 -1119118.281962023
131 80 -244593.291821870
132 80 152137.703028707
133 80 308291.251439838
134 80 -1549523.872792486
135 80 -7304.949079907
136 80 -1330467.339921464
137 80 -242354.884203578
138 80 739522.053472505
139 80 57417.943975270
140 80 -1221212.420094333
141 80 -124727.678957722
142 80 -444569.089477125
143 80 -32993.510208938
144 80 -5583.837753053
145 80 96390.306058506
146 80 -1248256.605748832
147 80 -70933.085334353
148 80 -475052.961905337
149 80 -49636.787268332
150 80 18151.237198498
1 81 -35945.314329089
2 81 -37619.076563224
3 81 -37035.023132211
4 81 -13277.148908366
5 81 16320.975312277
6 81 -4186.888537950
7 81 -42341.622757877
8 81 -37225.748100119
9 81 -34934.840402035
10 81 -13471.145848577
11 81 18154.644656558
12 81 -4107.648118284
13 81 -54752.136796868
14 81 -48152.139480655
15 81 -45773.733188466
16 81 -17390.968353878
17 81 23256.524150482
18 81 -4739.621581086
19 81 -87540.958575889
20 81 -85781.767780943
21 81 -58748.077465704
22 81 -28347.166260948
23 81 37850.822214796
24 81 -14198.105797011
25 81 -110502.999403919
26 81 -111894.616771479
27 81 -67509.452302679
28 81 -35466.771291773
29 81 47332.524055179
30 81 -21630.691203692
31 81 -99000.918470497
32 81 -96719.998083389
33 81 -64466.732726962
34 81 -33931.450807937
35 81 43849.204765869
36 81 -14321.206471066
37 81 -103867.976096596
38 81 -91698.795395134
39 81 -59592.916328134
40 81 -33245.105528599
41 81 44136.378232506
42 81 -9536.520019984
43 81 -121106.260749240
44 81 -110643.755483760
45 81 -71465.853969364
46 81 -40050.349314072
47 81 49666.924524387
48 81 -8768.684935776
49 81 -149284.829104688
50 81 -205286.160822214
51 81 -94460.231983845
52 81 -78830.855646956
53 81 48480.846127742
54 81 19625.225770479
55 81 -208709.814461122
56 81 -220747.577563932
57 81 -125748.434748673
58 81 -86088.583300243
59 81 78978.077130525
60 81 15691.532593633
61 81 -78709.044342598
62 81 -223805.048939609
63 81 -234989.722540216
64 81 -77182.665536397
65 81 -28487.344957872
66 81 27355.314590782
67 81 32532.563950806
68 81 -227257.167258534
69 81 -374318.236513164
70 81 1438.786654582
71 81 -141880.700660727
72 81 30420.148275210
73 81 172827.187501639
74 81 -187917.567673759
75 81 -611455.704438704
76 81 180990.548796536
77 81 -420703.024157608
78 81 34403.249185963
79 81 -3166140.625281911
80 81 6067032.701599997
81 81 16541741.300719647
82 81 -1907137.645784163
83 81 5894080.941183158
84 81 -11592.681133518
85 81 627625.003906612
86 81 409424.986158949
87 81 -791695.930879288
88 81 1036081.080560905
89 81 -928655.326996547
90 81 -25092.083908496
91 81 487694.832589668
92 81 422417.263291928
93 81 -455623.355568984
94 81 734686.680885316
95 81 -671619.731961186
96 81 -42259.294263808
97 81 381644.643662435
98 81 406258.141541957
99 81 -351314.935960067
100 81 741216.287000838
101 81 -505311.809974834
102 81 6109.415592993
103 81 317058.393382060
104 81 220552.731017468
105 81 -287839.890299610
106 81 379004.751256150
107 81 -386841.568479368
108 81 -31898.183986915
109 81 233827.751467847
110 81 94842.024954941
111 81 -210306.138776939
112 81 213063.365473496
113 81 -261441.032541295
114 81 -1196.939645258
115 81 373866.142850707
116 81 90069.483280527
117 81 -260369.174625313
118 81 384377.139252163
119 81 -492925.016184079
120 81 79995.001619007
121 81 280332.051521457
122 81 -46181.468000532
123 81 -264706.364574917
124 81 229312.207194400
125 81 -302856.345920407
126 81 114018.144913997
127 81 236954.616041816
128 81 -85055.958240632
129 81 -215890.586601824
130 81 113087.922502215
131 81 -232304.447886366
132 81 55700.299133830
133 81 356262.183994730
134 81 -127803.383348231
135 81 -309313.968817259
136 81 91092.002360403
137 81 -453210.636576912
138 81 85380.038524144
139 81 105384.482103888
140 81 -228043.037215553
141 81 -210739.376014166
142 81 -99124.268226282
143 81 -33571.725437407
144 81 -11625.779791107
145 81 62791.391254367
146 81 -238724.790882677
147 81 -209816.740461526
148 81 -103574.216826545
149 81 -13938.179638841
150 81 -4722.597190208
1 82 16939.271473717
2 82 -40006.634021723
3 82 -29.492144452
4 82 -10937.836696259
5 82 -4537.457378669
6 82 -8707.469668919
7 82 15841.857154823
8 82 -43580.421182919
9 82 1276.561549079
10 82 -13285.403548971
11 82 -4843.295263170
12 82 -8213.018159966
13 82 20293.707792714
14 82 -56191.320129345
15 82 749.118970722
16 82 -17033.618069646
17 82 -6046.323019637
18 82 -10414.778557639
19 82 24099.278910547
20 82 -83195.810946764
21 82 11236.749245547
22 82 -27129.356670313
23 82 -9950.090620959
24 82 -14919.227761803
25 82 29627.258752224
26 82 -105836.509129411
27 82 22186.566945347
28 82 -36042.529190443
29 82 -14092.086899168
30 82 -17577.108316593
31 82 29197.991113497
32 82 -106244.873712501
33 82 12851.692117010
34 82 -36988.442795457
35 82 -12475.720000559
36 82 -17292.286918689
37 82 22117.839776744
38 82 -113933.393759650
39 82 8747.545621062
40 82 -41046.657843016
41 82 -9287.165261137
42 82 -13479.903209768
43 82 23525.681276129
44 82 -142133.449573614
45 82 9243.072676467
46 82 -51616.970751065
47 82 -10159.449928026
48 82 -13217.780921367
49 82 24654.267558982
50 82 -269521.143148130
51 82 -12078.532275837
52 82 -103901.638476955
53 82 -10570.818073694
54 82 21227.387366236
55 82 6535.110473148
56 82 -361207.927098067
57 82 -9128.968370252
58 82 -174261.920789431
59 82 -7664.830664891
60 82 19264.522635381
61 82 993.147142972
62 82 -610741.083235478
63 82 -15966.644920593
64 82 -336038.277716972
65 82 8252.337020413
66 82 195366.741648663
67 82 87207.754196511
68 82 -1444294.800800064
69 82 171657.877750858
70 82 -1412048.475962366
71 82 -38573.697227793
72 82 657293.809913945
73 82 259577.251494107
74 82 -2637600.021179848
75 82 428029.669819180
76 82 -2953925.663100608
77 82 -35738.559758771
78 82 1373524.402377793
79 82 -1289378.266944942
80 82 39110294.855299801
81 82 -1907137.645784164
82 82 40992325.835072719
83 82 -720544.768656510
84 82 -9522343.848983798
85 82 342667.332021434
86 82 -4526772.005807916
87 82 737491.226167668
88 82 -6642530.830939761
89 82 -236428.030296799
90 82 1349097.199861744
91 82 97819.924580705
92 82 -2900716.613055842
93 82 208495.650055286
94 82 -4187904.323395145
95 82 -49058.528721951
96 82 504277.671444938
97 82 2824.493953958
98 82 -2859709.098369329
99 82 75831.005481544
100 82 -4474721.116426897
101 82 47971.743047836
102 82 -6342.538548044
103 82 -11543.261866135
104 82 -1751766.694763872
105 82 -51380.980020919
106 82 -2431884.396304427
107 82 45801.810225473
108 82 86970.361234627
109 82 30961.329691725
110 82 -1054042.943552901
111 82 -30127.258118511
112 82 -1389561.030845795
113 82 -2993.771511887
114 82 -21737.924569451
115 82 214308.119627097
116 82 -1476489.426941168
117 82 121471.128033696
118 82 -2360634.817550730
119 82 -257638.268792549
120 82 -59330.972577014
121 82 225178.765961673
122 82 -1130258.677761186
123 82 167114.700284729
124 82 -1812423.064890733
125 82 -380211.435475528
126 82 -154305.421760915
127 82 179723.518064233
128 82 -844770.044061389
129 82 98527.050025999
130 82 -1320532.973780140
131 82 -237536.618459715
132 82 31962.952708125
133 82 227818.505382510
134 82 -1001074.386446893
135 82 117035.601656147
136 82 -1313118.477531362
137 82 -143711.094531154
138 82 607069.577819494
139 82 39831.348882832
140 82 -403993.944911098
141 82 -61524.684488122
142 82 -186161.543000649
143 82 -22015.739282388
144 82 -20465.687200235
145 82 44865.621348655
146 82 -410887.462936763
147 82 -43016.234336369
148 82 -229556.535786500
149 82 -28709.707857932
150 82 9771.375401976
1 83 32835.398954616
2 83 -1536.750024803
3 83 20551.315477609
4 83 1372.077484881
5 83 -13048.382467788
6 83 -2739.221415309
7 83 37535.795076106
8 83 -826.559837196
9 83 19279.607250749
10 83 1268.582668855
11 83 -15198.229661003
12 83 -1717.026653499
13 83 46147.476883229
14 83 -3094.632051097
15 83 23363.515463533
16 83 1085.934621283
17 83 -18676.416016220
18 83 -2632.328601773
19 83 67366.040677203
20 83 11205.059550977
21 83 33199.258142613
22 83 4184.940911472
23 83 -28438.684374170
24 83 2219.174333365
25 83 86159.990814980
26 83 24118.519102656
27 83 38544.542896409
28 83 7501.778514662
29 83 -36820.090975622
30 83 7820.240193726
31 83 81075.253016168
32 83 14535.652350377
33 83 33558.697233531
34 83 5760.965890147
35 83 -35214.783995799
36 83 2787.577347784
37 83 87819.244540484
38 83 8330.983039213
39 83 26533.973474113
40 83 3582.804162038
41 83 -37615.406078763
42 83 1202.050814330
43 83 105288.486359250
44 83 15061.795811474
45 83 25517.900118632
46 83 5858.942558617
47 83 -45595.010287679
48 83 1569.132676646
49 83 208562.475734466
50 83 20699.725932164
51 83 -21317.622995732
52 83 8263.290674136
53 83 -94297.637797591
54 83 -8592.328780328
55 83 304351.802241490
56 83 17689.131496778
57 83 -21720.043792766
58 83 7371.600911272
59 83 -162845.209944219
60 83 5440.546524636
61 83 439432.916993758
62 83 -30413.775796128
63 83 -111476.033397184
64 83 -3074.665649257
65 83 -309206.086686385
66 83 41595.605530413
67 83 1143735.327814443
68 83 -139923.387678936
69 83 -312251.398628662
70 83 -76502.950959184
71 83 -1380780.486030805
72 83 482896.207452112
73 83 2154732.682434929
74 83 -340778.334799728
75 83 -635556.615111380
76 83 -125005.826876170
77 83 -2882587.221023610
78 83 1057951.745076792
79 83 -34783365.011008710
80 83 1300970.948078460
81 83 5894080.941183158
82 83 -720544.768656509
83 83 40561534.363151804
84 83 -8945794.028799796
85 83 4229366.470497354
86 83 -259179.947841217
87 83 -731590.183805002
88 83 -141967.873581047
89 83 -6647695.326614551
90 83 1689579.440724369
91 83 2518206.115577752
92 83 -8996.140370877
93 83 -340886.497839225
94 83 59588.482552250
95 83 -4019903.512403052
96 83 441954.568940799
97 83 2495679.959100876
98 83 51596.410659974
99 83 -67212.921636194
100 83 109326.476311711
101 83 -4234247.842128443
102 83 241560.807327627
103 83 1460028.583872796
104 83 54582.964606725
105 83 -93472.688735339
106 83 90271.549122068
107 83 -2260556.986798096
108 83 -10259.951301936
109 83 878008.534533919
110 83 73119.709706618
111 83 -22285.217540802
112 83 144530.964664334
113 83 -1293198.779930438
114 83 38701.545295579
115 83 1286795.414211372
116 83 260973.976420859
117 83 -28922.545927253
118 83 546944.662776661
119 83 -2291119.438874459
120 83 435416.498938045
121 83 1022323.958630380
122 83 258240.603887642
123 83 25052.483950069
124 83 487453.841565712
125 83 -1974030.596211785
126 83 867692.487677737
127 83 741812.767235902
128 83 99684.950829363
129 83 -15347.783819202
130 83 206949.236573310
131 83 -1354065.007610028
132 83 454201.012051620
133 83 843891.654235924
134 83 -98178.557829566
135 83 -269082.407339265
136 83 14885.002249808
137 83 -1335875.954936559
138 83 509666.148286221
139 83 318929.375005134
140 83 56858.263135933
141 83 8714.026550117
142 83 27058.110222840
143 83 -176382.108578413
144 83 -34143.768797493
145 83 303251.798377266
146 83 49056.877392816
147 83 -11146.516217241
148 83 28561.419933214
149 83 -227299.648083309
150 83 -26891.251001506
1 84 26989.441458295
2 84 -31040.782921113
3 84 8606.183518656
4 84 -7131.567844596
5 84 -8701.504130797
6 84 -8028.625203029
7 84 25929.448699006
8 84 -32495.475908506
9 84 7712.692086659
10 84 -8190.439320384
11 84 -8630.880372017
12 84 -7531.507065130
13 84 34321.790227409
14 84 -44806.187968850
15 84 9723.824300797
16 84 -11365.167788685
17 84 -11411.890920198
18 84 -10329.104446969
19 84 41796.370631305
20 84 -62601.781121829
21 84 19650.210292218
22 84 -18334.430398773
23 84 -16881.026404591
24 84 -13172.089671269
25 84 45531.792007316
26 84 -76366.529616846
27 84 26800.336503564
28 84 -23252.645323732
29 84 -20028.446596841
30 84 -15396.619453396
31 84 45834.789800558
32 84 -76493.759382225
33 84 19362.552644577
34 84 -23638.214239058
35 84 -19159.926826650
36 84 -16238.611671067
37 84 41700.539374281
38 84 -74765.338339308
39 84 14059.856970111
40 84 -24112.025119079
41 84 -17406.148571817
42 84 -15124.517242136
43 84 45996.250154482
44 84 -88802.668435415
45 84 13621.417187192
46 84 -28387.160358224
47 84 -19736.359610508
48 84 -18975.257951028
49 84 86729.350804552
50 84 -71436.661275425
51 84 -10919.150685961
52 84 -23207.519870754
53 84 -36384.614777997
54 84 -24709.647299000
55 84 102998.797176432
56 84 -105240.878605323
57 84 -9633.401012163
58 84 -48069.928537487
59 84 -42318.053726554
60 84 -31363.270415926
61 84 89532.287325120
62 84 52863.855136719
63 84 -24111.987850386
64 84 84039.456186951
65 84 -20903.114906639
66 84 -174215.866629276
67 84 -41380.663687647
68 84 357754.640068749
69 84 -21114.407319418
70 84 308326.610473037
71 84 168803.450187980
72 84 -530058.249528879
73 84 -348926.197653965
74 84 845143.087059608
75 84 -33481.571217013
76 84 874097.426332381
77 84 562095.314235313
78 84 -1192921.573949860
79 84 1844296.655911996
80 84 -8846367.818671551
81 84 -11592.681133518
82 84 -9522343.848983798
83 84 -8945794.028799796
84 84 13254440.297764499
85 84 -1329486.612288710
86 84 1556610.587124594
87 84 -645.730477531
88 84 1799000.322377861
89 84 2324106.421854055
90 84 -1735589.865046717
91 84 -784728.780176878
92 84 1038201.917601627
93 84 28979.808672828
94 84 1192471.629409714
95 84 1397901.765708566
96 84 -792592.938848733
97 84 -717669.586706535
98 84 742143.036761658
99 84 -10104.618469913
100 84 869968.065737221
101 84 1440449.613560553
102 84 -567984.835809889
103 84 -309910.921321258
104 84 583505.822687967
105 84 27611.638313212
106 84 634230.960436767
107 84 673113.649030048
108 84 -367115.403462835
109 84 -166369.658875316
110 84 364999.988716417
111 84 3464.989695911
112 84 382154.995828894
113 84 382379.847049503
114 84 -246331.552262878
115 84 -333998.585647191
116 84 531896.518920880
117 84 -62445.507022378
118 84 751426.419923762
119 84 742343.032613263
120 84 -460027.300599869
121 84 -259023.068325526
122 84 318258.659308419
123 84 -81202.750997259
124 84 406136.073014399
125 84 709204.685681014
126 84 -680705.351954696
127 84 -122781.377013535
128 84 280406.801456067
129 84 -35406.812688722
130 84 355621.901577980
131 84 360815.035542358
132 84 -410985.646120067
133 84 -199874.928889416
134 84 631955.334510505
135 84 -29223.442334154
136 84 683490.300772013
137 84 341082.676720075
138 84 -676411.105319061
139 84 133198.427795869
140 84 66179.531996441
141 84 8135.194650969
142 84 13718.800612581
143 84 -51206.085772328
144 84 -62516.303142886
145 84 126443.221754370
146 84 52502.465030083
147 84 388.089761749
148 84 5136.403715054
149 84 -58578.823394362
150 84 -60281.284926890
1 85 -125937.720077769
2 85 32708.691424598
3 85 -69204.572434928
4 85 4187.756472648
5 85 50645.494160909
6 85 14769.497764393
7 85 -77555.545161187
8 85 4724.211370372
9 85 -35890.084761015
10 85 214.057630941
11 85 33713.697097856
12 85 2045.046848548
13 85 -112995.933664276
14 85 12574.914925712
15 85 -57681.183800066
16 85 2274.574724124
17 85 49476.194798497
18 85 4119.376909639
19 85 -150693.133328747
20 85 9451.317708731
21 85 -62333.676385093
22 85 2515.622050992
23 85 65658.469223847
24 85 -252.569771889
25 85 -187558.156601926
26 85 -800.161897848
27 85 -73589.675883645
28 85 445.507819201
29 85 80946.949528226
30 85 -5754.849608878
31 85 -176023.399500920
32 85 15709.938995840
33 85 -54977.276311038
34 85 3742.300243467
35 85 77060.945438509
36 85 4007.509385113
37 85 -213390.879896574
38 85 33281.826935750
39 85 -49574.128606316
40 85 9982.606436426
41 85 91658.902246205
42 85 7596.606272684
43 85 -219435.779851712
44 85 20225.015587455
45 85 -29469.336271893
46 85 4957.361328584
47 85 93886.830636536
48 85 10982.281891577
49 85 -392427.421688044
50 85 -1253.718027034
51 85 70175.826824668
52 85 -3032.614795068
53 85 177094.999323656
54 85 19376.912551310
55 85 -485459.492396009
56 85 27661.750099812
57 85 67143.638511727
58 85 11160.353187512
59 85 230665.567881967
60 85 23729.483204746
61 85 -533035.497951010
62 85 -15718.093190460
63 85 95584.320779190
64 85 4557.304911002
65 85 232503.908979249
66 85 60801.465886124
67 85 -1088989.510068974
68 85 99187.635221507
69 85 268929.892695982
70 85 74095.238777380
71 85 931988.539047327
72 85 -239944.995737286
73 85 -1629295.302082857
74 85 164027.196630307
75 85 384247.795242597
76 85 108676.870972890
77 85 1548738.815826736
78 85 -465783.609497720
79 85 -3527210.175361422
80 85 457860.992251727
81 85 627625.003906612
82 85 342667.332021434
83 85 4229366.470497354
84 85 -1329486.612288710
85 85 46884355.192732461
86 85 -2264030.789013511
87 85 -3392817.901451049
88 85 -1264162.823405156
89 85 -37501592.352919675
90 85 3035823.132255384
91 85 -2924517.020437191
92 85 243911.716512805
93 85 280689.770986082
94 85 241672.471717519
95 85 3659238.608761368
96 85 -699581.783545168
97 85 -2451595.253370336
98 85 200887.521297294
99 85 184925.135271151
100 85 200622.322838422
101 85 3198665.056956371
102 85 -486194.774434692
103 85 -1765778.723452097
104 85 88508.587684472
105 85 112316.467483720
106 85 137928.978277220
107 85 2116346.929424408
108 85 -149598.861450693
109 85 -1400881.828626841
110 85 578.586050735
111 85 77294.769698373
112 85 -15053.423265246
113 85 1782027.007498752
114 85 -90455.683659500
115 85 -1590531.407261846
116 85 -246012.890095021
117 85 29205.351163742
118 85 -388111.749427917
119 85 2489235.451368655
120 85 -637197.191708030
121 85 -1095205.727536677
122 85 -259457.064918558
123 85 -5629.414956203
124 85 -335384.364383184
125 85 1780497.274824532
126 85 -658748.509559243
127 85 -868265.196503520
128 85 -39931.887909846
129 85 46350.827964641
130 85 -78109.361382416
131 85 953987.998228470
132 85 -222570.691085450
133 85 -792972.596171074
134 85 -45351.805298309
135 85 119406.957653954
136 85 -46788.048724776
137 85 773171.916989067
138 85 -119740.089299487
139 85 -690716.737780739
140 85 -130775.638439810
141 85 -19871.393219579
142 85 -52751.700684070
143 85 353685.723765359
144 85 100274.080391903
145 85 -680105.313463615
146 85 -71608.753884958
147 85 -1207.832562501
148 85 17507.960977113
149 85 1317312.933548496
150 85 138566.715776333
1 86 92727.174171495
2 86 -167799.815440927
3 86 25609.092110549
4 86 -46011.047235955
5 86 -31106.490028150
6 86 -38568.430983867
7 86 42033.046187553
8 86 -96362.193476326
9 86 17830.089598872
10 86 -31470.189727421
11 86 -16950.786211330
12 86 -17375.486968231
13 86 68926.796793898
14 86 -177346.815808452
15 86 35199.280593303
16 86 -54552.164376758
17 86 -28687.473659715
18 86 -34315.674182187
19 86 87322.463143027
20 86 -206845.559498197
21 86 52849.770310819
22 86 -70473.787785854
23 86 -39678.368839673
24 86 -36589.417861315
25 86 107349.709160462
26 86 -255533.413097124
27 86 73033.582356515
28 86 -89784.280322498
29 86 -50323.560524108
30 86 -41427.695546060
31 86 100652.321255207
32 86 -243919.530890023
33 86 42626.608824146
34 86 -88317.706353993
35 86 -43989.897435321
36 86 -38603.302874820
37 86 99132.778947843
38 86 -318847.468061816
39 86 39243.195529183
40 86 -115415.101342858
41 86 -41755.819788752
42 86 -38782.906312087
43 86 93933.819051855
44 86 -323984.082876002
45 86 27572.647356772
46 86 -116609.747172438
47 86 -36792.313183728
48 86 -24306.816474434
49 86 87029.123938848
50 86 -532551.213724443
51 86 1238.741932577
52 86 -200978.989995627
53 86 -31212.066105350
54 86 39389.133267058
55 86 62726.495236330
56 86 -613735.540937331
57 86 -20872.676773860
58 86 -259306.979310175
59 86 -24697.146249144
60 86 30636.706932564
61 86 -72458.743390715
62 86 -737711.052869630
63 86 -51919.819900525
64 86 -264703.617499333
65 86 22282.105049600
66 86 61882.184990569
67 86 28135.391405837
68 86 -1573742.658051193
69 86 76064.850923063
70 86 -1115898.374450954
71 86 -11840.157874913
72 86 606898.228829388
73 86 71200.979740951
74 86 -2121804.310035519
75 86 154222.921497138
76 86 -1777498.611162918
77 86 -10309.125210451
78 86 850304.870806543
79 86 400276.719963122
80 86 -4331692.357974010
81 86 409424.986158949
82 86 -4526772.005807916
83 86 -259179.947841217
84 86 1556610.587124594
85 86 -2264030.789013510
86 86 59502594.618031368
87 86 4156349.316754193
88 86 40914485.161039300
89 86 1369543.446862833
90 86 -8910133.694522718
91 86 264149.028893757
92 86 -4219471.781185964
93 86 116633.526440388
94 86 -4184560.387316068
95 86 -261544.440113454
96 86 868578.270014014
97 86 177235.295324087
98 86 -3414289.583872452
99 86 41633.990848183
100 86 -3637823.301264005
101 86 -164565.575109758
102 86 558243.054283803
103 86 44053.694154100
104 86 -2565328.006820802
105 86 -91340.638620471
106 86 -2497129.373795181
107 86 -79910.574423874
108 86 394575.285303808
109 86 72624.383929052
110 86 -2060266.711314441
111 86 -96049.657907616
112 86 -2172155.308766206
113 86 -74053.232607343
114 86 312499.657443998
115 86 329774.432723774
116 86 -2063099.846768017
117 86 120705.173457377
118 86 -2738275.364810993
119 86 -426898.324146166
120 86 196549.978362956
121 86 247919.994724015
122 86 -1370224.801978922
123 86 112051.283982487
124 86 -1740652.149617352
125 86 -408764.404400222
126 86 140524.212476518
127 86 316672.698902105
128 86 -1320267.646850303
129 86 36050.303565209
130 86 -1178080.757418834
131 86 -231969.007878402
132 86 355945.130392141
133 86 185623.234574998
134 86 -1191708.197235319
135 86 -5599.090399888
136 86 -963191.548348528
137 86 -116705.462710883
138 86 439982.552898905
139 86 55258.851072339
140 86 -933613.925879244
141 86 -83812.168254827
142 86 -384520.144742282
143 86 -33049.075273408
144 86 -26198.769573868
145 86 122758.671125185
146 86 -1087307.003547520
147 86 -22371.348532212
148 86 -876135.761780983
149 86 -407329.200487675
150 86 -139314.924839014
1 87 -41785.222574005
2 87 -46280.859326439
3 87 -39830.175024794
4 87 -16050.114492599
5 87 19257.481368761
6 87 -6204.576228375
7 87 -27544.684563509
8 87 -26848.649753350
9 87 -18336.659471302
10 87 -9534.852408518
11 87 11898.769273528
12 87 -3925.981249560
13 87 -47692.766987897
14 87 -44595.271535260
15 87 -34228.471293637
16 87 -14982.595411207
17 87 20948.596551551
18 87 -7088.848640082
19 87 -61093.137175626
20 87 -64043.796391178
21 87 -35477.619214660
22 87 -21892.856372238
23 87 26637.456177927
24 87 -11369.529447646
25 87 -79258.980258464
26 87 -85308.844923852
27 87 -39964.346890524
28 87 -28718.554206429
29 87 33589.122398508
30 87 -15982.701357990
31 87 -65178.493450586
32 87 -72944.803966929
33 87 -35590.611691261
34 87 -27503.988936512
35 87 28924.369876138
36 87 -9693.270848883
37 87 -83633.847233950
38 87 -83914.869996754
39 87 -41687.294948426
40 87 -31414.680564613
41 87 35355.297807900
42 87 -7527.358292807
43 87 -78704.373641646
44 87 -89420.405467604
45 87 -40012.850500323
46 87 -33497.289654379
47 87 31183.583396337
48 87 -2505.573116661
49 87 -87071.941946120
50 87 -154967.777926469
51 87 -48686.427113955
52 87 -59285.074259208
53 87 27594.691259532
54 87 18230.900076889
55 87 -126369.038364400
56 87 -165887.733641446
57 87 -64682.056506479
58 87 -67148.126977019
59 87 50353.313048773
60 87 13549.327915266
61 87 -48507.916980018
62 87 -168599.340425547
63 87 -106721.409972954
64 87 -67609.959522500
65 87 4482.225711429
66 87 18747.719949494
67 87 31303.579938761
68 87 -201030.013023416
69 87 -249590.444390235
70 87 -13321.508730269
71 87 -160553.929875157
72 87 52296.815749588
73 87 119763.932485941
74 87 -181831.806107169
75 87 -364342.671925874
76 87 91004.221364484
77 87 -287020.353725829
78 87 40849.475363622
79 87 455866.957980168
80 87 134870.171106956
81 87 -791695.930879288
82 87 737491.226167668
83 87 -731590.183805002
84 87 -645.730477531
85 87 -3392817.901451049
86 87 4156349.316754194
87 87 14280613.785686174
88 87 -2962180.355930124
89 87 5802191.059703017
90 87 -105380.623457680
91 87 518285.064433335
92 87 562612.729528837
93 87 -754894.847485669
94 87 948483.255610821
95 87 -762638.648089677
96 87 -24004.157594042
97 87 466771.417559867
98 87 536473.964908778
99 87 -575548.872488624
100 87 873265.096327468
101 87 -618507.431932404
102 87 431.518128144
103 87 364054.466112584
104 87 321962.835086428
105 87 -421280.184925222
106 87 526810.577629716
107 87 -472671.244637990
108 87 -14063.494355679
109 87 384798.574144838
110 87 187573.770982876
111 87 -328830.155933389
112 87 397134.688561903
113 87 -483066.030112175
114 87 19104.116822894
115 87 488965.267174755
116 87 152079.323156852
117 87 -322914.947229117
118 87 540486.990338538
119 87 -665925.937128354
120 87 172987.928623455
121 87 287892.176122125
122 87 -28626.729766550
123 87 -231277.356701476
124 87 262892.054293675
125 87 -328913.515616172
126 87 119769.980407333
127 87 251151.632171284
128 87 -144042.015076313
129 87 -248270.696431753
130 87 51607.126461615
131 87 -303869.275055088
132 87 71074.053236053
133 87 234106.823194929
134 87 -148680.384739193
135 87 -237818.118309012
136 87 -8562.237734393
137 87 -289276.764098808
138 87 55178.120245364
139 87 57909.576442562
140 87 -213066.822353614
141 87 -167656.081732222
142 87 -93049.100253991
143 87 -7738.838132488
144 87 -10837.800081520
145 87 18783.977705251
146 87 -235332.240002101
147 87 -178525.132928487
148 87 -133889.170060448
149 87 531948.585645028
150 87 17507.765805232
1 88 18019.110669088
2 88 -45269.027886421
3 88 2147.638593999
4 88 -13042.621065014
5 88 -5603.695059769
6 88 -9791.545528123
7 88 8576.695997349
8 88 -27248.190538068
9 88 3118.797138966
10 88 -9242.151523496
11 88 -3457.890214368
12 88 -4663.098566602
13 88 13533.210125987
14 88 -48105.490924301
15 88 6169.134992044
16 88 -15286.603247304
17 88 -5617.456099301
18 88 -8894.309653975
19 88 16353.187679390
20 88 -57309.820863254
21 88 10566.434416500
22 88 -20179.440103428
23 88 -7699.192986450
24 88 -9491.536080074
25 88 20373.275261388
26 88 -71214.846162092
27 88 15527.330173166
28 88 -25635.979031780
29 88 -9956.846330084
30 88 -10898.145470521
31 88 19510.482283153
32 88 -69010.608781006
33 88 7913.615950834
34 88 -25807.862396437
35 88 -8618.078576753
36 88 -9790.351144318
37 88 17344.403856845
38 88 -89566.620320992
39 88 6478.637172254
40 88 -33286.559574871
41 88 -7424.499409229
42 88 -9087.926562771
43 88 16393.154203220
44 88 -93707.606400140
45 88 3324.512442776
46 88 -34522.374601658
47 88 -6596.894053236
48 88 -4292.056821230
49 88 15869.652385532
50 88 -187653.302435395
51 88 -3586.044733299
52 88 -73942.282718355
53 88 -6811.952934501
54 88 22487.281952145
55 88 2684.303445746
56 88 -235200.086022135
57 88 -2337.153066885
58 88 -126268.645233965
59 88 -4694.152809297
60 88 19365.047281267
61 88 -31198.114304330
62 88 -270731.261575733
63 88 -28842.794070090
64 88 -105867.463466263
65 88 8462.781588312
66 88 32984.349641746
67 88 133124.674754073
68 88 -1190722.564316136
69 88 196069.777712868
70 88 -1260477.104839045
71 88 -1719.232179070
72 88 775853.815148271
73 88 174183.438231011
74 88 -1838490.426557956
75 88 384750.165984358
76 88 -2221206.495561628
77 88 42883.891357375
78 88 1055494.727978151
79 88 406222.591365740
80 88 -4539936.449592941
81 88 1036081.080560905
82 88 -6642530.830939761
83 88 -141967.873581047
84 88 1799000.322377861
85 88 -1264162.823405155
86 88 40914485.161039293
87 88 -2962180.355930125
88 88 47974290.375847600
89 88 -314571.313146267
90 88 -9027724.563211912
91 88 115873.067477885
92 88 -4155916.785954981
93 88 491968.081545547
94 88 -5711741.636264555
95 88 -65658.002179467
96 88 739603.460132569
97 88 17144.782424673
98 88 -3609887.082011033
99 88 320069.986713769
100 88 -5231445.433720635
101 88 40226.487538351
102 88 252451.938749313
103 88 -27017.991123642
104 88 -2438666.748587423
105 88 93831.178255975
106 88 -3359459.101969549
107 88 82250.980687942
108 88 167984.781087260
109 88 -14727.673600926
110 88 -1991028.720637179
111 88 38556.933638122
112 88 -2914481.971071364
113 88 39092.590220926
114 88 -31319.214020461
115 88 234551.044214080
116 88 -2212155.070597336
117 88 309793.489346249
118 88 -3912554.874893563
119 88 -403871.944739012
120 88 -293591.751964202
121 88 236186.524269632
122 88 -1273291.160677397
123 88 287103.267423845
124 88 -2502088.792419567
125 88 -615249.010378336
126 88 -115088.073580994
127 88 204451.121288596
128 88 -899541.357346957
129 88 109879.603439207
130 88 -1269174.894916490
131 88 -207611.623754129
132 88 252273.481951280
133 88 140925.688126536
134 88 -778295.091843559
135 88 56425.357906487
136 88 -891199.988542541
137 88 -81101.821596270
138 88 351161.940250490
139 88 32596.256293038
140 88 -335312.897369510
141 88 -42614.700144395
142 88 -206774.305954125
143 88 -23785.363420106
144 88 -28083.742423466
145 88 42617.096517966
146 88 -411330.528051524
147 88 -15677.811398437
148 88 -930024.357954428
149 88 -469832.991246955
150 88 -184521.928147560
1 89 38267.670094694
2 89 479.998648988
3 89 23836.016091086
4 89 1748.810703781
5 89 -15973.553642580
6 89 -2356.354010509
7 89 25312.650120638
8 89 3177.961961425
9 89 12344.966663712
10 89 1394.600711778
11 89 -11104.917233101
12 89 236.263718554
13 89 38098.715290019
14 89 4881.645270128
15 89 20847.053440105
16 89 1942.446584022
17 89 -16850.106320138
18 89 456.335179200
19 89 50123.681710348
20 89 10114.744384978
21 89 22182.157491438
22 89 3315.774690452
23 89 -22044.126422069
24 89 2869.513444807
25 89 62939.754918750
26 89 16442.089194637
27 89 25709.926072213
28 89 5037.662353163
29 89 -27228.128439231
30 89 5214.152414680
31 89 57987.956917364
32 89 9310.660797393
33 89 20170.092478559
34 89 3723.538259661
35 89 -25670.062872302
36 89 1455.990001471
37 89 71718.772935349
38 89 5744.529246756
39 89 19050.945126435
40 89 2417.413518094
41 89 -31083.236293291
42 89 590.174333730
43 89 73731.380640568
44 89 8130.635223334
45 89 11873.714832198
46 89 3399.068016013
47 89 -31918.157062892
48 89 -743.890251689
49 89 143672.369606844
50 89 13709.028038007
51 89 -26775.221195503
52 89 5737.780561539
53 89 -67568.244111951
54 89 -2837.833346699
55 89 200695.188661319
56 89 8786.952868169
57 89 -24217.873182943
58 89 3686.990655386
59 89 -118021.340067578
60 89 9309.308176393
61 89 210269.721371023
62 89 3983.628309283
63 89 -44417.832472086
64 89 -3388.233411528
65 89 -98756.051861611
66 89 -17358.887044256
67 89 907093.406496065
68 89 -188476.473561103
69 89 -338753.748708831
70 89 -61960.086801651
71 89 -1183859.993276441
72 89 481117.785436932
73 89 1542492.638183691
74 89 -257364.418330979
75 89 -515450.050233445
76 89 -67341.167036086
77 89 -2136241.010720567
78 89 840185.047680773
79 89 4292249.566906470
80 89 -463385.806327709
81 89 -928655.326996547
82 89 -236428.030296799
83 89 -6647695.326614551
84 89 2324106.421854055
85 89 -37501592.352919675
86 89 1369543.446862834
87 89 5802191.059703017
88 89 -314571.313146267
89 89 49042443.774191186
90 89 -9304059.903561613
91 89 3558628.173364149
92 89 -72924.492293786
93 89 -476973.701055841
94 89 -32280.792179984
95 89 -5513306.631445817
96 89 930319.406303017
97 89 3068689.028561339
98 89 -35329.585968977
99 89 -255692.328208781
100 89 -31900.386959169
101 89 -4925280.443136119
102 89 592569.144907191
103 89 2029841.473453507
104 89 -15083.541914946
105 89 -168763.423999017
106 89 -34319.151412219
107 89 -3113422.839991165
108 89 195723.753070117
109 89 1633114.200628683
110 89 109245.733952318
111 89 -93654.997540407
112 89 169204.927150977
113 89 -2725655.848283733
114 89 164402.330654991
115 89 2029473.485015046
116 89 456209.535384623
117 89 -26109.423083261
118 89 904661.405547737
119 89 -4047300.584840126
120 89 1138692.523455844
121 89 1321975.521648602
122 89 345884.942034677
123 89 25388.716694409
124 89 646048.191662068
125 89 -2946438.976270762
126 89 1319898.686566807
127 89 745683.629059494
128 89 22640.211918757
129 89 -124314.061344224
130 89 150846.318220555
131 89 -1287627.634418081
132 89 421670.224627124
133 89 608842.786216035
134 89 -26730.185920568
135 89 -189468.820846828
136 89 65920.335547364
137 89 -916366.379554471
138 89 225607.629852486
139 89 277199.091024939
140 89 40365.829856938
141 89 11492.757058428
142 89 23164.039960305
143 89 -204364.378842988
144 89 -15698.440713077
145 89 314612.397379326
146 89 32274.213404275
147 89 -8597.837189005
148 89 -45908.142582759
149 89 -2324104.921638516
150 89 -135499.526090004
1 90 29682.748007281
2 90 -33197.367149009
3 90 11722.577599018
4 90 -8243.965934785
5 90 -10758.213395162
6 90 -8614.844712045
7 90 13428.921857353
8 90 -15683.976245126
9 90 5904.501452770
10 90 -4609.267228588
11 90 -5564.738500388
12 90 -3206.048339215
13 90 21959.155395928
14 90 -33542.910795010
15 90 11392.266320829
16 90 -9509.177307539
17 90 -9336.637984766
18 90 -7152.779121747
19 90 29541.784997269
20 90 -39945.651792777
21 90 15647.512805106
22 90 -12590.736082238
23 90 -13208.272879959
24 90 -7933.508833595
25 90 35302.495686243
26 90 -47610.467268231
27 90 19888.069082796
28 90 -15720.591218729
29 90 -16099.522622040
30 90 -8586.939569771
31 90 34599.268915199
32 90 -45283.300978421
33 90 13141.037425314
34 90 -15141.284973084
35 90 -15190.872110971
36 90 -8840.875688565
37 90 37646.441862524
38 90 -56692.866830904
39 90 11701.985194914
40 90 -19216.564143767
41 90 -16259.500537901
42 90 -10543.508309872
43 90 38372.157290189
44 90 -48477.274554378
45 90 6721.765578466
46 90 -16305.199951126
47 90 -16214.837741347
48 90 -10238.453221558
49 90 58882.686092959
50 90 -34762.748653847
51 90 -10597.638244871
52 90 -11941.314088920
53 90 -26223.869198829
54 90 -13107.724714771
55 90 76536.584907900
56 90 -55804.118609644
57 90 -9014.488051214
58 90 -33378.196434762
59 90 -35032.417835365
60 90 -14757.635400544
61 90 82388.858518847
62 90 4667.239720994
63 90 -14872.643095615
64 90 3312.829693650
65 90 -33725.967999009
66 90 -29969.067799292
67 90 -37870.658021034
68 90 332414.620230724
69 90 -46291.036019601
70 90 352672.128599423
71 90 92242.000672639
72 90 -460544.881670557
73 90 -174991.577668388
74 90 537906.027861981
75 90 -47716.006235631
76 90 544518.074405578
77 90 286174.630313925
78 90 -713498.594432793
79 90 -1016955.730228200
80 90 1316863.204624493
81 90 -25092.083908496
82 90 1349097.199861744
83 90 1689579.440724369
84 90 -1735589.865046717
85 90 3035823.132255383
86 90 -8910133.694522718
87 90 -105380.623457681
88 90 -9027724.563211912
89 90 -9304059.903561611
90 90 13551164.706926243
91 90 -1097154.353576703
92 90 1189234.025598343
93 90 4441.910880750
94 90 1328739.578462598
95 90 1749758.630642313
96 90 -1317233.964357913
97 90 -948705.552759509
98 90 947136.487394839
99 90 -11082.646518136
100 90 996154.271813298
101 90 1562562.956168205
102 90 -995835.403572677
103 90 -491829.325205339
104 90 715110.416054846
105 90 7517.969671570
106 90 764336.686152399
107 90 900261.870042893
108 90 -612578.569015054
109 90 -322078.192528873
110 90 674891.233060941
111 90 -17588.991292223
112 90 709283.301346857
113 90 713384.716972982
114 90 -532231.142621884
115 90 -535077.214755053
116 90 661797.309405639
117 90 -142784.778468115
118 90 896509.319027831
119 90 1180739.058394358
120 90 -851024.429436031
121 90 -280238.237947188
122 90 329780.351169409
123 90 -104624.208423307
124 90 460173.572134357
125 90 812263.949010316
126 90 -714304.553353358
127 90 -98121.028485428
128 90 386235.752641233
129 90 -37661.133741735
130 90 451237.957273405
131 90 235189.252720474
132 90 -456127.267507719
133 90 -35607.547296022
134 90 386426.987320783
135 90 -23884.430586487
136 90 376819.789722971
137 90 75986.117167443
138 90 -405407.807368399
139 90 124411.792448879
140 90 24298.831981179
141 90 5594.847310267
142 90 -8618.474191677
143 90 -51796.944897931
144 90 -53445.201985269
145 90 123987.275844118
146 90 -10060.675270419
147 90 2494.284093811
148 90 -457282.238300487
149 90 -713776.208371053
150 90 -214284.114665917
1 91 -62034.053391310
2 91 11202.106060661
3 91 -36457.542088852
4 91 1670.371163988
5 91 26189.977251259
6 91 4532.035096471
7 91 -70271.667830962
8 91 13467.199009914
9 91 -34503.900497321
10 91 3228.529432050
11 91 30256.329568843
12 91 3887.990639878
13 91 -87245.631492775
14 91 15833.801866025
15 91 -37765.473719093
16 91 3893.391098545
17 91 38342.893899853
18 91 3826.978114171
19 91 -70058.852777268
20 91 5359.393447911
21 91 -26076.837143103
22 91 1856.929138480
23 91 30842.417853023
24 91 -631.906507413
25 91 -93822.792964157
26 91 2361.739120780
27 91 -34335.401291987
28 91 1456.812302701
29 91 40922.498883138
30 91 -3131.457071815
31 91 -91856.754778074
32 91 1859.569751541
33 91 -21846.374946283
34 91 663.815734782
35 91 42260.390268144
36 91 -1873.637621515
37 91 -127681.449605174
38 91 15248.548843171
39 91 -20359.168231140
40 91 5265.055277576
41 91 56746.264503759
42 91 1478.750678271
43 91 -142992.524113005
44 91 14649.511405182
45 91 -16230.722683768
46 91 4848.124314366
47 91 60551.399741022
48 91 2202.543839181
49 91 -260570.160223367
50 91 6804.484718118
51 91 48501.172092862
52 91 619.209914003
53 91 117474.171704516
54 91 2749.815156824
55 91 -255755.573410362
56 91 25391.152653440
57 91 40767.444810584
58 91 9283.516113881
59 91 109596.352155190
60 91 13018.151683135
61 91 -316865.552945853
62 91 16205.832798348
63 91 51381.461890561
64 91 10083.029694754
65 91 133960.960011327
66 91 31934.601343218
67 91 -638152.080275150
68 91 83704.673446509
69 91 136197.656605952
70 91 21819.804890245
71 91 640109.508309679
72 91 -157660.608722605
73 91 -758325.630339326
74 91 88728.448984600
75 91 125515.402054776
76 91 37773.231701885
77 91 694643.822685616
78 91 -144513.297484524
79 91 -2020969.099232740
80 91 216628.558234567
81 91 487694.832589668
82 91 97819.924580705
83 91 2518206.115577752
84 91 -784728.780176878
85 91 -2924517.020437191
86 91 264149.028893757
87 91 518285.064433335
88 91 115873.067477885
89 91 3558628.173364149
90 91 -1097154.353576703
91 91 39531736.613267682
92 91 -1647135.053524734
93 91 -4255817.445807349
94 91 -810380.493103280
95 91 -37732213.781619012
96 91 2813661.708270502
97 91 -4258739.500921732
98 91 265719.471377335
99 91 684158.880438342
100 91 234098.970313242
101 91 5655506.635220211
102 91 -967849.139103688
103 91 -3516532.950614102
104 91 210005.620006263
105 91 450459.756899009
106 91 192456.919653352
107 91 4424243.079055929
108 91 -599419.729129410
109 91 -2472511.658240839
110 91 167571.248153146
111 91 175656.246821476
112 91 63964.616394253
113 91 3050251.530598117
114 91 -521583.754171767
115 91 -1564831.525117707
116 91 -159868.294750433
117 91 42811.298332101
118 91 -340607.985642179
119 91 2434859.232286579
120 91 -571836.724303590
121 91 -980971.369867516
122 91 -153033.671148430
123 91 31004.866124219
124 91 -243280.983887329
125 91 1509610.414569288
126 91 -380651.440912463
127 91 -789488.067637887
128 91 -90777.907199384
129 91 114530.142996496
130 91 -141963.537549164
131 91 1120920.620330945
132 91 -314663.223726105
133 91 -566146.650789384
134 91 -66498.319529762
135 91 197700.912312788
136 91 -90998.769597589
137 91 603191.288291694
138 91 -91890.076391618
139 91 -469467.582901982
140 91 -87726.245758617
141 91 7151.329737848
142 91 -31118.996070696
143 91 252552.476937177
144 91 67918.030197651
145 91 -418201.483318983
146 91 -32907.165771763
147 91 -11878.681955364
148 91 -13572.947668291
149 91 202919.458740746
150 91 60265.984166577
1 92 47005.861660102
2 92 -85868.712726237
3 92 21316.722169499
4 92 -23901.249833837
5 92 -17746.400136305
6 92 -18186.046081717
7 92 45010.814940806
8 92 -89837.438124223
9 92 20143.905711194
10 92 -28350.220893027
11 92 -18043.001562617
12 92 -16911.324873572
13 92 53771.885408250
14 92 -107537.799819278
15 92 22890.848299306
16 92 -35953.281184710
17 92 -22016.514401657
18 92 -18571.978612130
19 92 40696.625003362
20 92 -76600.370698325
21 92 20858.282143727
22 92 -28102.993153504
23 92 -17807.536830716
24 92 -10427.614699050
25 92 55878.940620569
26 92 -108122.677364658
27 92 34224.664407290
28 92 -39928.629627955
29 92 -25247.708067723
30 92 -13768.613807475
31 92 47898.508723173
32 92 -111655.260305268
33 92 24226.466806723
34 92 -43654.856750793
35 92 -22384.777011302
36 92 -11791.223871942
37 92 56775.174833092
38 92 -168187.346593846
39 92 24064.000095778
40 92 -63731.529923105
41 92 -24420.918594920
42 92 -11581.170650802
43 92 61511.349172232
44 92 -186033.603560193
45 92 20340.236954540
46 92 -68698.381096560
47 92 -24828.946540638
48 92 -10169.822104820
49 92 65472.448372924
50 92 -345644.727125150
51 92 16079.562998186
52 92 -130775.612293766
53 92 -23838.147012523
54 92 28538.215220173
55 92 42785.588668099
56 92 -327262.575076454
57 92 -5045.193355648
58 92 -120677.317092900
59 92 -14929.135047351
60 92 18988.723607798
61 92 -20982.349845690
62 92 -425934.336144280
63 92 -18157.963553473
64 92 -148525.173060178
65 92 7492.066199912
66 92 29943.137779836
67 92 40276.051667888
68 92 -888642.622994269
69 92 113610.046246067
70 92 -769006.832234813
71 92 32755.341246059
72 92 307101.539849251
73 92 32178.479876125
74 92 -1037125.165407857
75 92 95492.375292920
76 92 -821962.215557911
77 92 25956.129370058
78 92 279070.496737015
79 92 171065.577044910
80 92 -2865055.813791052
81 92 422417.263291928
82 92 -2900716.613055842
83 92 -8996.140370877
84 92 1038201.917601627
85 92 243911.716512805
86 92 -4219471.781185964
87 92 562612.729528837
88 92 -4155916.785954981
89 92 -72924.492293786
90 92 1189234.025598343
91 92 -1647135.053524734
92 92 54754094.456620991
93 92 2066431.136723585
94 92 43091601.632472865
95 92 825304.428229258
96 92 -9482771.243262749
97 92 196527.253662122
98 92 -6348833.684007307
99 92 360242.247082492
100 92 -6681602.258883082
101 92 -153629.714661548
102 92 1609550.206273479
103 92 111090.800542412
104 92 -5427176.167054855
105 92 129493.508460164
106 92 -5349656.883772444
107 92 -88117.378923352
108 92 1242701.066329638
109 92 273872.904761537
110 92 -3644076.728288192
111 92 135459.392370667
112 92 -3648118.770568023
113 92 -164814.321623680
114 92 631100.316966586
115 92 359595.383478410
116 92 -2214899.670092427
117 92 237708.642793256
118 92 -2808527.918413301
119 92 -359955.370510504
120 92 169791.346197219
121 92 260461.397623258
122 92 -1438018.168150779
123 92 167874.161596409
124 92 -1655457.451205683
125 92 -289520.495821303
126 92 92491.300269771
127 92 215588.009632459
128 92 -1257646.580888232
129 92 159040.254790390
130 92 -1329615.761668619
131 92 -210474.640267101
132 92 301829.079654722
133 92 85490.712399433
134 92 -888459.864502019
135 92 59167.155756819
136 92 -714323.966135049
137 92 -5511.075515709
138 92 451569.206112714
139 92 35327.933648544
140 92 -785142.549061868
141 92 -10389.704813966
142 92 -302096.503436314
143 92 -24599.399197639
144 92 -10994.213590642
145 92 85724.326800473
146 92 -754819.402700085
147 92 13927.537091590
148 92 -246818.339408774
149 92 -35084.935569384
150 92 -33710.353545538
1 93 -22776.332578512
2 93 -26999.633899469
3 93 -19356.453199657
4 93 -8722.183765882
5 93 10142.583965673
6 93 -4253.268899796
7 93 -26464.718008618
8 93 -27457.577493013
9 93 -17696.551247567
10 93 -9538.099874605
11 93 11481.102196184
12 93 -4177.574353870
13 93 -31115.768949912
14 93 -34255.712530894
15 93 -19477.865469486
16 93 -12414.663774576
17 93 13465.945096738
18 93 -4789.443319884
19 93 -25917.042369386
20 93 -30235.340399495
21 93 -10591.929909361
22 93 -11136.148270553
23 93 10861.431512974
24 93 -4631.503637760
25 93 -37590.168651167
26 93 -44145.539010264
27 93 -13989.335718279
28 93 -15732.696010582
29 93 15356.683494429
30 93 -7350.340926787
31 93 -30482.348713863
32 93 -41299.850612881
33 93 -10616.388516777
34 93 -16383.756101191
35 93 13136.650358192
36 93 -4802.808621567
37 93 -45433.624204810
38 93 -56686.007906295
39 93 -16510.850045764
40 93 -21814.553020965
41 93 18615.001228813
42 93 -3116.250517568
43 93 -50893.621425209
44 93 -62579.074625055
45 93 -16557.334716474
46 93 -23547.025144006
47 93 20140.402135350
48 93 -2337.613109890
49 93 -64647.572081556
50 93 -113090.613678760
51 93 -20791.181218484
52 93 -42025.427748247
53 93 22103.800280389
54 93 11820.711296441
55 93 -72843.157562087
56 93 -101857.772135402
57 93 -27756.858208552
58 93 -37959.576519435
59 93 24628.742576507
60 93 11082.586930241
61 93 -52832.276494987
62 93 -115758.641812302
63 93 -59767.704803679
64 93 -43485.593228828
65 93 12456.709845676
66 93 12874.939487562
67 93 -51442.716058246
68 93 -141975.630309982
69 93 -106860.361825818
70 93 -57660.374303754
71 93 -11882.098772386
72 93 29527.541314815
73 93 -49953.733126121
74 93 -163900.301749228
75 93 -145343.206015759
76 93 -55510.629132508
77 93 -19998.976610260
78 93 24848.223294608
79 93 223244.173722270
80 93 -62197.289345062
81 93 -455623.355568984
82 93 208495.650055286
83 93 -340886.497839225
84 93 28979.808672828
85 93 280689.770986082
86 93 116633.526440388
87 93 -754894.847485669
88 93 491968.081545547
89 93 -476973.701055841
90 93 4441.910880750
91 93 -4255817.445807348
92 93 2066431.136723586
93 93 12519128.526104620
94 93 -2441979.185436805
95 93 6110107.502575022
96 93 -14923.935125978
97 93 818304.164285600
98 93 580569.947603306
99 93 -1078872.040777917
100 93 1002574.551738747
101 93 -1031074.431377097
102 93 -17769.421964473
103 93 656381.935657088
104 93 426285.369718624
105 93 -970542.203354559
106 93 726487.489380977
107 93 -801869.548636901
108 93 -14541.634664622
109 93 497357.922720685
110 93 195641.798254636
111 93 -660562.904103658
112 93 450416.110350804
113 93 -608330.008231919
114 93 59814.375364718
115 93 394571.791753890
116 93 -21160.253668460
117 93 -364182.771699765
118 93 209084.422902664
119 93 -477664.698397671
120 93 118803.177008835
121 93 242625.273886162
122 93 -144736.162609866
123 93 -246871.554933898
124 93 -3782.936422895
125 93 -244291.457569403
126 93 52965.609406024
127 93 230460.446188136
128 93 -146790.717996728
129 93 -235429.848096148
130 93 48.184096645
131 93 -250355.854864819
132 93 72103.264839045
133 93 203527.427969539
134 93 -131807.104227562
135 93 -186564.037869281
136 93 -16692.125384753
137 93 -277251.944864743
138 93 73584.884606596
139 93 27367.044376804
140 93 -187183.408265627
141 93 -136398.549668296
142 93 -81410.440330080
143 93 554.180300064
144 93 -4239.070517133
145 93 -1180.579431555
146 93 -190799.518734915
147 93 -131978.537113149
148 93 -72380.275625590
149 93 17124.078959909
150 93 -7864.301749008
1 94 8750.753052029
2 94 -22809.822472962
3 94 3070.503064491
4 94 -6632.851246596
5 94 -3192.931544622
6 94 -4625.188302870
7 94 8054.056500352
8 94 -24275.364726852
9 94 3005.031549629
10 94 -7977.289762640
11 94 -3187.848017494
12 94 -4354.661222598
13 94 9649.442457232
14 94 -29469.294722976
15 94 3434.479093568
16 94 -10262.605483497
17 94 -3937.401374481
18 94 -4756.066018745
19 94 6962.303214414
20 94 -21751.621370336
21 94 3837.014278142
22 94 -8194.938431565
23 94 -3129.696522791
24 94 -2853.979025407
25 94 9613.315990473
26 94 -30466.691665545
27 94 6775.486849065
28 94 -11487.348028784
29 94 -4519.651480075
30 94 -3773.036088244
31 94 9394.858722104
32 94 -33010.975101322
33 94 5029.330704798
34 94 -13319.850884952
35 94 -4474.493081351
36 94 -3079.369098907
37 94 9618.026211743
38 94 -49098.301594931
39 94 4171.309830030
40 94 -19016.200899220
41 94 -4213.371063422
42 94 -2412.111200552
43 94 10221.508927713
44 94 -54440.941620468
45 94 3241.227797769
46 94 -20499.131211861
47 94 -4174.703558939
48 94 -1914.145695974
49 94 12638.603348395
50 94 -121973.811366462
51 94 3848.355409214
52 94 -48312.015361328
53 94 -5120.952112969
54 94 15249.339813044
55 94 2340.773336477
56 94 -114134.071445192
57 94 -3833.119105299
58 94 -43806.794792233
59 94 -1270.775344380
60 94 11601.651473185
61 94 -15165.048097903
62 94 -152336.790187140
63 94 -12250.112641758
64 94 -57267.154857385
65 94 4523.161137306
66 94 17779.409014280
67 94 52625.578153633
68 94 -794636.375412707
69 94 179430.809524206
70 94 -931215.644412580
71 94 60143.849180603
72 94 431940.650844687
73 94 44464.536993749
74 94 -841250.902020299
75 94 165403.234494412
76 94 -957599.882292056
77 94 61139.124887695
78 94 380935.607286795
79 94 208073.999612629
80 94 -2936982.676815271
81 94 734686.680885316
82 94 -4187904.323395145
83 94 59588.482552250
84 94 1192471.629409714
85 94 241672.471717519
86 94 -4184560.387316068
87 94 948483.255610821
88 94 -5711741.636264555
89 94 -32280.792179984
90 94 1328739.578462598
91 94 -810380.493103279
92 94 43091601.632472865
93 94 -2441979.185436804
94 94 51882622.889247820
95 94 -110206.531958022
96 94 -7943575.305077536
97 94 96071.761568670
98 94 -6626477.121382875
99 94 760431.650661843
100 94 -9021364.449267503
101 94 8853.837799027
102 94 1116857.936970238
103 94 20109.615266802
104 94 -5245487.594832154
105 94 414440.824348733
106 94 -6822938.040586228
107 94 58532.361355424
108 94 638638.974845764
109 94 103661.475230033
110 94 -3383892.454059800
111 94 301361.496926855
112 94 -4457146.478718873
113 94 -28580.499066229
114 94 139574.434183935
115 94 291148.535566093
116 94 -2352311.962749899
117 94 366946.354844619
118 94 -3746733.710600629
119 94 -445783.994959949
120 94 -301451.256413423
121 94 235618.575641750
122 94 -1315996.629177673
123 94 236226.228189216
124 94 -2072294.319628937
125 94 -432231.585938519
126 94 -136756.647849835
127 94 195253.784430511
128 94 -1015090.785277200
129 94 213988.533905473
130 94 -1583516.134349682
131 94 -297343.825308077
132 94 149444.020022901
133 94 86009.495551961
134 94 -595761.263631724
135 94 80109.557555917
136 94 -672617.508257637
137 94 1257.120006845
138 94 426233.720870162
139 94 19011.651783851
140 94 -272325.403179913
141 94 -18640.224120118
142 94 -148574.607964660
143 94 -15448.377796835
144 94 -17958.125182915
145 94 23010.412158031
146 94 -220516.229204326
147 94 -10275.242182958
148 94 -98034.376133295
149 94 -10166.789891930
150 94 -13105.076678542
1 95 19086.651493413
2 95 2212.164196193
3 95 12129.950698495
4 95 1093.050549542
5 95 -8223.489380707
6 95 -274.769095239
7 95 21979.086122597
8 95 1539.741038293
9 95 11400.606648201
10 95 773.245620044
11 95 -9566.360297543
12 95 -134.288175286
13 95 27224.340019410
14 95 2003.112667665
15 95 12404.201276032
16 95 1020.645161707
17 95 -12068.785512845
18 95 66.263445903
19 95 21794.486202937
20 95 3749.149019930
21 95 8011.453689276
22 95 1313.914406407
23 95 -9578.934113343
24 95 1058.286502527
25 95 29798.853697885
26 95 7012.137228178
27 95 10558.389883106
28 95 2225.766880489
29 95 -12903.489117588
30 95 2255.902381152
31 95 29972.278020100
32 95 5901.954248476
33 95 7286.086395246
34 95 2185.177231207
35 95 -13694.260675649
36 95 1537.078653311
37 95 41732.136601864
38 95 4138.034269554
39 95 7074.202689218
40 95 1596.678116660
41 95 -18475.254868123
42 95 865.007327775
43 95 46707.114028726
44 95 5043.666400462
45 95 5772.950378492
46 95 1961.874562856
47 95 -19757.694736591
48 95 553.160629765
49 95 94963.464196929
50 95 7295.819174833
51 95 -18600.914246065
52 95 3404.338329496
53 95 -44642.633271742
54 95 1933.159430171
55 95 92352.985410392
56 95 2117.998200627
57 95 -14976.620058422
58 95 476.627437710
59 95 -41245.936303815
60 95 -2314.199699929
61 95 118185.409663977
62 95 -2284.128056857
63 95 -22199.241537022
64 95 -3052.025089184
65 95 -54106.986676559
66 95 -7566.415345440
67 95 615361.347624525
68 95 -88086.482309947
69 95 -193946.687618693
70 95 512.833449281
71 95 -849789.047562215
72 95 299716.032811427
73 95 677581.772616825
74 95 -92967.420708751
75 95 -177763.648361966
76 95 -10322.807044071
77 95 -893667.947340040
78 95 286140.050245281
79 95 2594273.707388693
80 95 -277525.432256353
81 95 -671619.731961186
82 95 -49058.528721951
83 95 -4019903.512403052
84 95 1397901.765708566
85 95 3659238.608761368
86 95 -261544.440113454
87 95 -762638.648089677
88 95 -65658.002179467
89 95 -5513306.631445817
90 95 1749758.630642313
91 95 -37732213.781619012
92 95 825304.428229257
93 95 6110107.502575019
94 95 -110206.531958023
95 95 51986004.878546394
96 95 -6763735.280475288
97 95 5585654.443157876
98 95 -153109.943854604
99 95 -853413.396245748
100 95 -97306.067758336
101 95 -8658263.285028430
102 95 1308756.817067348
103 95 4319572.715803992
104 95 -97768.238466349
105 95 -542341.070493386
106 95 -77256.620069084
107 95 -6557147.927194826
108 95 730707.491340360
109 95 2843978.318010820
110 95 -3418.956457741
111 95 -217868.114756501
112 95 112273.819238178
113 95 -4340421.309416298
114 95 598311.857201763
115 95 2044051.642580149
116 95 322521.921607157
117 95 -10063.748670072
118 95 638654.637345434
119 95 -3851837.389798305
120 95 1008474.326046189
121 95 1163888.944458711
122 95 203685.341563943
123 95 1299.096897855
124 95 369621.686794694
125 95 -2316572.329975667
126 95 763429.965219672
127 95 842040.967770944
128 95 62719.623907049
129 95 -128363.030733386
130 95 208415.858492938
131 95 -1662111.518736000
132 95 591107.752980178
133 95 468994.556153196
134 95 -9827.901495702
135 95 -253957.339584429
136 95 102442.544782612
137 95 -737656.512598214
138 95 199293.798033585
139 95 190913.889101695
140 95 27140.990156223
141 95 728.463068470
142 95 15371.671739244
143 95 -139833.086872955
144 95 -12506.507087582
145 95 146097.568027457
146 95 16524.862455546
147 95 6915.008350763
148 95 11868.006714424
149 95 -94850.968150494
150 95 -4556.388572937
1 96 14965.548335963
2 96 -16603.523798572
3 96 7645.867527543
4 96 -4284.717652839
5 96 -5936.657134764
6 96 -3819.065683470
7 96 15261.653282715
8 96 -16920.048477599
9 96 7117.849735781
10 96 -4984.169912396
11 96 -6326.827456980
12 96 -3476.434430370
13 96 18582.382993581
14 96 -19706.510234841
15 96 7943.986392080
16 96 -6041.018041819
17 96 -7853.441048966
18 96 -3831.939466671
19 96 14610.180412028
20 96 -13133.801966922
21 96 6310.470290061
22 96 -4583.728590883
23 96 -6411.136788049
24 96 -1821.776125001
25 96 19516.120260073
26 96 -18710.133064951
27 96 9450.715328578
28 96 -6635.864087842
29 96 -8712.640530660
30 96 -2373.400728313
31 96 17880.969147597
32 96 -18113.573133530
33 96 6383.451768926
34 96 -6566.181657564
35 96 -8375.517154696
36 96 -2350.910355093
37 96 23679.719337912
38 96 -26362.586724907
39 96 5923.142248906
40 96 -9461.179887330
41 96 -10606.928789622
42 96 -3750.939963474
43 96 25959.967968210
44 96 -28034.822510078
45 96 4644.708348103
46 96 -9973.848297594
47 96 -10973.606428558
48 96 -3638.740904123
49 96 40831.548415897
50 96 -27511.004099162
51 96 -6011.214058741
52 96 -10053.224200009
53 96 -18441.515826183
54 96 -5357.290109074
55 96 41300.279043796
56 96 -30168.439799562
57 96 -7256.052579465
58 96 -10995.119665092
59 96 -17481.299969680
60 96 -6852.887979394
61 96 52761.731579259
62 96 -10369.199707395
63 96 -10112.417531870
64 96 -3002.315007778
65 96 -21753.291188113
66 96 -17104.894321947
67 96 41007.660697535
68 96 69674.267250845
69 96 -31244.851421394
70 96 74513.009711210
71 96 -54544.400104999
72 96 -181030.306751065
73 96 44471.100323032
74 96 81284.032308814
75 96 -29544.057129437
76 96 88317.107930909
77 96 -43179.987945034
78 96 -204047.305128658
79 96 -302250.782889125
80 96 651852.986783398
81 96 -42259.294263808
82 96 504277.671444938
83 96 441954.568940799
84 96 -792592.938848733
85 96 -699581.783545168
86 96 868578.270014014
87 96 -24004.157594042
88 96 739603.460132569
89 96 930319.406303017
90 96 -1317233.964357913
91 96 2813661.708270502
92 96 -9482771.243262749
93 96 -14923.935125978
94 96 -7943575.305077536
95 96 -6763735.280475288
96 96 12448174.843546679
97 96 -1150009.496442548
98 96 1786930.882936047
99 96 -4249.910063583
100 96 1457276.059863842
101 96 1714640.231779006
102 96 -1997604.928933065
103 96 -815442.433808447
104 96 1489198.207761041
105 96 -8173.529420623
106 96 1123567.408011603
107 96 1240374.298270654
108 96 -1701669.414669541
109 96 -570967.975210606
110 96 952884.962120221
111 96 -57616.910949416
112 96 828508.476694174
113 96 808916.424278967
114 96 -1142517.067556683
115 96 -262927.734405337
116 96 559389.662048921
117 96 -115842.560936596
118 96 622284.770094611
119 96 491435.696558887
120 96 -852832.910623136
121 96 -36250.419730004
122 96 284892.001660920
123 96 -61420.075091825
124 96 319526.050300846
125 96 113187.367322599
126 96 -523431.707808709
127 96 -41404.128462382
128 96 330420.939990086
129 96 -55892.030289359
130 96 327034.322419554
131 96 44358.664043127
132 96 -453142.370742523
133 96 7684.383109492
134 96 323294.952790100
135 96 -54328.187994500
136 96 333748.773115359
137 96 -8609.258093815
138 96 -278927.320071165
139 96 93644.137115196
140 96 16288.569593299
141 96 48.335109899
142 96 -10447.739456480
143 96 -51227.448886043
144 96 -52577.958188935
145 96 86083.434470738
146 96 -14793.757389579
147 96 2593.542590857
148 96 -17027.437863991
149 96 -39469.593744408
150 96 -38449.759275043
1 97 -70094.666607032
2 97 12087.730002679
3 97 -49142.660114121
4 97 2340.749536665
5 97 29568.914165046
6 97 4593.150989044
7 97 -81319.670804942
8 97 15206.145809385
9 97 -47141.542596514
10 97 4188.604153683
11 97 34939.014809667
12 97 3733.983356804
13 97 -79779.053584331
14 97 13454.657729676
15 97 -31727.893273425
16 97 3476.750072999
17 97 35537.727911075
18 97 2509.275278008
19 97 -69395.864614378
20 97 -1199.506535109
21 97 -33272.494500396
22 97 1491.773808517
23 97 31038.121523360
24 97 -3495.885465711
25 97 -97328.672198200
26 97 -7286.508190962
27 97 -41683.788834749
28 97 212.694861752
29 97 42802.304861069
30 97 -7978.880639202
31 97 -96072.222147172
32 97 -3624.461222384
33 97 -35101.183949156
34 97 365.436786764
35 97 43768.640068142
36 97 -5837.743746854
37 97 -118714.087659736
38 97 10978.143968119
39 97 -18999.687470572
40 97 4412.356996208
41 97 53040.227109020
42 97 -911.025026756
43 97 -112839.608580849
44 97 8307.158299152
45 97 -11211.409182718
46 97 3141.846691105
47 97 48376.916486659
48 97 10.788554165
49 97 -175515.811879571
50 97 7841.470257386
51 97 20284.395878723
52 97 2519.873858439
53 97 76007.038331707
54 97 1349.875054031
55 97 -210721.898298991
56 97 11593.421736859
57 97 49337.898817782
58 97 5002.871512062
59 97 95147.748648103
60 97 10480.663264488
61 97 -370030.111894400
62 97 31376.126098940
63 97 127258.477622551
64 97 -7640.577444583
65 97 267200.057840911
66 97 -27027.046251856
67 97 -584971.837830657
68 97 27238.409171949
69 97 113671.375970385
70 97 10032.221049190
71 97 573736.443557708
72 97 -109274.356357597
73 97 -788387.344195761
74 97 45777.710660541
75 97 127918.667906317
76 97 21378.246403067
77 97 766558.603350393
78 97 -129347.102839134
79 97 -1902000.621953237
80 97 105882.474178891
81 97 381644.643662435
82 97 2824.493953958
83 97 2495679.959100876
84 97 -717669.586706535
85 97 -2451595.253370336
86 97 177235.295324087
87 97 466771.417559867
88 97 17144.782424673
89 97 3068689.028561339
90 97 -948705.552759509
91 97 -4258739.500921732
92 97 196527.253662122
93 97 818304.164285600
94 97 96071.761568670
95 97 5585654.443157876
96 97 -1150009.496442548
97 97 41786813.183540419
98 97 -1049081.117423328
99 97 -4342452.165608552
100 97 -483858.671399384
101 97 -42314619.264120162
102 97 1011798.925994750
103 97 -4410447.729137873
104 97 133811.365243597
105 97 603669.589256314
106 97 124805.117888686
107 97 5713670.356999055
108 97 -627775.909288167
109 97 -3106316.255606338
110 97 91772.535275224
111 97 342179.812363135
112 97 -11737.655970684
113 97 4040992.185524162
114 97 -604667.971511129
115 97 -1706092.171270682
116 97 -202631.280747680
117 97 60532.078028260
118 97 -378643.224636285
119 97 2755442.506761329
120 97 -525206.518441003
121 97 -1366172.384039955
122 97 -199323.944445721
123 97 67532.899798848
124 97 -344030.837224045
125 97 2371861.312385459
126 97 -661363.941141896
127 97 -868251.383224083
128 97 -146349.973609187
129 97 223144.358368294
130 97 -190553.302381455
131 97 1247106.504262471
132 97 -290630.304813890
133 97 -574438.269860402
134 97 -89621.707319195
135 97 185349.114100237
136 97 -109393.400094287
137 97 602592.572896279
138 97 -47837.047123242
139 97 -481231.968829398
140 97 -44402.204827546
141 97 -18097.014660779
142 97 -24762.854114072
143 97 316784.973870589
144 97 66676.436010890
145 97 -438490.586512632
146 97 -31528.984494888
147 97 39346.609012340
148 97 -9323.790760863
149 97 411189.141688777
150 97 120936.834922454
1 98 63011.766101524
2 98 -132326.697963938
3 98 39823.574205924
4 98 -34148.587858860
5 98 -25414.305444231
6 98 -29192.412455472
7 98 60159.734705227
8 98 -135761.958753032
9 98 38394.268507076
10 98 -40006.011463454
11 98 -25811.372017613
12 98 -27057.590178266
13 98 48866.352981005
14 98 -93508.001927617
15 98 21839.750535996
16 98 -32575.392253060
17 98 -20709.414650206
18 98 -15327.488615304
19 98 43242.471056955
20 98 -99319.931917208
21 98 41633.747344128
22 98 -35412.482978494
23 98 -23792.992922077
24 98 -17948.037688962
25 98 61075.535075914
26 98 -136266.546357387
27 98 60887.699888361
28 98 -50023.533937412
29 98 -33077.316752729
30 98 -21183.609217483
31 98 58911.126405533
32 98 -161341.165970607
33 98 56486.959358496
34 98 -59379.149391570
35 98 -32136.909197706
36 98 -24183.905037447
37 98 54271.685668010
38 98 -165333.514911616
39 98 33488.964193289
40 98 -63525.335509288
41 98 -25434.376584652
42 98 -12414.398610023
43 98 48983.647509590
44 98 -154192.270084604
45 98 24622.979168748
46 98 -58011.880788897
47 98 -21408.946610923
48 98 -8685.777303588
49 98 51748.317832392
50 98 -237054.985444588
51 98 17622.551235137
52 98 -88780.807279811
53 98 -20040.311688064
54 98 9819.852122027
55 98 29457.198774735
56 98 -272971.218741028
57 98 -975.017601180
58 98 -102135.653888375
59 98 -10447.611381462
60 98 26156.345218818
61 98 12130.662364511
62 98 -538913.942899623
63 98 36506.232349848
64 98 -308863.310992243
65 98 27326.386654008
66 98 197271.961201551
67 98 -13310.370781220
68 98 -745606.100437084
69 98 91808.625209215
70 98 -670811.925780286
71 98 33987.017317429
72 98 160680.204971693
73 98 -9348.592530197
74 98 -1026102.883988637
75 98 102281.673305742
76 98 -884610.365896994
77 98 38081.472857183
78 98 201687.465246897
79 98 85198.850479909
80 98 -2551812.823424980
81 98 406258.141541957
82 98 -2859709.098369329
83 98 51596.410659974
84 98 742143.036761658
85 98 200887.521297294
86 98 -3414289.583872452
87 98 536473.964908778
88 98 -3609887.082011033
89 98 -35329.585968977
90 98 947136.487394839
91 98 265719.471377335
92 98 -6348833.684007307
93 98 580569.947603306
94 98 -6626477.121382875
95 98 -153109.943854604
96 98 1786930.882936047
97 98 -1049081.117423327
98 98 58004406.077338599
99 98 2836788.822598809
100 98 48186640.156148091
101 98 518709.516783422
102 98 -8915954.552251102
103 98 83001.875241160
104 98 -6516110.610412098
105 98 245441.863136387
106 98 -6736082.710602092
107 98 -49890.738500604
108 98 1389858.199268412
109 98 251906.334671734
110 98 -4737403.259719721
111 98 266671.973313612
112 98 -4874259.296167596
113 98 -141818.161347034
114 98 977397.051253448
115 98 390182.314291360
116 98 -2718039.208844238
117 98 280398.554684638
118 98 -3257634.571323589
119 98 -393879.087765320
120 98 174328.372759657
121 98 346817.375477625
122 98 -1921412.869697788
123 98 324911.699632946
124 98 -2613630.202162467
125 98 -470129.927875209
126 98 122083.066342100
127 98 216535.681438860
128 98 -1554730.422821894
129 98 202037.766326216
130 98 -1550166.712512175
131 98 -196174.449373622
132 98 500097.370418131
133 98 69514.839449092
134 98 -827292.473955370
135 98 42698.483371613
136 98 -669043.941425534
137 98 3566.855058466
138 98 389913.339465527
139 98 82086.632028879
140 98 -781355.930678061
141 98 2925.776765774
142 98 -360833.800434920
143 98 -49888.300844334
144 98 -44857.198702267
145 98 99267.152302841
146 98 -693020.748999817
147 98 2916.343619664
148 98 -307368.936711573
149 98 -105256.769298768
150 98 -4248.957472911
1 99 -32448.458566285
2 99 -39019.031499139
3 99 -28627.696650610
4 99 -11062.691124741
5 99 14527.286707643
6 99 -7294.259138048
7 99 -37374.836754969
8 99 -38730.793844008
9 99 -26155.521279015
10 99 -11937.037371344
11 99 16136.771562874
12 99 -7122.769561235
13 99 -26519.819685373
14 99 -31089.549778888
15 99 -15724.987925406
16 99 -11548.667154267
17 99 11540.843909467
18 99 -4297.497634838
19 99 -34211.890853796
20 99 -36230.962433544
21 99 -16517.999102780
22 99 -11313.634166415
23 99 14623.268951764
24 99 -8535.421217129
25 99 -48328.486042203
26 99 -52781.799452374
27 99 -19791.514634975
28 99 -16589.071289503
29 99 19782.194885234
30 99 -12296.126757573
31 99 -45916.562072980
32 99 -51294.224561464
33 99 -19499.730345886
34 99 -17235.444514746
35 99 19569.676919828
36 99 -10222.308943722
37 99 -44854.336980144
38 99 -54241.784564192
39 99 -15833.500319072
40 99 -20257.986092440
41 99 18464.886050586
42 99 -4098.249407910
43 99 -41530.995522677
44 99 -51070.380774358
45 99 -13307.367994121
46 99 -18802.573711993
47 99 16595.585350897
48 99 -2515.420237473
49 99 -57454.761673483
50 99 -77155.189994698
51 99 -16488.051619919
52 99 -27687.059356214
53 99 20924.337984426
54 99 4538.416881770
55 99 -52011.159683164
56 99 -92311.372059989
57 99 -21633.391063189
58 99 -34533.152102295
59 99 16821.205423658
60 99 12720.136249302
61 99 -14891.168196275
62 99 -127096.396020059
63 99 -78995.915577875
64 99 -43403.714254527
65 99 -42133.128583193
66 99 41699.847302217
67 99 -78900.164051279
68 99 -155075.207296277
69 99 -71370.727217050
70 99 -89357.978277458
71 99 69147.118790347
72 99 2827.554865545
73 99 -84386.143844142
74 99 -196887.477627258
75 99 -117004.311475466
76 99 -104842.945517867
77 99 53698.126662853
78 99 12377.122693005
79 99 58303.304567639
80 99 -139374.307639607
81 99 -351314.935960067
82 99 75831.005481544
83 99 -67212.921636194
84 99 -10104.618469913
85 99 184925.135271151
86 99 41633.990848183
87 99 -575548.872488624
88 99 320069.986713769
89 99 -255692.328208781
90 99 -11082.646518136
91 99 684158.880438342
92 99 360242.247082492
93 99 -1078872.040777917
94 99 760431.650661843
95 99 -853413.396245748
96 99 -4249.910063583
97 99 -4342452.165608552
98 99 2836788.822598808
99 99 12753335.706101952
100 99 -1137624.450750793
101 99 5725796.369207020
102 99 -34850.845384038
103 99 726473.151330919
104 99 386472.664719256
105 99 -1093648.289161218
106 99 733781.232125729
107 99 -865938.589521801
108 99 -17253.137384315
109 99 656168.331784580
110 99 196230.650979093
111 99 -834724.309388490
112 99 479795.921657429
113 99 -850431.129366435
114 99 63343.406352256
115 99 414615.532901831
116 99 -131923.751447272
117 99 -449836.678114003
118 99 72569.158961370
119 99 -446721.207509866
120 99 115212.316757714
121 99 315794.563746158
122 99 -169591.843207986
123 99 -303484.204849029
124 99 -11775.783912655
125 99 -324814.588789385
126 99 89299.604824073
127 99 309075.777361858
128 99 -206513.125840378
129 99 -287237.024904161
130 99 -56160.301988162
131 99 -333792.131803625
132 99 105194.181202833
133 99 177660.913543728
134 99 -153435.357722169
135 99 -155854.472124498
136 99 -53260.463652984
137 99 -242947.881444415
138 99 70115.253715492
139 99 -2393.573858462
140 99 -199112.685515958
141 99 -132114.268873288
142 99 -102447.420293480
143 99 25299.054111351
144 99 -9194.844986389
145 99 -5444.998063687
146 99 -194177.478016056
147 99 -117680.855659179
148 99 -108974.651900437
149 99 35695.083521318
150 99 24686.258142457
1 100 11678.748465168
2 100 -33911.957229906
3 100 6703.345875799
4 100 -8930.011488329
5 100 -4585.335806310
6 100 -7314.014268508
7 100 10684.218789937
8 100 -35225.510240624
9 100 6639.804591531
10 100 -10619.387044391
11 100 -4597.211364550
12 100 -6836.038995354
13 100 8941.314103219
14 100 -26039.253565279
15 100 3582.858317001
16 100 -9439.503355949
17 100 -3813.546684300
18 100 -3931.158025535
19 100 7722.963642818
20 100 -28090.466875028
21 100 9365.213211657
22 100 -10048.138111313
23 100 -4712.600409011
24 100 -5078.307569344
25 100 11044.793442769
26 100 -38089.374254488
27 100 13793.923676566
28 100 -14047.165158541
29 100 -6592.857649560
30 100 -5928.530748449
31 100 11534.549643891
32 100 -44952.797015461
33 100 12929.883636439
34 100 -16752.058693459
35 100 -6694.629790676
36 100 -6431.760274147
37 100 9467.182845435
38 100 -48372.868506540
39 100 7068.707147525
40 100 -18830.262047442
41 100 -4697.313503622
42 100 -2743.870268752
43 100 8392.068476782
44 100 -45506.305203363
45 100 5079.367444057
46 100 -17310.521876435
47 100 -3869.978126418
48 100 -1696.085211455
49 100 8624.143147032
50 100 -79030.833122168
51 100 4448.390382852
52 100 -30889.976389886
53 100 -3878.291273141
54 100 6191.807644313
55 100 1249.010908588
56 100 -100446.679541902
57 100 -2032.335990742
58 100 -39199.360090561
59 100 -1005.506528175
60 100 13990.094889052
61 100 30416.437661940
62 100 -355957.177591870
63 100 58028.075466671
64 100 -289889.318937827
65 100 29754.782045211
66 100 247705.883211818
67 100 -2313.755786682
68 100 -652425.025630961
69 100 143447.914439742
70 100 -808526.774303174
71 100 58811.731830515
72 100 211225.432116009
73 100 6033.264299035
74 100 -876674.222970306
75 100 170072.217988894
76 100 -1073045.545075263
77 100 74955.675495000
78 100 290207.301664482
79 100 109351.414143278
80 100 -2855977.370045266
81 100 741216.287000838
82 100 -4474721.116426897
83 100 109326.476311711
84 100 869968.065737221
85 100 200622.322838422
86 100 -3637823.301264005
87 100 873265.096327468
88 100 -5231445.433720635
89 100 -31900.386959169
90 100 996154.271813298
91 100 234098.970313242
92 100 -6681602.258883082
93 100 1002574.551738747
94 100 -9021364.449267503
95 100 -97306.067758336
96 100 1457276.059863842
97 100 -483858.671399384
98 100 48186640.156148091
99 100 -1137624.450750794
100 100 59733857.028553754
101 100 -34625.159835772
102 100 -6760178.049786113
103 100 34315.575259900
104 100 -6661062.310623815
105 100 568393.136483739
106 100 -8969784.258091796
107 100 29986.263308565
108 100 816333.403368092
109 100 111214.672186405
110 100 -4535034.643828793
111 100 446860.889162652
112 100 -5977915.503189151
113 100 -66156.962695217
114 100 496962.706296306
115 100 347733.293958793
116 100 -2791607.324083322
117 100 388272.666562831
118 100 -4333048.473727247
119 100 -562603.885265529
120 100 -483342.758887451
121 100 367393.109791354
122 100 -2037664.215647630
123 100 453397.766035212
124 100 -3546578.845661300
125 100 -756738.706409548
126 100 -257675.038837640
127 100 218546.985291824
128 100 -1206627.083218836
129 100 230657.956174478
130 100 -1780717.706351336
131 100 -309263.039315643
132 100 291897.948362746
133 100 77541.416429921
134 100 -569066.938439680
135 100 59323.226454435
136 100 -654625.452588199
137 100 -4721.516819360
138 100 405788.592864396
139 100 30201.149348060
140 100 -306441.983214290
141 100 -14337.797958818
142 100 -223325.662414612
143 100 -27601.240144672
144 100 -31801.430393362
145 100 36120.495709323
146 100 -246874.175258079
147 100 -28203.100048307
148 100 -213310.850455477
149 100 -84749.187144869
150 100 41594.253477417
1 101 22687.996488118
2 101 5015.351424863
3 101 17088.772082340
4 101 1612.548981779
5 101 -9743.744329448
6 101 434.826225133
7 101 26623.337052920
8 101 3953.754240345
9 101 16175.928274518
10 101 1223.647652822
11 101 -11500.356228629
12 101 608.450138335
13 101 24707.384989626
14 101 2008.104701262
15 101 10338.727774688
16 101 963.387174590
17 101 -11088.844436974
18 101 354.090527875
19 101 24358.967802991
20 101 7877.881732393
21 101 11821.708272019
22 101 1818.956956698
23 101 -10789.701261626
24 101 2895.686426539
25 101 34221.949751360
26 101 12544.629158791
27 101 14361.215467850
28 101 3099.911985101
29 101 -14812.866806451
30 101 4907.527138743
31 101 34770.886518675
32 101 10885.538668931
33 101 12937.564204832
34 101 3014.342807009
35 101 -15594.477499067
36 101 4010.004602599
37 101 39849.449188235
38 101 5319.443909252
39 101 7052.145130758
40 101 1721.991360913
41 101 -17693.846714552
42 101 1873.579317606
43 101 37712.400258264
44 101 5242.157150845
45 101 4434.253368727
46 101 1806.089467713
47 101 -16151.812327382
48 101 1293.329200234
49 101 63811.662389016
50 101 6054.524291933
51 101 -6820.216419511
52 101 2334.276946697
53 101 -28668.979237900
54 101 1922.355983432
55 101 77243.252678213
56 101 3193.083111647
57 101 -18754.970360413
58 101 738.419158964
59 101 -36512.599259768
60 101 -1579.385645394
61 101 233425.720278879
62 101 -34299.126208606
63 101 -132062.355614108
64 101 21009.275090318
65 101 -268802.171814872
66 101 86627.103149839
67 101 553694.357506262
68 101 -29180.045502271
69 101 -114669.788690545
70 101 14245.572683022
71 101 -737221.848299717
72 101 229547.765191025
73 101 744602.907628414
74 101 -52540.757544613
75 101 -150973.808029601
76 101 8716.600888637
77 101 -998822.379764002
78 101 284747.965128689
79 101 2600875.905496120
80 101 -152465.502066340
81 101 -505311.809974834
82 101 47971.743047836
83 101 -4234247.842128443
84 101 1440449.613560553
85 101 3198665.056956371
86 101 -164565.575109758
87 101 -618507.431932404
88 101 40226.487538351
89 101 -4925280.443136119
90 101 1562562.956168205
91 101 5655506.635220211
92 101 -153629.714661548
93 101 -1031074.431377097
94 101 8853.837799027
95 101 -8658263.285028430
96 101 1714640.231779006
97 101 -42314619.264120162
98 101 518709.516783422
99 101 5725796.369207021
100 101 -34625.159835772
101 101 59939833.769353025
102 101 -4957883.484157543
103 101 5641847.686819037
104 101 -66906.997173866
105 101 -704043.093729029
106 101 -54508.944608915
107 101 -8663074.459068311
108 101 947025.316981707
109 101 3810254.907131864
110 101 53677.357957839
111 101 -451198.966491272
112 101 160207.396474034
113 101 -5833250.069809298
114 101 816025.127743545
115 101 2306115.172781105
116 101 323628.374211344
117 101 27924.068489669
118 101 622699.194200236
119 101 -4481062.689336024
120 101 1042209.145922758
121 101 1819497.884737916
122 101 277980.359657173
123 101 3263.254135293
124 101 519250.846957704
125 101 -3817416.138281435
126 101 1276958.989958261
127 101 947207.133639775
128 101 63815.309268968
129 101 -227330.343351611
130 101 225943.485656789
131 101 -1820560.521514435
132 101 610806.132141088
133 101 455718.920027826
134 101 11330.059485620
135 101 -236127.756136890
136 101 110441.329446405
137 101 -721337.625335094
138 101 151319.788539025
139 101 223834.007322793
140 101 27260.151823986
141 101 13246.471191113
142 101 23330.124669528
143 101 -215979.713829522
144 101 -11301.209118736
145 101 214715.989757901
146 101 32795.664137531
147 101 -43818.225137943
148 101 20436.748755012
149 101 -372135.030886483
150 101 -95100.735006379
1 102 19277.734894072
2 102 -28297.773180596
3 102 12691.377496775
4 102 -7114.489132362
5 102 -7925.682579641
6 102 -6488.411172488
7 102 19487.330090834
8 102 -28224.370633794
9 102 12046.935440757
10 102 -8027.854655209
11 102 -8383.197114620
12 102 -5871.839776549
13 102 17111.324247547
14 102 -17056.972443147
15 102 7212.761592119
16 102 -5391.581555852
17 102 -7388.363404591
18 102 -3202.020983642
19 102 15228.515181910
20 102 -20996.147047740
21 102 12156.706133546
22 102 -7392.129618699
23 102 -7904.678367830
24 102 -3863.483867426
25 102 20599.054561885
26 102 -27332.029559773
27 102 16375.584166450
28 102 -9854.247973640
29 102 -10559.528788977
30 102 -4337.570676158
31 102 19843.389245903
32 102 -32373.850174730
33 102 14750.772687333
34 102 -11490.701258469
35 102 -10357.693443610
36 102 -5430.062500972
37 102 22148.816846257
38 102 -27814.161814727
39 102 7963.061555760
40 102 -10286.367585486
41 102 -10480.280828168
42 102 -4126.745607640
43 102 20606.149722140
44 102 -24493.639774340
45 102 5360.029599824
46 102 -9051.330794102
47 102 -9200.053088806
48 102 -3451.200787863
49 102 29427.301030340
50 102 -27160.883534789
51 102 -589.636749790
52 102 -10685.317113637
53 102 -12855.605093029
54 102 -4038.804830738
55 102 35556.610203404
56 102 -18767.350947940
57 102 -8504.865343684
58 102 -7295.310431111
59 102 -15945.208181552
60 102 -5658.935328330
61 102 39236.860015695
62 102 73069.564459917
63 102 -42155.751249438
64 102 89200.085898405
65 102 -39168.985420589
66 102 -102382.771644215
67 102 83844.226564163
68 102 -42555.744263649
69 102 -2840.700243394
70 102 -88825.978045716
71 102 -84705.450532038
72 102 -77005.855998451
73 102 102615.109068323
74 102 -25172.441353324
75 102 -14229.534791590
76 102 -47314.217037588
77 102 -101010.300399670
78 102 -130344.696733408
79 102 -127962.636745927
80 102 280715.960494705
81 102 6109.415592993
82 102 -6342.538548044
83 102 241560.807327627
84 102 -567984.835809889
85 102 -486194.774434692
86 102 558243.054283803
87 102 431.518128144
88 102 252451.938749313
89 102 592569.144907191
90 102 -995835.403572677
91 102 -967849.139103688
92 102 1609550.206273479
93 102 -17769.421964473
94 102 1116857.936970238
95 102 1308756.817067348
96 102 -1997604.928933065
97 102 1011798.925994750
98 102 -8915954.552251102
99 102 -34850.845384038
100 102 -6760178.049786111
101 102 -4957883.484157543
102 102 12910198.594617544
103 102 -742979.003124917
104 102 1537932.798682002
105 102 -23931.196433119
106 102 1113190.767223708
107 102 1217585.555685253
108 102 -1898576.451596587
109 102 -554214.003400008
110 102 1282746.709971185
111 102 -77774.396403304
112 102 1181074.010913039
113 102 827022.940546504
114 102 -1502624.094724093
115 102 -144072.864310827
116 102 621017.943977901
117 102 -111902.742852551
118 102 540386.180674584
119 102 276020.511241305
120 102 -1041710.409654267
121 102 -56940.328714750
122 102 395172.823055956
123 102 -90672.821229872
124 102 426189.496011918
125 102 72048.827828864
126 102 -755079.547667700
127 102 -1709.677993429
128 102 487228.458552050
129 102 -82357.564340466
130 102 418090.875861553
131 102 -48763.431701614
132 102 -512032.888009204
133 102 50398.446496392
134 102 266381.044956024
135 102 -56917.612194548
136 102 298243.007634865
137 102 -61908.388335830
138 102 -230605.870913908
139 102 108257.896043136
140 102 -21217.007634330
141 102 4357.121323773
142 102 -34842.661323020
143 102 -78728.192966096
144 102 -56991.364656720
145 102 127138.671110339
146 102 -17877.938608193
147 102 -27225.573398105
148 102 -42954.780598463
149 102 -207089.457083779
150 102 -73515.304618430
1 103 -64280.196560717
2 103 10204.966326126
3 103 -38587.051732347
4 103 1945.952803224
5 103 27861.235837459
6 103 3720.169071713
7 103 -69459.428223192
8 103 9161.102256368
9 103 -33254.319638944
10 103 2558.735663225
11 103 30485.569328270
12 103 1284.940938418
13 103 -80066.548311217
14 103 7651.312024647
15 103 -29169.838705778
16 103 2152.373555051
17 103 37207.537040553
18 103 -347.664439044
19 103 -66011.963458901
20 103 5044.107362408
21 103 -22446.665056938
22 103 2101.689075073
23 103 29756.629572292
24 103 -1518.409575300
25 103 -94138.392647225
26 103 -2298.191466920
27 103 -28947.087888592
28 103 226.346650084
29 103 41608.052577953
30 103 -7191.491427042
31 103 -87396.546405261
32 103 3326.672651672
33 103 -14047.641231956
34 103 997.110499699
35 103 40518.377592060
36 103 -2442.380696460
37 103 -99530.800766864
38 103 7001.318312429
39 103 -4556.663254530
40 103 2309.339749823
41 103 45317.724940742
42 103 -1534.483933744
43 103 -103817.708853035
44 103 7997.414551601
45 103 -1541.878235710
46 103 2556.109573440
47 103 44889.066802755
48 103 143.877704552
49 103 -181235.372069521
50 103 8867.891986481
51 103 25190.341741317
52 103 3216.403623940
53 103 77769.103858079
54 103 1648.885433725
55 103 -198323.088436572
56 103 15912.518078117
57 103 30212.511195958
58 103 7833.770356065
59 103 81541.005043549
60 103 9206.506342532
61 103 -255355.680069675
62 103 2539.139256156
63 103 49686.901602012
64 103 7341.121276421
65 103 108175.068015888
66 103 26891.129399851
67 103 -490835.709573448
68 103 23975.969629452
69 103 103452.891280917
70 103 3063.921613173
71 103 458158.318560082
72 103 -79082.963324902
73 103 -587688.092668569
74 103 40807.612897289
75 103 133326.987761383
76 103 -6463.822919075
77 103 588256.794492640
78 103 -127546.109906250
79 103 -1301372.085043702
80 103 18334.988637431
81 103 317058.393382060
82 103 -11543.261866135
83 103 1460028.583872796
84 103 -309910.921321258
85 103 -1765778.723452097
86 103 44053.694154100
87 103 364054.466112584
88 103 -27017.991123642
89 103 2029841.473453507
90 103 -491829.325205339
91 103 -3516532.950614102
92 103 111090.800542412
93 103 656381.935657088
94 103 20109.615266802
95 103 4319572.715803992
96 103 -815442.433808447
97 103 -4410447.729137873
98 103 83001.875241160
99 103 726473.151330919
100 103 34315.575259900
101 103 5641847.686819037
102 103 -742979.003124917
103 103 38880688.979093261
104 103 37067.290669744
105 103 -3768595.461698070
106 103 -87906.416950509
107 103 -37302503.859322995
108 103 -474887.908423742
109 103 -3245872.161112812
110 103 -5310.715046298
111 103 228665.344623368
112 103 -82143.200026115
113 103 4135487.602731492
114 103 -652614.857245998
115 103 -1822665.129334214
116 103 -248025.288150763
117 103 -21434.869576472
118 103 -433747.780870678
119 103 3021253.164296660
120 103 -679022.839435339
121 103 -1371024.197223988
122 103 -218204.113556386
123 103 81984.068513750
124 103 -328652.942552923
125 103 2265386.045480599
126 103 -573697.232354259
127 103 -911534.082277828
128 103 -155827.171120650
129 103 259946.016548620
130 103 -216568.039392822
131 103 1205510.403208755
132 103 -246177.064417933
133 103 -629448.185694527
134 103 -153538.419274885
135 103 211400.101542265
136 103 -134809.979630268
137 103 588619.386029128
138 103 4190.231206871
139 103 -437930.737639497
140 103 -105044.794939143
141 103 30089.447345930
142 103 -29746.437196198
143 103 228298.561122701
144 103 65686.925112591
145 103 -411476.983178343
146 103 -39514.538618213
147 103 11987.098757991
148 103 -14839.704069339
149 103 205764.474534688
150 103 65045.863465052
1 104 51499.306538687
2 104 -95318.862678511
3 104 28687.994655359
4 104 -26681.446709545
5 104 -20690.134428329
6 104 -19739.819402977
7 104 46130.160885330
8 104 -93202.395666088
9 104 26742.177412701
10 104 -30155.815972460
11 104 -19839.371283849
12 104 -16105.539420024
13 104 47636.481262128
14 104 -95919.910039976
15 104 26399.972465974
16 104 -34333.918365286
17 104 -21455.916940764
18 104 -13826.483593899
19 104 39302.472452767
20 104 -69788.136033380
21 104 21169.789821831
22 104 -26658.411267012
23 104 -17761.883888023
24 104 -8352.279723626
25 104 57444.581466431
26 104 -107587.684549127
27 104 41884.444846296
28 104 -41512.312736126
29 104 -27044.156734905
30 104 -10291.913550276
31 104 46370.812852261
32 104 -93089.592257144
33 104 19899.450225295
34 104 -38458.050008686
35 104 -21294.158358071
36 104 -6334.853009886
37 104 42671.392314512
38 104 -122231.665055318
39 104 19837.977471833
40 104 -48212.372335707
41 104 -18556.774469758
42 104 -2066.464084428
43 104 43573.436930410
44 104 -127345.007862743
45 104 14702.897438515
46 104 -48098.541669516
47 104 -17558.672222929
48 104 -1436.418401761
49 104 51513.788786628
50 104 -230886.274785281
51 104 12039.629843513
52 104 -86125.358532092
53 104 -19796.531433025
54 104 11947.022280888
55 104 32822.090233788
56 104 -241884.558127087
57 104 -2637.933524966
58 104 -87374.282438658
59 104 -13136.571802576
60 104 11633.846682507
61 104 -22894.503161837
62 104 -325743.553251143
63 104 -13170.824194143
64 104 -113397.744168235
65 104 5944.818151548
66 104 25440.410375940
67 104 -12581.841404330
68 104 -662653.871704167
69 104 80289.917805916
70 104 -556333.044651533
71 104 44584.094085482
72 104 161284.506812847
73 104 5011.614864502
74 104 -774196.088283818
75 104 99553.398750262
76 104 -695397.089546591
77 104 53230.866851378
78 104 231919.942367942
79 104 12655.462351883
80 104 -1948684.292510542
81 104 220552.731017468
82 104 -1751766.694763872
83 104 54582.964606725
84 104 583505.822687967
85 104 88508.587684472
86 104 -2565328.006820802
87 104 321962.835086428
88 104 -2438666.748587423
89 104 -15083.541914946
90 104 715110.416054846
91 104 210005.620006263
92 104 -5427176.167054855
93 104 426285.369718624
94 104 -5245487.594832154
95 104 -97768.238466349
96 104 1489198.207761041
97 104 133811.365243597
98 104 -6516110.610412098
99 104 386472.664719256
100 104 -6661062.310623815
101 104 -66906.997173866
102 104 1537932.798682002
103 104 37067.290669744
104 104 53080081.210190304
105 104 3779101.318541442
106 104 42623470.877426498
107 104 124200.174091883
108 104 -7390921.353897167
109 104 199875.220172409
110 104 -4849535.065347709
111 104 309850.724737800
112 104 -4946048.229236495
113 104 -118920.021137056
114 104 663867.236818571
115 104 360938.988004185
116 104 -2525756.935231517
117 104 324076.737658766
118 104 -3357916.503468364
119 104 -434289.735038570
120 104 -76683.906716977
121 104 348478.977102510
122 104 -2064267.843044832
123 104 313045.587478048
124 104 -2565176.918504914
125 104 -441745.792805445
126 104 123228.712686405
127 104 201451.316675531
128 104 -1451621.164485876
129 104 180890.358666190
130 104 -1444046.277464545
131 104 -136157.699523952
132 104 582117.012388742
133 104 48619.025423952
134 104 -1005963.979938807
135 104 41611.934543768
136 104 -679819.366796650
137 104 12691.071409147
138 104 399513.573293258
139 104 13925.906825357
140 104 -738871.909067643
141 104 3741.435790356
142 104 -269739.635839294
143 104 -20539.226373093
144 104 790.678522265
145 104 78053.704724846
146 104 -715148.945633126
147 104 21088.834444002
148 104 -238932.183676079
149 104 -35252.773305702
150 104 -23929.833428751
1 105 -25076.048977707
2 105 -30343.659801432
3 105 -20321.225356125
4 105 -9513.589406403
5 105 11041.245226695
6 105 -5201.190917522
7 105 -27013.798282579
8 105 -29014.194503403
9 105 -16199.039794165
10 105 -9840.195792444
11 105 11446.957778326
12 105 -4829.276371859
13 105 -25754.526419942
14 105 -31533.562365142
15 105 -13531.931536246
16 105 -11882.008500685
17 105 10950.231935577
18 105 -4540.254994486
19 105 -23437.913975692
20 105 -28721.922583471
21 105 -8094.947677287
22 105 -10906.486407405
23 105 9807.743778498
24 105 -4357.765055269
25 105 -36287.892635525
26 105 -44113.206587744
27 105 -10194.481394766
28 105 -15886.934093389
29 105 14437.829346857
30 105 -7550.668724938
31 105 -24375.721682635
32 105 -37811.687025884
33 105 -6092.056943859
34 105 -15899.735147300
35 105 10566.747860671
36 105 -3195.000038980
37 105 -29027.910114168
38 105 -44600.870785746
39 105 -7234.131621825
40 105 -17714.980713022
41 105 11800.638093497
42 105 -663.458215756
43 105 -31078.468757290
44 105 -46584.856129201
45 105 -7413.079320482
46 105 -17845.743201368
47 105 12213.552412397
48 105 3.957109633
49 105 -56655.967306338
50 105 -81418.376550466
51 105 -12360.501464974
52 105 -29652.460933631
53 105 20621.299940189
54 105 5603.548614448
55 105 -64215.563642062
56 105 -83166.969729632
57 105 -18183.260635295
58 105 -29765.198112555
59 105 22522.651749310
60 105 7606.212199765
61 105 -46740.537528987
62 105 -103017.932363673
63 105 -46471.053259013
64 105 -38344.928891444
65 105 12324.005726437
66 105 12253.341106872
67 105 -72485.586403704
68 105 -147065.893842505
69 105 -67966.506885166
70 105 -84030.171915040
71 105 46907.084791622
72 105 12417.697238159
73 105 -44136.382155417
74 105 -148670.744629339
75 105 -90504.503432026
76 105 -73090.734890129
77 105 971.826268075
78 105 25133.795499379
79 105 64542.793662414
80 105 -204230.916217144
81 105 -287839.890299610
82 105 -51380.980020919
83 105 -93472.688735339
84 105 27611.638313212
85 105 112316.467483720
86 105 -91340.638620471
87 105 -421280.184925222
88 105 93831.178255975
89 105 -168763.423999017
90 105 7517.969671570
91 105 450459.756899009
92 105 129493.508460164
93 105 -970542.203354559
94 105 414440.824348733
95 105 -542341.070493386
96 105 -8173.529420623
97 105 603669.589256314
98 105 245441.863136387
99 105 -1093648.289161218
100 105 568393.136483739
101 105 -704043.093729029
102 105 -23931.196433119
103 105 -3768595.461698070
104 105 3779101.318541443
105 105 12055117.030954558
106 105 94534.495813876
107 105 4548946.591097711
108 105 -36293.757141374
109 105 473932.032721885
110 105 131264.650729268
111 105 -877243.801436842
112 105 406669.252453297
113 105 -565938.009030777
114 105 58934.312579773
115 105 307230.990208424
116 105 -133477.439927481
117 105 -390713.200298123
118 105 78035.156575181
119 105 -272894.733840571
120 105 87108.641684156
121 105 309104.418125238
122 105 -261388.803295708
123 105 -345587.738194978
124 105 -81433.816685976
125 105 -258947.467882466
126 105 75811.144394914
127 105 309084.006027849
128 105 -221190.006122959
129 105 -256062.455002103
130 105 -66731.520227185
131 105 -382592.852657244
132 105 125993.147031969
133 105 194101.868865617
134 105 -201066.132452466
135 105 -186859.801792747
136 105 -81919.326789436
137 105 -231654.370799259
138 105 73301.626193219
139 105 24913.712160899
140 105 -189699.920326069
141 105 -128575.306335805
142 105 -79630.018248514
143 105 205.764696980
144 105 -664.320421199
145 105 -1104.628108386
146 105 -198714.013885847
147 105 -126630.630697567
148 105 -78208.695045917
149 105 13445.393927004
150 105 -3342.884217045
1 106 9503.423372029
2 106 -24845.853442287
3 106 4632.216925027
4 106 -7254.304201854
5 106 -3757.813562581
6 106 -4975.208664157
7 106 8461.463098622
8 106 -24953.793055107
9 106 4807.414176187
10 106 -8379.239938197
11 106 -3693.543325079
12 106 -4131.197172552
13 106 9238.954428263
14 106 -26648.583004781
15 106 5060.684701053
16 106 -10044.405381124
17 106 -4284.329240800
18 106 -3526.081937591
19 106 6782.882272034
20 106 -19947.462854341
21 106 4088.602010357
22 106 -7838.825460331
23 106 -3173.997576445
24 106 -2315.475589722
25 106 10630.018011566
26 106 -30313.657461265
27 106 9116.372136207
28 106 -11969.099174555
29 106 -5228.084929462
30 106 -2784.870954412
31 106 9216.210616487
32 106 -28349.196828980
33 106 4296.145110408
34 106 -12091.688807040
35 106 -4288.123377362
36 106 -1551.823821361
37 106 8043.664221599
38 106 -37105.487616089
39 106 4152.961877019
40 106 -14939.369846400
41 106 -3534.924587991
42 106 184.037514206
43 106 7705.364241354
44 106 -38512.016584996
45 106 2768.814596174
46 106 -14817.586069811
47 106 -3132.827873531
48 106 407.537604175
49 106 8079.539056348
50 106 -77445.306480705
51 106 2983.289024381
52 106 -30386.399551835
53 106 -3649.043686497
54 106 6607.609536179
55 106 1018.228468532
56 106 -81445.268239282
57 106 -2303.305673851
58 106 -30717.087603231
59 106 -1190.625892903
60 106 6384.582961810
61 106 -13828.195899621
62 106 -117866.897633605
63 106 -10080.943279120
64 106 -44509.266454847
65 106 3572.375941039
66 106 13896.198773940
67 106 -8534.643157543
68 106 -557503.929630717
69 106 122517.975782675
70 106 -660102.751743958
71 106 71728.226476131
72 106 209092.075838690
73 106 18150.406542546
74 106 -717372.094092137
75 106 176236.148062669
76 106 -930791.619682323
77 106 89078.677096497
78 106 361627.292830258
79 106 56846.330087852
80 106 -1804936.296043251
81 106 379004.751256150
82 106 -2431884.396304427
83 106 90271.549122068
84 106 634230.960436767
85 106 137928.978277220
86 106 -2497129.373795181
87 106 526810.577629716
88 106 -3359459.101969549
89 106 -34319.151412219
90 106 764336.686152399
91 106 192456.919653352
92 106 -5349656.883772444
93 106 726487.489380977
94 106 -6822938.040586228
95 106 -77256.620069084
96 106 1123567.408011603
97 106 124805.117888686
98 106 -6736082.710602092
99 106 733781.232125729
100 106 -8969784.258091796
101 106 -54508.944608915
102 106 1113190.767223708
103 106 -87906.416950508
104 106 42623470.877426505
105 106 94534.495813877
106 106 52028716.791383110
107 106 -19165.872712793
108 106 -4928479.063540391
109 106 109728.934310375
110 106 -4691531.616119617
111 106 495983.998260017
112 106 -6148174.411681376
113 106 -120482.383720311
114 106 153052.146404727
115 106 339728.612917763
116 106 -2885487.999402305
117 106 510010.907593151
118 106 -4869745.110843196
119 106 -707737.442866930
120 106 -787109.158304951
121 106 338461.793712933
122 106 -2038627.477679208
123 106 439045.448644047
124 106 -3533163.951918263
125 106 -776413.031999668
126 106 -386368.475469190
127 106 208285.072271931
128 106 -1129605.677394337
129 106 213139.202443958
130 106 -1679715.110614023
131 106 -231496.645243530
132 106 511011.167836840
133 106 71573.741958232
134 106 -605352.049170397
135 106 42065.819446858
136 106 -600184.295894705
137 106 -4736.069588357
138 106 378231.798128838
139 106 13422.156975124
140 106 -246811.951389846
141 106 -14816.390872020
142 106 -126383.966539198
143 106 -13593.625481871
144 106 -10453.404262556
145 106 20799.717350055
146 106 -217474.304825052
147 106 -10199.557248063
148 106 -95907.790245056
149 106 -10091.369737822
150 106 -4991.856329772
1 107 20073.347496794
2 107 3226.324399902
3 107 12820.487386938
4 107 1200.776516949
5 107 -8799.798088180
6 107 122.846677949
7 107 22146.004660603
8 107 2921.743984112
9 107 10913.116267868
10 107 994.791469630
11 107 -9725.810694979
12 107 673.716751128
13 107 25460.183633494
14 107 3235.317113387
15 107 9501.111744548
16 107 1178.326873966
17 107 -11792.805527614
18 107 1089.843325411
19 107 20398.367855745
20 107 3512.133933350
21 107 6683.378453044
22 107 1184.053037147
23 107 -9138.453269885
24 107 1230.094293076
25 107 30439.634454365
26 107 8021.641994817
27 107 8696.043165961
28 107 2466.026356385
29 107 -13247.752195122
30 107 3435.898503917
31 107 27433.607670241
32 107 4641.240451039
33 107 4387.242148468
34 107 1903.281171070
35 107 -12654.149824245
36 107 1431.601801804
37 107 32071.953959953
38 107 3582.432998220
39 107 1605.597606740
40 107 1454.401448960
41 107 -14490.840420657
42 107 1239.007215364
43 107 33230.332437823
44 107 3684.992356088
45 107 626.614268493
46 107 1495.433693953
47 107 -14322.145922694
48 107 660.589679254
49 107 64166.965365848
50 107 5977.820834920
51 107 -8483.996288552
52 107 2204.596731653
53 107 -28488.739652404
54 107 1371.687254345
55 107 69260.896315542
56 107 3090.826707394
57 107 -9329.819376064
58 107 419.209950101
59 107 -29407.157674440
60 107 -1469.117034039
61 107 93462.981171513
62 107 581.784169777
63 107 -19054.668346476
64 107 -2219.743237501
65 107 -42598.847636403
66 107 -6482.609768634
67 107 438462.450480263
68 107 -23909.779977197
69 107 -115015.464531946
70 107 20527.380257489
71 107 -580875.497027420
72 107 179049.679136341
73 107 575579.404699275
74 107 -47945.714740846
75 107 -184117.802588291
76 107 33706.426861842
77 107 -834895.092012464
78 107 278344.925801284
79 107 1497683.036889385
80 107 -86494.573867393
81 107 -386841.568479368
82 107 45801.810225473
83 107 -2260556.986798096
84 107 673113.649030048
85 107 2116346.929424408
86 107 -79910.574423874
87 107 -472671.244637990
88 107 82250.980687942
89 107 -3113422.839991165
90 107 900261.870042893
91 107 4424243.079055929
92 107 -88117.378923352
93 107 -801869.548636901
94 107 58532.361355424
95 107 -6557147.927194826
96 107 1240374.298270654
97 107 5713670.356999055
98 107 -49890.738500604
99 107 -865938.589521801
100 107 29986.263308565
101 107 -8663074.459068311
102 107 1217585.555685253
103 107 -37302503.859322987
104 107 124200.174091883
105 107 4548946.591097712
106 107 -19165.872712793
107 107 52117344.738147415
108 107 -2995092.685414109
109 107 3940598.251415949
110 107 98880.528046864
111 107 -269695.432494994
112 107 173265.862473938
113 107 -5998180.054881977
114 107 872647.621504263
115 107 2539467.775058557
116 107 414844.638668526
117 107 159293.872395377
118 107 693865.697442486
119 107 -5058281.559758718
120 107 1334746.587841804
121 107 1732790.187984886
122 107 263421.517561908
123 107 7705.134687132
124 107 432911.161463343
125 107 -3726511.894962231
126 107 1237589.474086401
127 107 933043.758996388
128 107 57859.577007104
129 107 -313298.528964905
130 107 246363.900835939
131 107 -1716780.194200509
132 107 529947.217544642
133 107 448849.699922372
134 107 32864.915530043
135 107 -236583.369608638
136 107 120364.607103199
137 107 -645765.769161058
138 107 101489.577183012
139 107 171107.746604847
140 107 28170.653878533
141 107 -6593.198193767
142 107 12992.035518727
143 107 -119059.153202436
144 107 -11838.338410388
145 107 145851.523253325
146 107 19569.906319458
147 107 -2937.234335334
148 107 13013.360074671
149 107 -93837.436560600
150 107 -6919.880156435
1 108 16363.349776928
2 108 -18988.606230213
3 108 9371.918276751
4 108 -5002.141827293
5 108 -6809.066000525
6 108 -4186.767492501
7 108 15160.624365988
8 108 -17386.204190582
9 108 8052.826027561
10 108 -5256.938281928
11 108 -6560.747090934
12 108 -3187.379647687
13 108 16493.945512174
14 108 -16519.884897724
15 108 7465.588896398
16 108 -5277.434104206
17 108 -7534.999796035
18 108 -2656.472128222
19 108 14319.502859156
20 108 -12037.961492870
21 108 6088.735815967
22 108 -4387.507973395
23 108 -6475.718756021
24 108 -1380.961222684
25 108 19330.718800144
26 108 -18040.615803221
27 108 10042.435535349
28 108 -6588.710439796
29 108 -8915.979964998
30 108 -1567.354174906
31 108 17665.667653032
32 108 -14171.563637362
33 108 4757.001286689
34 108 -5393.018490518
35 108 -8226.549432009
36 108 -1255.614260700
37 108 18131.323613768
38 108 -16615.818510998
39 108 3212.035180658
40 108 -6143.854828988
41 108 -8351.520584664
42 108 -1698.639734200
43 108 19048.735141614
44 108 -16965.902937173
45 108 1960.520510793
46 108 -6171.437122288
47 108 -8207.297590445
48 108 -1733.281324198
49 108 31155.905250218
50 108 -25657.075922343
51 108 -2281.650715438
52 108 -10104.259722371
53 108 -13429.287721553
54 108 -2756.393460595
55 108 33394.370563817
56 108 -25762.127755682
57 108 -4931.496990075
58 108 -10379.849064733
59 108 -13680.872552854
60 108 -3997.053419721
61 108 46149.047858911
62 108 -8712.347537233
63 108 -9849.221596565
64 108 -4140.423221129
65 108 -19388.140029034
66 108 -12660.501363503
67 108 73428.388667910
68 108 -18394.969045910
69 108 -12075.203587880
70 108 -54463.579104299
71 108 -77749.652231763
72 108 -75480.344743742
73 108 66847.992440064
74 108 25661.624744359
75 108 -28403.427283138
76 108 30996.853620937
77 108 -74535.622361041
78 108 -110740.360098988
79 108 35488.440490032
80 108 272200.138186228
81 108 -31898.183986915
82 108 86970.361234627
83 108 -10259.951301936
84 108 -367115.403462835
85 108 -149598.861450693
86 108 394575.285303808
87 108 -14063.494355679
88 108 167984.781087260
89 108 195723.753070117
90 108 -612578.569015054
91 108 -599419.729129410
92 108 1242701.066329638
93 108 -14541.634664622
94 108 638638.974845764
95 108 730707.491340360
96 108 -1701669.414669541
97 108 -627775.909288167
98 108 1389858.199268412
99 108 -17253.137384315
100 108 816333.403368092
101 108 947025.316981707
102 108 -1898576.451596587
103 108 -474887.908423741
104 108 -7390921.353897167
105 108 -36293.757141374
106 108 -4928479.063540391
107 108 -2995092.685414109
108 108 11407227.809619252
109 108 -515693.498764487
110 108 913025.747781543
111 108 -72045.236236688
112 108 690830.694090314
113 108 693222.149189992
114 108 -1558637.688404850
115 108 -135566.540639504
116 108 395653.620568065
117 108 -90969.647202724
118 108 241569.439111234
119 108 261543.213142923
120 108 -1007156.739389110
121 108 17946.447150863
122 108 406502.987634570
123 108 -76133.049845081
124 108 280661.016919155
125 108 -71697.605134479
126 108 -810019.485683254
127 108 29542.455756285
128 108 481849.902237537
129 108 -99933.936783329
130 108 503268.728749487
131 108 -79782.807642800
132 108 -413605.791042230
133 108 81745.713672746
134 108 292989.966234196
135 108 -63067.049173270
136 108 280908.885181858
137 108 -88138.179248953
138 108 -225891.170559394
139 108 92478.197216265
140 108 18424.693482759
141 108 -2744.318092031
142 108 -10283.462521993
143 108 -51464.529262108
144 108 -48025.218144053
145 108 93158.505133041
146 108 -14385.025575119
147 108 -864.147580510
148 108 -13941.620749965
149 108 -45503.806012077
150 108 -40116.973871840
1 109 -57003.187926863
2 109 15787.951439138
3 109 -27845.249242397
4 109 3932.824913751
5 109 24879.023499413
6 109 5323.614150881
7 109 -65668.549094250
8 109 17579.065540821
9 109 -29425.521842648
10 109 5488.029631396
11 109 28568.198738549
12 109 3872.885939453
13 109 -75366.971674959
14 109 17902.130397806
15 109 -26305.807816476
16 109 5969.527040919
17 109 34579.263695039
18 109 3019.172213835
19 109 -71869.373854830
20 109 11902.580188143
21 109 -23137.812881688
22 109 4984.487993209
23 109 32684.065637951
24 109 -539.308203070
25 109 -76868.755058810
26 109 8517.149926564
27 109 -23164.691093166
28 109 3937.699838610
29 109 34252.596351263
30 109 -3104.549775891
31 109 -72648.236705749
32 109 9937.721388781
33 109 -10649.661789012
34 109 3653.372308087
35 109 33283.588984310
36 109 -968.282633217
37 109 -96523.415035881
38 109 19619.109451381
39 109 -4982.207081060
40 109 7254.720279005
41 109 43531.641492205
42 109 631.823822797
43 109 -90603.984545079
44 109 16767.155692431
45 109 -2114.489759966
46 109 5960.470801884
47 109 38659.614282838
48 109 1394.489896171
49 109 -176929.365329640
50 109 20426.053152011
51 109 46895.518929127
52 109 7046.522845963
53 109 81055.725188622
54 109 4895.811626758
55 109 -196533.002485593
56 109 36152.487944146
57 109 43222.520010832
58 109 13939.628834473
59 109 83692.194715717
60 109 11528.924834148
61 109 -242111.156280191
62 109 16934.629362025
63 109 66801.493332184
64 109 12631.946088852
65 109 104183.247798577
66 109 28207.955450818
67 109 -327757.255391308
68 109 -1123.983966728
69 109 118611.463863155
70 109 3879.867216875
71 109 194577.890346676
72 109 8568.703263212
73 109 -455671.309430150
74 109 38997.005848365
75 109 91290.037758420
76 109 18599.864018363
77 109 267463.847025213
78 109 8377.629312892
79 109 -910060.512151759
80 109 74619.517067517
81 109 233827.751467847
82 109 30961.329691725
83 109 878008.534533919
84 109 -166369.658875316
85 109 -1400881.828626841
86 109 72624.383929052
87 109 384798.574144838
88 109 -14727.673600926
89 109 1633114.200628683
90 109 -322078.192528873
91 109 -2472511.658240839
92 109 273872.904761537
93 109 497357.922720685
94 109 103661.475230033
95 109 2843978.318010820
96 109 -570967.975210606
97 109 -3106316.255606338
98 109 251906.334671734
99 109 656168.331784580
100 109 111214.672186405
101 109 3810254.907131864
102 109 -554214.003400008
103 109 -3245872.161112812
104 109 199875.220172409
105 109 473932.032721885
106 109 109728.934310375
107 109 3940598.251415949
108 109 -515693.498764487
109 109 33107624.659772240
110 109 -1483856.670977828
111 109 -1658059.338088948
112 109 -279739.328254731
113 109 -30166816.039080337
114 109 -485153.783818708
115 109 -1906140.384083766
116 109 -39478.270435108
117 109 -84941.207994949
118 109 -282003.819632368
119 109 2872554.402753144
120 109 -448813.089395665
121 109 -1352020.460189831
122 109 -45441.131046473
123 109 53983.631154816
124 109 -202412.846210433
125 109 1981801.390860846
126 109 -335878.086079100
127 109 -933994.796380616
128 109 -51474.357289625
129 109 212723.812709931
130 109 -150529.805917591
131 109 1207746.992744213
132 109 -171006.781161204
133 109 -610713.543582114
134 109 -44565.967204198
135 109 154883.983197324
136 109 -99876.026750547
137 109 645893.781921258
138 109 6716.995804880
139 109 -438087.861899511
140 109 -25509.839262750
141 109 12115.566977257
142 109 -7770.114227544
143 109 181522.064496520
144 109 77646.079916702
145 109 -344424.332397773
146 109 -4254.912702276
147 109 18520.266106107
148 109 -2831.654178506
149 109 154832.023970642
150 109 58057.127272048
1 110 37120.895459754
2 110 -68623.062295875
3 110 12938.833152898
4 110 -21958.547386212
5 110 -14610.091701895
6 110 -14096.607872795
7 110 39348.326661759
8 110 -86163.818473497
9 110 17395.592931917
10 110 -29233.568036848
11 110 -16454.524765880
12 110 -15182.736418962
13 110 40537.145675696
14 110 -87682.372258483
15 110 15780.593765320
16 110 -32905.176745728
17 110 -17676.397995013
18 110 -13295.838235418
19 110 38429.254953950
20 110 -79387.792580358
21 110 19455.215412829
22 110 -31535.129770978
23 110 -17673.267153407
24 110 -9444.189516739
25 110 42371.114641665
26 110 -89545.522228919
27 110 26241.987303767
28 110 -35521.439515543
29 110 -19645.112635592
30 110 -8891.760705928
31 110 35905.284364465
32 110 -78089.379978087
33 110 12028.116486705
34 110 -33170.359143169
35 110 -15973.717049880
36 110 -4690.949927936
37 110 38857.431890340
38 110 -117818.297498313
39 110 10924.834239053
40 110 -47671.196989444
41 110 -16154.341993588
42 110 -2108.721520434
43 110 35588.611434435
44 110 -116828.077774540
45 110 8321.132371511
46 110 -44195.793321293
47 110 -13908.963298503
48 110 -1576.350589669
49 110 38366.010845189
50 110 -252405.035023239
51 110 1527.674329381
52 110 -91499.094468910
53 110 -13245.087483159
54 110 27603.368306290
55 110 27036.339707529
56 110 -276037.542092459
57 110 -10976.287833640
58 110 -96526.370230224
59 110 -9112.213934836
60 110 21033.930704871
61 110 -33288.343363057
62 110 -308537.925119220
63 110 -25599.652579903
64 110 -107425.571094701
65 110 10342.037399325
66 110 34260.818874912
67 110 -55194.498665700
68 110 -475930.121943044
69 110 2859.314724881
70 110 -224231.355697686
71 110 30751.587116753
72 110 128409.165276349
73 110 -46233.558805756
74 110 -587623.474681566
75 110 -12033.006382930
76 110 -314191.214120514
77 110 41968.441216242
78 110 73032.123912624
79 110 -16274.147208583
80 110 -1333616.378227982
81 110 94842.024954941
82 110 -1054042.943552901
83 110 73119.709706618
84 110 364999.988716417
85 110 578.586050735
86 110 -2060266.711314441
87 110 187573.770982876
88 110 -1991028.720637179
89 110 109245.733952318
90 110 674891.233060941
91 110 167571.248153146
92 110 -3644076.728288192
93 110 195641.798254636
94 110 -3383892.454059800
95 110 -3418.956457741
96 110 952884.962120221
97 110 91772.535275224
98 110 -4737403.259719721
99 110 196230.650979093
100 110 -4535034.643828793
101 110 53677.357957839
102 110 1282746.709971185
103 110 -5310.715046298
104 110 -4849535.065347709
105 110 131264.650729268
106 110 -4691531.616119617
107 110 98880.528046864
108 110 913025.747781543
109 110 -1483856.670977827
110 110 44326716.772805184
111 110 3679505.841386645
112 110 34638368.824919470
113 110 268228.929550136
114 110 -3270335.649535806
115 110 483811.346248834
116 110 -2863450.412170523
117 110 230701.101046753
118 110 -3419651.804926435
119 110 -416042.636163669
120 110 -395334.277549414
121 110 375895.509712507
122 110 -1872971.379131581
123 110 220497.370245189
124 110 -2246796.946140550
125 110 -330729.812137259
126 110 12501.591510504
127 110 247828.062247004
128 110 -1416694.838344056
129 110 140368.105770504
130 110 -1415469.162960130
131 110 -152732.427339555
132 110 446999.013037960
133 110 112305.199247884
134 110 -878962.409983052
135 110 28816.672744251
136 110 -700211.137165505
137 110 -30136.993214461
138 110 297108.860457645
139 110 49439.394109431
140 110 -704341.851145383
141 110 -29738.985781414
142 110 -210148.952899310
143 110 -18575.672349587
144 110 -18344.520249745
145 110 60424.341692187
146 110 -614729.681236573
147 110 -2217.586572836
148 110 -187719.677555468
149 110 -21144.122586988
150 110 -11320.892292392
1 111 -20155.048477341
2 111 -21336.246314549
3 111 -14370.456271330
4 111 -7793.304020776
5 111 9169.538286260
6 111 -3014.076859676
7 111 -27524.546714971
8 111 -24312.175459637
9 111 -15482.154070389
10 111 -8762.684705497
11 111 11949.260728765
12 111 -3665.238042867
13 111 -26991.099725446
14 111 -26843.780911717
15 111 -13223.832085253
16 111 -10687.003643728
17 111 11986.915715729
18 111 -3479.346900032
19 111 -28273.624698201
20 111 -29001.807592007
21 111 -9073.241537152
22 111 -11419.395478003
23 111 12196.032327907
24 111 -4387.259313618
25 111 -31914.764519284
26 111 -33228.773303159
27 111 -8566.807450104
28 111 -12654.703200814
29 111 13230.936626998
30 111 -5351.433912223
31 111 -22844.485255134
32 111 -28891.664062159
33 111 -4722.886110775
34 111 -12512.315836183
35 111 10098.235367989
36 111 -2139.935502669
37 111 -32379.650256456
38 111 -40326.234165672
39 111 -7132.752248251
40 111 -16571.015048832
41 111 13595.216424216
42 111 -184.236377089
43 111 -32735.141029071
44 111 -39070.350989337
45 111 -7623.486095369
46 111 -15023.442672428
47 111 12889.844459631
48 111 296.988532933
49 111 -48487.233790112
50 111 -87636.879636788
51 111 -12929.284189794
52 111 -32366.767886334
53 111 15781.333681288
54 111 13589.525273458
55 111 -65447.196879665
56 111 -86456.444537599
57 111 -20395.157747782
58 111 -31364.624115093
59 111 21043.440401897
60 111 12507.727936531
61 111 -40396.481228102
62 111 -98226.587049049
63 111 -42893.959897148
64 111 -37564.419339013
65 111 8863.396251534
66 111 15247.807135627
67 111 -18289.346442160
68 111 -123649.185030252
69 111 -69341.088200429
70 111 -46245.508081209
71 111 -16691.609777571
72 111 28391.423952685
73 111 -64530.082239865
74 111 -148844.188339280
75 111 -86466.659210282
76 111 -59132.454673546
77 111 23231.397579901
78 111 12483.645793659
79 111 5023.243579444
80 111 -137632.485578691
81 111 -210306.138776939
82 111 -30127.258118511
83 111 -22285.217540802
84 111 3464.989695911
85 111 77294.769698373
86 111 -96049.657907616
87 111 -328830.155933389
88 111 38556.933638122
89 111 -93654.997540407
90 111 -17588.991292223
91 111 175656.246821476
92 111 135459.392370667
93 111 -660562.904103658
94 111 301361.496926855
95 111 -217868.114756501
96 111 -57616.910949416
97 111 342179.812363135
98 111 266671.973313612
99 111 -834724.309388490
100 111 446860.889162652
101 111 -451198.966491272
102 111 -77774.396403304
103 111 228665.344623368
104 111 309850.724737800
105 111 -877243.801436842
106 111 495983.998260017
107 111 -269695.432494994
108 111 -72045.236236688
109 111 -1658059.338088948
110 111 3679505.841386646
111 111 10310335.471712258
112 111 285032.144272050
113 111 2138157.468870425
114 111 11510.398704595
115 111 132051.752345340
116 111 -211315.745636862
117 111 -478384.013803352
118 111 -13619.752484786
119 111 11218.142818081
120 111 12628.106735431
121 111 178084.279880583
122 111 -229226.408749912
123 111 -290331.450010990
124 111 -89454.446608455
125 111 -158840.389257141
126 111 39151.197530263
127 111 223125.309946862
128 111 -202356.310845082
129 111 -245051.422801637
130 111 -93350.345714863
131 111 -280935.879220028
132 111 81488.948610771
133 111 113548.856768692
134 111 -162302.472924473
135 111 -170709.851636691
136 111 -77028.274304332
137 111 -167304.227333206
138 111 46079.299988395
139 111 -2194.374797317
140 111 -175214.414608057
141 111 -127255.941124858
142 111 -65976.661734449
143 111 2047.008575188
144 111 519.051569368
145 111 -11417.405373447
146 111 -157350.958604319
147 111 -109747.561798748
148 111 -57350.959743813
149 111 5044.087671207
150 111 3324.601339445
1 112 6518.683466073
2 112 -18804.987367883
3 112 1381.815773155
4 112 -6262.931639700
5 112 -2444.600568254
6 112 -3658.374017309
7 112 6521.845378788
8 112 -23098.628242012
9 112 2499.340574284
10 112 -8058.595618687
11 112 -2691.516210739
12 112 -3901.033816032
13 112 6979.513416010
14 112 -24596.546217476
15 112 2362.063587648
16 112 -9571.320705127
17 112 -3049.215054572
18 112 -3457.941039165
19 112 6108.824571342
20 112 -22620.066332789
21 112 3644.715688169
22 112 -9176.251654544
23 112 -2907.494873766
24 112 -2630.196308595
25 112 6919.965806212
26 112 -25116.960040746
27 112 5384.213482191
28 112 -10151.447612827
29 112 -3352.305519548
30 112 -2438.413261990
31 112 6520.224549864
32 112 -23634.500363468
33 112 2507.250486299
34 112 -10267.872302445
35 112 -2911.608555813
36 112 -1158.136983561
37 112 6079.998964409
38 112 -35621.455616906
39 112 1903.665392223
40 112 -14614.990316062
41 112 -2487.041843959
42 112 50.280221240
43 112 5166.738812654
44 112 -34456.238672196
45 112 1156.248105812
46 112 -13210.670301810
47 112 -1991.865188393
48 112 278.884396777
49 112 4534.450495578
50 112 -88330.503438953
51 112 -891.198656288
52 112 -33299.110021991
53 112 -1635.995794264
54 112 14152.086773057
55 112 -2252.687086962
56 112 -92673.689627535
57 112 -5353.348887099
58 112 -33580.655749664
59 112 613.846488381
60 112 11736.334226179
61 112 -18580.897611287
62 112 -115086.308640492
63 112 -13790.878014722
64 112 -43090.994631654
65 112 5499.124845153
66 112 18107.572932440
67 112 -7296.286324376
68 112 -267556.249293366
69 112 25146.377585079
70 112 -199395.394073242
71 112 25162.112858935
72 112 146168.861204058
73 112 -33630.519573176
74 112 -327831.117330438
75 112 35198.363908128
76 112 -310610.243812296
77 112 57516.763508529
78 112 94464.569266757
79 112 -13523.449117744
80 112 -1146173.004532072
81 112 213063.365473496
82 112 -1389561.030845795
83 112 144530.964664334
84 112 382154.995828894
85 112 -15053.423265246
86 112 -2172155.308766206
87 112 397134.688561903
88 112 -2914481.971071364
89 112 169204.927150977
90 112 709283.301346857
91 112 63964.616394253
92 112 -3648118.770568023
93 112 450416.110350804
94 112 -4457146.478718873
95 112 112273.819238178
96 112 828508.476694174
97 112 -11737.655970684
98 112 -4874259.296167596
99 112 479795.921657429
100 112 -5977915.503189151
101 112 160207.396474034
102 112 1181074.010913039
103 112 -82143.200026115
104 112 -4946048.229236495
105 112 406669.252453297
106 112 -6148174.411681376
107 112 173265.862473938
108 112 690830.694090314
109 112 -279739.328254731
110 112 34638368.824919470
111 112 285032.144272051
112 112 42012120.272660464
113 112 -140335.844333531
114 112 -1642834.459947106
115 112 322987.017797355
116 112 -3160295.983768582
117 112 413326.414671971
118 112 -4964688.955791013
119 112 -608958.564723815
120 112 -1074873.975198725
121 112 289559.719835541
122 112 -1890665.772759959
123 112 331385.232802212
124 112 -3130235.471509252
125 112 -449361.694159083
126 112 -167397.842340197
127 112 216881.808318024
128 112 -1208994.421398707
129 112 172960.081696325
130 112 -1640752.914319506
131 112 -182810.432512685
132 112 431258.352471151
133 112 89581.979385137
134 112 -648283.349657375
135 112 46134.499741881
136 112 -692100.836214893
137 112 -22637.626630176
138 112 349011.062216686
139 112 12668.911883810
140 112 -203178.546529612
141 112 -25796.534246424
142 112 -69866.885813787
143 112 -5020.236723760
144 112 -129.526252962
145 112 12759.363572357
146 112 -180568.485353555
147 112 -14272.643983448
148 112 -63943.996809247
149 112 -4562.634509337
150 112 6699.682754531
1 113 17435.265127577
2 113 -129.110219012
3 113 9175.456188999
4 113 329.142771513
5 113 -7730.488851047
6 113 -740.118912504
7 113 20916.751354959
8 113 47.343346079
9 113 9773.034146754
10 113 148.183037006
11 113 -9145.109313694
12 113 -213.398588652
13 113 23845.440998908
14 113 -21.023552271
15 113 8651.374768579
16 113 150.113226782
17 113 -10978.610291630
18 113 -8.512759424
19 113 22754.048575936
20 113 1927.126797621
21 113 7102.062375898
22 113 596.411845292
23 113 -10294.886446588
24 113 996.547207829
25 113 24747.054718951
26 113 3574.939939058
27 113 6936.827416415
28 113 1106.188439427
29 113 -10913.997623855
30 113 1894.148835495
31 113 22913.564527997
32 113 1784.072831692
33 113 3291.071442718
34 113 858.473311343
35 113 -10494.205637814
36 113 811.501560912
37 113 31039.352597922
38 113 247.191869002
39 113 1690.097637953
40 113 284.164051086
41 113 -13982.690943635
42 113 457.145721989
43 113 29295.732900213
44 113 921.376977820
45 113 864.994692115
46 113 473.779529999
47 113 -12488.819435393
48 113 151.148972331
49 113 62327.823718860
50 113 833.791650353
51 113 -17796.441956776
52 113 485.961311700
53 113 -29683.170254877
54 113 -544.780539368
55 113 69233.892509298
56 113 -2244.757899907
57 113 -15825.950875555
58 113 -1301.367947646
59 113 -30556.281015948
60 113 -2855.323668594
61 113 89427.335515996
62 113 -3847.850709983
63 113 -26825.025015138
64 113 -4042.798305572
65 113 -41217.415394578
66 113 -7888.336351255
67 113 176034.991675032
68 113 -19853.895837168
69 113 -88748.192603972
70 113 989.615279996
71 113 -170337.783783752
72 113 41705.895187647
73 113 262879.136544939
74 113 -21020.749475128
75 113 -67102.727730088
76 113 -4400.413022698
77 113 -267703.795431156
78 113 71573.711221314
79 113 941584.665323001
80 113 -90673.451477241
81 113 -261441.032541295
82 113 -2993.771511887
83 113 -1293198.779930438
84 113 382379.847049503
85 113 1782027.007498752
86 113 -74053.232607343
87 113 -483066.030112175
88 113 39092.590220926
89 113 -2725655.848283733
90 113 713384.716972982
91 113 3050251.530598117
92 113 -164814.321623680
93 113 -608330.008231919
94 113 -28580.499066229
95 113 -4340421.309416298
96 113 808916.424278967
97 113 4040992.185524162
98 113 -141818.161347034
99 113 -850431.129366435
100 113 -66156.962695217
101 113 -5833250.069809298
102 113 827022.940546504
103 113 4135487.602731492
104 113 -118920.021137056
105 113 -565938.009030777
106 113 -120482.383720311
107 113 -5998180.054881977
108 113 693222.149189992
109 113 -30166816.039080337
110 113 268228.929550136
111 113 2138157.468870425
112 113 -140335.844333532
113 113 41898055.259392887
114 113 -2425792.332294560
115 113 2560615.422797528
116 113 289025.036157781
117 113 227657.409915762
118 113 472336.899923727
119 113 -4859640.997432281
120 113 1047786.307375955
121 113 1624925.464209048
122 113 137996.742003379
123 113 -56339.159619677
124 113 297561.043247308
125 113 -3110083.100172197
126 113 747719.497043411
127 113 972059.087999991
128 113 30762.698187492
129 113 -282591.188231676
130 113 199982.925682638
131 113 -1652476.781307320
132 113 350778.737570811
133 113 493720.704443416
134 113 27134.207493606
135 113 -215927.726937463
136 113 128085.716291780
137 113 -760527.432857316
138 113 81639.320929693
139 113 146221.324349304
140 113 12553.399299229
141 113 -4503.970157572
142 113 4657.458347600
143 113 -66627.315673141
144 113 -18023.145780172
145 113 117445.768637303
146 113 9494.038402923
147 113 -10121.917674812
148 113 4565.221652778
149 113 -60059.103282258
150 113 -11746.637154457
1 114 13264.290621329
2 114 -13734.818092205
3 114 5562.479100997
4 114 -4129.409878333
5 114 -5507.153037260
6 114 -3128.661006667
7 114 14038.183365107
8 114 -17101.115502856
9 114 6209.092156708
10 114 -5570.154396681
11 114 -5978.855982609
12 114 -3232.621228263
13 114 15391.161994831
14 114 -16440.540679055
15 114 5607.204187632
16 114 -5762.007450428
17 114 -6880.548064470
18 114 -2817.079786672
19 114 14934.828630189
20 114 -14652.293925782
21 114 5949.256795821
22 114 -5650.417419263
23 114 -6839.863581472
24 114 -1700.773280107
25 114 15574.416943852
26 114 -16142.369054067
27 114 6936.178697093
28 114 -6201.340849971
29 114 -7113.529400421
30 114 -1504.137185639
31 114 14159.729877165
32 114 -12670.628490363
33 114 3057.033644704
34 114 -5090.013976310
35 114 -6427.217053754
36 114 -982.046756205
37 114 17654.579509116
38 114 -17997.708250895
39 114 1993.982097874
40 114 -7044.312108598
41 114 -7868.823836259
42 114 -1611.367114169
43 114 16317.969152683
44 114 -17470.457022105
45 114 1186.367450075
46 114 -6493.959859859
47 114 -6872.090019504
48 114 -1629.165948599
49 114 30235.679765610
50 114 -21132.468355017
51 114 -8298.094636861
52 114 -7244.338100573
53 114 -13909.765950962
54 114 -3020.081932549
55 114 32987.115277039
56 114 -27541.620592333
57 114 -8975.114391866
58 114 -9544.252104606
59 114 -13956.660328643
60 114 -4509.225186420
61 114 44198.026501123
62 114 -5220.121858649
63 114 -13104.928288788
64 114 -2275.269518506
65 114 -18632.939793600
66 114 -11254.883743156
67 114 52771.027317031
68 114 42498.991482788
69 114 -27992.674170796
70 114 41190.732353686
71 114 -31189.383731276
72 114 -48097.617669862
73 114 69544.597354077
74 114 -21145.041615253
75 114 -12496.762124424
76 114 -29041.790391438
77 114 -29446.694349764
78 114 -47713.497971951
79 114 4961.535359861
80 114 135543.363005437
81 114 -1196.939645258
82 114 -21737.924569451
83 114 38701.545295579
84 114 -246331.552262878
85 114 -90455.683659500
86 114 312499.657443998
87 114 19104.116822894
88 114 -31319.214020461
89 114 164402.330654991
90 114 -532231.142621884
91 114 -521583.754171767
92 114 631100.316966586
93 114 59814.375364718
94 114 139574.434183935
95 114 598311.857201763
96 114 -1142517.067556683
97 114 -604667.971511129
98 114 977397.051253448
99 114 63343.406352256
100 114 496962.706296306
101 114 816025.127743545
102 114 -1502624.094724093
103 114 -652614.857245998
104 114 663867.236818571
105 114 58934.312579773
106 114 153052.146404727
107 114 872647.621504263
108 114 -1558637.688404850
109 114 -485153.783818708
110 114 -3270335.649535808
111 114 11510.398704595
112 114 -1642834.459947106
113 114 -2425792.332294560
114 114 10336447.749689681
115 114 -16653.696704391
116 114 -62055.519012554
117 114 3567.496285472
118 114 -421597.461972508
119 114 99781.904150321
120 114 -1349916.060512831
121 114 89524.684998264
122 114 134094.405548015
123 114 -22487.216142388
124 114 100417.955107854
125 114 -133796.151530504
126 114 -647237.947000510
127 114 49952.540907783
128 114 342684.140568788
129 114 -66692.968918768
130 114 346308.972508377
131 114 -131413.454157258
132 114 -418397.210677269
133 114 83828.839620380
134 114 184803.980036305
135 114 -45236.586905613
136 114 211134.031011157
137 114 -106343.548898070
138 114 -242135.643022172
139 114 92325.804244143
140 114 -15031.887379562
141 114 -2835.870513934
142 114 -3173.176877033
143 114 -34385.796605924
144 114 -33379.528487473
145 114 71795.763318248
146 114 -16643.158305712
147 114 -4672.700754649
148 114 -3447.883885476
149 114 -29670.070940676
150 114 -30399.033300914
1 115 -37329.436056365
2 115 17688.780663026
3 115 -17220.415541287
4 115 5043.833717878
5 115 16003.068701649
6 115 4774.078683272
7 115 -42721.492848686
8 115 19439.286799254
9 115 -16047.667290613
10 115 6623.833885348
11 115 19182.044294533
12 115 3860.901824850
13 115 -35814.846992281
14 115 15012.485306378
15 115 -11720.122462099
16 115 5424.845342393
17 115 16525.605658458
18 115 2483.709496539
19 115 -46992.056537996
20 115 17866.197228561
21 115 -15207.351729645
22 115 7050.224860073
23 115 21459.272537488
24 115 954.025714130
25 115 -44044.498350539
26 115 14390.784040585
27 115 -15560.601595558
28 115 6031.811867689
29 115 19673.796708679
30 115 -181.523933745
31 115 -49392.901249419
32 115 15067.596767087
33 115 -5191.980244551
34 115 6349.616023605
35 115 23356.738975677
36 115 -118.279570420
37 115 -78491.044864646
38 115 26034.582245820
39 115 7880.632604751
40 115 11176.528814746
41 115 42129.383918686
42 115 598.378199435
43 115 -87368.981839429
44 115 24775.521561328
45 115 15548.213118304
46 115 10960.746936812
47 115 45480.287192819
48 115 1626.454756863
49 115 -208485.566500747
50 115 43040.580430763
51 115 91187.149463006
52 115 21442.501805570
53 115 104603.510330719
54 115 7364.454625238
55 115 -223271.083954561
56 115 62632.386322504
57 115 83328.416300511
58 115 29930.079844623
59 115 103115.413173753
60 115 16563.816401855
61 115 -257712.054191894
62 115 62000.104216214
63 115 83908.359724760
64 115 32375.132301659
65 115 108926.206615119
66 115 30203.486240065
67 115 -442437.795243802
68 115 100915.937055145
69 115 164255.930652456
70 115 56949.638790203
71 115 387052.311187318
72 115 -99087.779809315
73 115 -567925.797651274
74 115 115889.707258324
75 115 162707.952404320
76 115 80117.659940817
77 115 434962.675660635
78 115 -66132.907128361
79 115 -1210387.391821337
80 115 324649.976122511
81 115 373866.142850707
82 115 214308.119627097
83 115 1286795.414211372
84 115 -333998.585647191
85 115 -1590531.407261846
86 115 329774.432723774
87 115 488965.267174755
88 115 234551.044214080
89 115 2029473.485015046
90 115 -535077.214755053
91 115 -1564831.525117707
92 115 359595.383478410
93 115 394571.791753890
94 115 291148.535566093
95 115 2044051.642580149
96 115 -262927.734405337
97 115 -1706092.171270682
98 115 390182.314291360
99 115 414615.532901831
100 115 347733.293958793
101 115 2306115.172781105
102 115 -144072.864310827
103 115 -1822665.129334214
104 115 360938.988004185
105 115 307230.990208424
106 115 339728.612917763
107 115 2539467.775058557
108 115 -135566.540639504
109 115 -1906140.384083766
110 115 483811.346248834
111 115 132051.752345340
112 115 322987.017797355
113 115 2560615.422797528
114 115 -16653.696704391
115 115 31081694.106486768
116 115 -1632122.077819125
117 115 -1412070.074955046
118 115 -430116.882870652
119 115 -28915994.472914793
120 115 1460431.215939654
121 115 -2105947.712926655
122 115 264478.115152919
123 115 -6208.444852590
124 115 78734.265984293
125 115 3038846.035517009
126 115 -696545.176011108
127 115 -1442077.094283553
128 115 74956.745388394
129 115 -3592.633319704
130 115 85589.711418127
131 115 2099371.274984110
132 115 -380109.933968032
133 115 -890916.304779122
134 115 67612.287784074
135 115 206084.788881044
136 115 16218.954128742
137 115 814912.388667870
138 115 -37653.897150069
139 115 -543378.522091018
140 115 -4463.534641204
141 115 103431.643764226
142 115 11991.123782125
143 115 221766.351259938
144 115 94411.228412904
145 115 -435707.447492080
146 115 -29690.216109667
147 115 116443.846773650
148 115 -2746.805999017
149 115 213698.506592716
150 115 63851.390544377
1 116 17882.964888830
2 116 -55266.995872461
3 116 3529.070590317
4 116 -17902.342488211
5 116 -6486.686409377
6 116 -10765.886108584
7 116 15495.258461013
8 116 -59900.583225926
9 116 3987.426725328
10 116 -21887.458806079
11 116 -6231.122149197
12 116 -9973.380517393
13 116 12123.700903386
14 116 -48602.394572225
15 116 3643.748989800
16 116 -18569.694143608
17 116 -5144.600093371
18 116 -7212.688590135
19 116 16062.800599730
20 116 -65622.236308623
21 116 9411.376026822
22 116 -25911.529477285
23 116 -7430.575665087
24 116 -8193.917627655
25 116 14785.725371919
26 116 -68834.182443861
27 116 13495.455935437
28 116 -26248.642723032
29 116 -7424.993540710
30 116 -8445.923707708
31 116 14096.458873856
32 116 -57784.083619097
33 116 4172.789474828
34 116 -26191.118194602
35 116 -6250.543256722
36 116 -2761.780460653
37 116 10341.352899170
38 116 -105810.638460517
39 116 3430.781820559
40 116 -47695.588914745
41 116 -3854.000286475
42 116 6587.357049257
43 116 7506.521134467
44 116 -114825.164369894
45 116 364.059184576
46 116 -50098.841788838
47 116 -2695.057830668
48 116 9827.114771064
49 116 -22805.574520510
50 116 -306885.158738320
51 116 -8042.423749315
52 116 -115442.513107297
53 116 8194.351337189
54 116 54186.529949512
55 116 -41642.055871183
56 116 -322026.483286433
57 116 -25142.407202260
58 116 -116986.935120143
59 116 14094.399812344
60 116 42027.435405066
61 116 -81881.561767038
62 116 -326490.512370017
63 116 -44863.947009097
64 116 -116127.164717716
65 116 26227.301867497
66 116 41180.370712343
67 116 -139213.617541363
68 116 -694252.203556358
69 116 62460.622869094
70 116 -522695.179199343
71 116 146741.936173358
72 116 213425.115376008
73 116 -175844.442906981
74 116 -775597.178653670
75 116 9895.802903582
76 116 -541511.834887284
77 116 141354.457441100
78 116 162829.110118196
79 116 -160656.572236318
80 116 -1636239.812615396
81 116 90069.483280527
82 116 -1476489.426941168
83 116 260973.976420859
84 116 531896.518920880
85 116 -246012.890095021
86 116 -2063099.846768017
87 116 152079.323156852
88 116 -2212155.070597336
89 116 456209.535384623
90 116 661797.309405639
91 116 -159868.294750433
92 116 -2214899.670092427
93 116 -21160.253668460
94 116 -2352311.962749899
95 116 322521.921607157
96 116 559389.662048921
97 116 -202631.280747680
98 116 -2718039.208844238
99 116 -131923.751447272
100 116 -2791607.324083322
101 116 323628.374211344
102 116 621017.943977901
103 116 -248025.288150763
104 116 -2525756.935231517
105 116 -133477.439927481
106 116 -2885487.999402305
107 116 414844.638668526
108 116 395653.620568065
109 116 -39478.270435108
110 116 -2863450.412170523
111 116 -211315.745636862
112 116 -3160295.983768582
113 116 289025.036157781
114 116 -62055.519012554
115 116 -1632122.077819125
116 116 41310727.899167411
117 116 3202999.363957083
118 116 33698163.762831599
119 116 316475.398099727
120 116 1656826.512481709
121 116 317738.252836550
122 116 -3227239.628028567
123 116 212125.748154236
124 116 -3916310.383208476
125 116 -132704.768366275
126 116 -935084.869493400
127 116 66488.556804558
128 116 -2450558.887406235
129 116 129031.220888248
130 116 -2962549.157108656
131 116 -93147.410007741
132 116 -924019.695728407
133 116 40987.192966201
134 116 -1231597.134730261
135 116 -38242.742170130
136 116 -899556.788559220
137 116 -6569.375054144
138 116 311642.476778605
139 116 -78202.595049665
140 116 -852130.298205353
141 116 -91686.117558686
142 116 -265352.916397781
143 116 18017.296646749
144 116 53764.460025429
145 116 -80689.692432524
146 116 -659341.176789649
147 116 -47272.755533219
148 116 -223493.666883592
149 116 28116.541880571
150 116 66834.645782961
1 117 -17788.430344653
2 117 -11315.947236412
3 117 -11564.850466187
4 117 -4291.277426473
5 117 7928.731048520
6 117 -1291.700930943
7 117 -20382.508162001
8 117 -11651.564678778
9 117 -10243.608110897
10 117 -4681.206710568
11 117 9168.724418019
12 117 -1416.455629267
13 117 -16633.257612592
14 117 -9986.108651383
15 117 -7543.081928456
16 117 -4112.493728437
17 117 7488.499034249
18 117 -1151.927495768
19 117 -23926.617571568
20 117 -16286.129645048
21 117 -7956.184169621
22 117 -6408.131941484
23 117 10531.756516143
24 117 -2609.875038553
25 117 -25556.463840780
26 117 -17431.874869337
27 117 -8040.829922068
28 117 -6352.105234658
29 117 10692.614769083
30 117 -3302.605602287
31 117 -18789.475538663
32 117 -15929.784926698
33 117 -2740.828862702
34 117 -7374.802888760
35 117 8795.238799849
36 117 -1021.799262493
37 117 -27252.992918318
38 117 -30465.540306848
39 117 -5225.301175137
40 117 -14585.142951945
41 117 11497.610360179
42 117 3692.509046334
43 117 -28700.195456023
44 117 -35232.641469861
45 117 -4702.220919609
46 117 -16262.924166488
47 117 11689.174593346
48 117 5128.302744928
49 117 -54844.634341121
50 117 -98837.095230468
51 117 -10910.513948178
52 117 -38377.596845832
53 117 18322.547153660
54 117 22415.469797107
55 117 -76887.263540549
56 117 -92175.534959808
57 117 -19557.708151422
58 117 -35704.713181570
59 117 25387.273142965
60 117 20091.203798838
61 117 -57268.677795506
62 117 -85408.745044354
63 117 -41205.370463357
64 117 -34158.737445058
65 117 15736.661550082
66 117 16008.428285554
67 117 -68028.525068806
68 117 -77216.772897743
69 117 -87318.147476404
70 117 -4226.901159271
71 117 30749.293248530
72 117 -14336.431444648
73 117 -91595.814277560
74 117 -108676.736509747
75 117 -106165.414667496
76 117 -19817.618506966
77 117 49778.945426147
78 117 -8313.592075772
79 117 -23506.732057329
80 117 -14224.637667512
81 117 -260369.174625313
82 117 121471.128033696
83 117 -28922.545927253
84 117 -62445.507022378
85 117 29205.351163742
86 117 120705.173457377
87 117 -322914.947229117
88 117 309793.489346249
89 117 -26109.423083261
90 117 -142784.778468115
91 117 42811.298332101
92 117 237708.642793256
93 117 -364182.771699765
94 117 366946.354844619
95 117 -10063.748670072
96 117 -115842.560936596
97 117 60532.078028260
98 117 280398.554684638
99 117 -449836.678114003
100 117 388272.666562831
101 117 27924.068489669
102 117 -111902.742852551
103 117 -21434.869576472
104 117 324076.737658766
105 117 -390713.200298123
106 117 510010.907593151
107 117 159293.872395377
108 117 -90969.647202724
109 117 -84941.207994949
110 117 230701.101046753
111 117 -478384.013803352
112 117 413326.414671971
113 117 227657.409915762
114 117 3567.496285472
115 117 -1412070.074955047
116 117 3202999.363957084
117 117 9381829.499848854
118 117 -1274212.459458286
119 117 -990340.085774758
120 117 113641.484770926
121 117 12361.067761354
122 117 -80524.680680618
123 117 -608309.886551866
124 117 291045.379522425
125 117 381409.954963882
126 117 -18636.621208536
127 117 -46203.499753235
128 117 -147244.152958680
129 117 -484286.980562220
130 117 65338.062874982
131 117 517970.657985859
132 117 -97288.190198582
133 117 94785.499938354
134 117 -132036.161365085
135 117 -250944.414174910
136 117 -21468.125215037
137 117 -120628.634452223
138 117 8545.186989766
139 117 19754.122548953
140 117 -159669.044945294
141 117 -152032.511533983
142 117 -65546.905828689
143 117 -13003.789480532
144 117 9989.446808252
145 117 6387.420677958
146 117 -140170.988264406
147 117 -113229.978158542
148 117 -54577.916462879
149 117 -5622.831935495
150 117 12955.806720112
1 118 2377.356544282
2 118 -14519.380579371
3 118 -431.967345130
4 118 -4880.289570497
5 118 -710.584060574
6 118 -2696.072982797
7 118 1676.832286248
8 118 -16213.684582579
9 118 -100.768311242
10 118 -6139.713457218
11 118 -588.148778764
12 118 -2556.695841946
13 118 1287.312757138
14 118 -13301.804164725
15 118 99.139745984
16 118 -5274.165589753
17 118 -505.869422516
18 118 -1834.361753615
19 118 1317.730612116
20 118 -17921.730072669
21 118 1463.245592267
22 118 -7245.979396994
23 118 -678.450975827
24 118 -2164.277987082
25 118 1044.447642396
26 118 -18031.171433611
27 118 2393.295164914
28 118 -7037.158469350
29 118 -711.257764591
30 118 -2183.966260630
31 118 1627.943214850
32 118 -17950.938878287
33 118 878.030625383
34 118 -8265.382299311
35 118 -680.312135413
36 118 -714.826792529
37 118 -494.019295901
38 118 -35323.017975742
39 118 323.338931346
40 118 -16608.831573387
41 118 403.656781557
42 118 3811.161412481
43 118 -1683.372524930
44 118 -40029.196342362
45 118 -581.021264983
46 118 -18155.326979008
47 118 821.275900605
48 118 5158.548053943
49 118 -15933.858393139
50 118 -118484.169300943
51 118 -3846.812204349
52 118 -45926.034107314
53 118 5624.562458919
54 118 25245.214108125
55 118 -26255.873450827
56 118 -117495.158441112
57 118 -10337.791126597
58 118 -44172.254533833
59 118 8757.649252448
60 118 20753.136421254
61 118 -38098.456023297
62 118 -123611.826614992
63 118 -19574.275168481
64 118 -46809.038435953
65 118 12353.936672495
66 118 20843.742229462
67 118 -73560.558685728
68 118 -629256.158511376
69 118 178505.321903277
70 118 -736323.377430431
71 118 225649.409437949
72 118 356883.736351613
73 118 -103919.263600468
74 118 -623652.538754722
75 118 134289.840036936
76 118 -736695.919248904
77 118 211029.789730697
78 118 272718.826867752
79 118 -198785.458748423
80 118 -1817389.841954457
81 118 384377.139252163
82 118 -2360634.817550730
83 118 546944.662776661
84 118 751426.419923762
85 118 -388111.749427917
86 118 -2738275.364810993
87 118 540486.990338538
88 118 -3912554.874893563
89 118 904661.405547737
90 118 896509.319027831
91 118 -340607.985642179
92 118 -2808527.918413301
93 118 209084.422902664
94 118 -3746733.710600629
95 118 638654.637345434
96 118 622284.770094611
97 118 -378643.224636285
98 118 -3257634.571323589
99 118 72569.158961370
100 118 -4333048.473727247
101 118 622699.194200236
102 118 540386.180674584
103 118 -433747.780870678
104 118 -3357916.503468364
105 118 78035.156575181
106 118 -4869745.110843196
107 118 693865.697442486
108 118 241569.439111234
109 118 -282003.819632368
110 118 -3419651.804926435
111 118 -13619.752484786
112 118 -4964688.955791013
113 118 472336.899923727
114 118 -421597.461972508
115 118 -430116.882870652
116 118 33698163.762831584
117 118 -1274212.459458287
118 118 46696174.572212644
119 118 -287465.751012656
120 118 6527218.773822192
121 118 49417.496479712
122 118 -3593928.114159284
123 118 560150.085686978
124 118 -6246826.351444298
125 118 -21843.023034997
126 118 -2079544.817708079
127 118 1620.180951087
128 118 -2541349.938898180
129 118 324327.775720948
130 118 -4194143.997070938
131 118 -30495.681764976
132 118 -1757313.135968686
133 118 58543.755282863
134 118 -874340.115633128
135 118 58627.627130706
136 118 -923944.733279403
137 118 61839.380886096
138 118 370035.889664325
139 118 -22660.275017790
140 118 -261964.336521453
141 118 -43550.432955576
142 118 -94256.019662735
143 118 5649.300758219
144 118 25023.300610911
145 118 -25069.482032619
146 118 -223391.752646150
147 118 -16719.687402725
148 118 -102915.322086656
149 118 19498.972563899
150 118 48945.961538902
1 119 12482.701794415
2 119 -2275.779428829
3 119 6283.360234970
4 119 -501.778286597
5 119 -5443.149533247
6 119 -915.898994153
7 119 14647.589227612
8 119 -2851.065503348
9 119 5845.062165856
10 119 -917.745532601
11 119 -6630.122744798
12 119 -665.644279840
13 119 12312.111116349
14 119 -2133.060022729
15 119 4243.660604453
16 119 -749.736583402
17 119 -5699.107680597
18 119 -363.596411671
19 119 16234.274514769
20 119 -1521.648191133
21 119 5124.622544304
22 119 -675.690007273
23 119 -7385.380035092
24 119 337.407459661
25 119 15649.139605627
26 119 -293.793376768
27 119 5148.152165686
28 119 -365.030573499
29 119 -6894.964969931
30 119 742.773359576
31 119 16851.908641487
32 119 -1742.402667860
33 119 1771.903784527
34 119 -687.168613892
35 119 -7987.486554221
36 119 323.253276126
37 119 28016.533534917
38 119 -4592.632007502
39 119 -3031.640281888
40 119 -2092.674236938
41 119 -15288.851857505
42 119 261.642502700
43 119 31540.339350953
44 119 -4266.709180420
45 119 -5836.432713924
46 119 -2103.717488494
47 119 -16715.936580205
48 119 -271.066122594
49 119 78496.381366088
50 119 -10309.792797928
51 119 -34964.423675370
52 119 -5896.826206302
53 119 -40349.561056726
54 119 -1841.295050676
55 119 85021.633057676
56 119 -13581.204319980
57 119 -31355.253819540
58 119 -7971.478075734
59 119 -39982.583675140
60 119 -5539.771767912
61 119 99625.961223104
62 119 -19589.622174446
63 119 -33141.495847545
64 119 -11267.330671033
65 119 -44387.775031142
66 119 -9610.129786815
67 119 441686.415771512
68 119 -114328.417972958
69 119 -181886.611946605
70 119 -36264.367058944
71 119 -611281.880061440
72 119 253643.456865882
73 119 501636.333245323
74 119 -122361.583599516
75 119 -155402.053007270
76 119 -73182.586414525
77 119 -651469.182641525
78 119 241683.971016566
79 119 1541439.444333581
80 119 -362614.945511491
81 119 -492925.016184079
82 119 -257638.268792549
83 119 -2291119.438874459
84 119 742343.032613263
85 119 2489235.451368655
86 119 -426898.324146166
87 119 -665925.937128354
88 119 -403871.944739012
89 119 -4047300.584840126
90 119 1180739.058394358
91 119 2434859.232286579
92 119 -359955.370510504
93 119 -477664.698397671
94 119 -445783.994959949
95 119 -3851837.389798305
96 119 491435.696558887
97 119 2755442.506761329
98 119 -393879.087765320
99 119 -446721.207509866
100 119 -562603.885265529
101 119 -4481062.689336024
102 119 276020.511241305
103 119 3021253.164296660
104 119 -434289.735038570
105 119 -272894.733840571
106 119 -707737.442866930
107 119 -5058281.559758718
108 119 261543.213142923
109 119 2872554.402753144
110 119 -416042.636163669
111 119 11218.142818081
112 119 -608958.564723815
113 119 -4859640.997432281
114 119 99781.904150321
115 119 -28915994.472914793
116 119 316475.398099727
117 119 -990340.085774757
118 119 -287465.751012657
119 119 47226404.921164073
120 119 -6602332.151870225
121 119 2774293.760007867
122 119 -76941.959743551
123 119 313626.439194701
124 119 -99836.823885620
125 119 -5779855.748776069
126 119 1507016.849241739
127 119 1778057.048361806
128 119 -44832.089108807
129 119 317165.925491888
130 119 -80958.007785946
131 119 -3920360.354206447
132 119 860551.717445346
133 119 695962.361871722
134 119 -68567.635574641
135 119 -242942.331206884
136 119 73464.722427065
137 119 -1002612.734203233
138 119 149814.953014442
139 119 195009.932378622
140 119 -3264.811706325
141 119 -41472.412747908
142 119 -5031.481176606
143 119 -88796.449537407
144 119 -25643.804966691
145 119 170261.240641380
146 119 5380.754727245
147 119 -62483.018587683
148 119 7916.558580339
149 119 -123856.651484831
150 119 -9412.401911571
1 120 7371.191585619
2 120 -11903.171391474
3 120 2542.563111513
4 120 -3684.136429008
5 120 -2936.500918550
6 120 -2508.818002723
7 120 7285.545821499
8 120 -12450.014982003
9 120 2394.645647127
10 120 -4340.981062687
11 120 -3117.051134716
12 120 -2251.991484780
13 120 5917.362980761
14 120 -9846.774472097
15 120 1876.084060910
16 120 -3563.115432993
17 120 -2635.045827072
18 120 -1632.857012621
19 120 7953.389450060
20 120 -13366.654504456
21 120 3278.268885362
22 120 -5124.401122252
23 120 -3637.006832803
24 120 -1682.040717100
25 120 7180.942586124
26 120 -14093.434311999
27 120 4018.805059917
28 120 -5280.901905350
29 120 -3386.686013389
30 120 -1666.108154519
31 120 7758.426195536
32 120 -10063.288314375
33 120 1178.299732558
34 120 -4402.236370267
35 120 -3598.913906251
36 120 -624.611484332
37 120 11779.649804834
38 120 -14476.753339301
39 120 -1194.305185226
40 120 -5996.006429243
41 120 -6573.087001500
42 120 -1282.702300216
43 120 13285.367371823
44 120 -14232.904417944
45 120 -2772.081572955
46 120 -5938.954913640
47 120 -7238.326768712
48 120 -1169.652729579
49 120 30958.544677926
50 120 -19307.661325545
51 120 -15234.382953175
52 120 -8248.272874917
53 120 -15996.984894894
54 120 -3167.532503550
55 120 32782.881772273
56 120 -29027.296402305
57 120 -15993.754518405
58 120 -11676.740920813
59 120 -15626.893270646
60 120 -4937.347816605
61 120 40026.365169809
62 120 -13627.345863573
63 120 -14793.623123682
64 120 -6230.152320618
65 120 -16337.681481843
66 120 -10688.856332275
67 120 -23078.879112243
68 120 -6714.250627691
69 120 4859.381762727
70 120 -49651.536682029
71 120 60803.703215812
72 120 -133253.113576556
73 120 7809.052531420
74 120 -43047.350956890
75 120 4597.973568434
76 120 -76832.494741280
77 120 57308.626532627
78 120 -109941.882593910
79 120 -236970.546484250
80 120 166604.618396683
81 120 79995.001619007
82 120 -59330.972577014
83 120 435416.498938045
84 120 -460027.300599869
85 120 -637197.191708030
86 120 196549.978362956
87 120 172987.928623455
88 120 -293591.751964202
89 120 1138692.523455844
90 120 -851024.429436031
91 120 -571836.724303590
92 120 169791.346197219
93 120 118803.177008835
94 120 -301451.256413423
95 120 1008474.326046189
96 120 -852832.910623136
97 120 -525206.518441003
98 120 174328.372759657
99 120 115212.316757714
100 120 -483342.758887451
101 120 1042209.145922758
102 120 -1041710.409654267
103 120 -679022.839435339
104 120 -76683.906716977
105 120 87108.641684156
106 120 -787109.158304951
107 120 1334746.587841804
108 120 -1007156.739389110
109 120 -448813.089395665
110 120 -395334.277549414
111 120 12628.106735431
112 120 -1074873.975198725
113 120 1047786.307375955
114 120 -1349916.060512831
115 120 1460431.215939654
116 120 1656826.512481709
117 120 113641.484770926
118 120 6527218.773822192
119 120 -6602332.151870225
120 120 15206564.157492904
121 120 -401628.471810332
122 120 -713424.043594922
123 120 88908.863593377
124 120 -1811188.164249262
125 120 771811.001061474
126 120 -2638626.517329304
127 120 -161002.307454583
128 120 -667367.317055853
129 120 118046.853096257
130 120 -1749903.318115889
131 120 145588.036664240
132 120 -2129363.766744042
133 120 29860.869267585
134 120 175352.218193232
135 120 -7321.028883430
136 120 133790.962613753
137 120 16825.165682854
138 120 -350455.915506224
139 120 96440.564624944
140 120 23259.994399216
141 120 -10971.275776871
142 120 6485.355617240
143 120 -33606.231081916
144 120 -41246.933992199
145 120 75889.575815715
146 120 18067.504709101
147 120 -14141.940745056
148 120 3972.273234978
149 120 -31579.456020776
150 120 -28669.566031980
1 121 -24855.340393731
2 121 11124.798985315
3 121 -9520.470682231
4 121 3433.101295826
5 121 11318.920510383
6 121 3019.451256272
7 121 -41382.471585253
8 121 17316.419799660
9 121 -16648.853941497
10 121 6204.373239659
11 121 18712.077966006
12 121 2891.636554068
13 121 -32697.576124672
14 121 11235.207787953
15 121 -10321.713736486
16 121 4533.064482023
17 121 15603.908000020
18 121 1240.814798837
19 121 -69945.709146154
20 121 31665.179394327
21 121 -23118.516879564
22 121 12248.592905349
23 121 31331.911965245
24 121 2839.889224179
25 121 -52979.586312897
26 121 18566.663849306
27 121 -17009.494674876
28 121 8094.614785231
29 121 24309.106953153
30 121 -181.360166496
31 121 -60664.395027535
32 121 24659.872288227
33 121 -7275.109974262
34 121 9845.870015622
35 121 28021.708177569
36 121 1585.427359010
37 121 -83513.588614272
38 121 30445.572904050
39 121 6146.359999908
40 121 13358.536514925
41 121 43956.563037939
42 121 39.308865309
43 121 -83300.643234873
44 121 28678.099185054
45 121 20031.113596840
46 121 13105.582818053
47 121 45814.809029774
48 121 3315.544570492
49 121 -209318.494718195
50 121 40255.546387764
51 121 101661.061754334
52 121 25279.695366215
53 121 108060.949210529
54 121 16381.534143171
55 121 -238430.174827384
56 121 64349.929046074
57 121 95316.187179067
58 121 35112.519464967
59 121 109260.080424462
60 121 26491.603131498
61 121 -319150.505557318
62 121 76761.073677318
63 121 113460.464659898
64 121 43292.348753262
65 121 133980.406766310
66 121 44931.018766616
67 121 -508761.260022274
68 121 186817.846639226
69 121 177426.049113685
70 121 109847.435702381
71 121 376560.095178114
72 121 -98727.410981027
73 121 -634796.408129840
74 121 186657.167837476
75 121 172857.084456743
76 121 123334.381768293
77 121 421513.596873841
78 121 -40697.034931754
79 121 -1043730.884263674
80 121 346974.241475858
81 121 280332.051521457
82 121 225178.765961673
83 121 1022323.958630380
84 121 -259023.068325526
85 121 -1095205.727536677
86 121 247919.994724015
87 121 287892.176122125
88 121 236186.524269632
89 121 1321975.521648602
90 121 -280238.237947188
91 121 -980971.369867516
92 121 260461.397623258
93 121 242625.273886162
94 121 235618.575641750
95 121 1163888.944458711
96 121 -36250.419730004
97 121 -1366172.384039955
98 121 346817.375477625
99 121 315794.563746158
100 121 367393.109791354
101 121 1819497.884737916
102 121 -56940.328714750
103 121 -1371024.197223988
104 121 348478.977102510
105 121 309104.418125238
106 121 338461.793712933
107 121 1732790.187984886
108 121 17946.447150863
109 121 -1352020.460189831
110 121 375895.509712507
111 121 178084.279880583
112 121 289559.719835541
113 121 1624925.464209048
114 121 89524.684998264
115 121 -2105947.712926655
116 121 317738.252836550
117 121 12361.067761354
118 121 49417.496479712
119 121 2774293.760007867
120 121 -401628.471810332
121 121 29812630.749859683
122 121 -2243801.821637637
123 121 -2102969.029706749
124 121 -775571.040273584
125 121 -26252156.817580938
126 121 2710331.172816497
127 121 -2120229.268959120
128 121 389247.513762309
129 121 223328.481081707
130 121 199837.488829704
131 121 3148284.061819741
132 121 -993802.785773706
133 121 -1311214.084403855
134 121 250391.439086283
135 121 255576.360044008
136 121 130037.518685470
137 121 1824652.360061975
138 121 -411635.215244262
139 121 -528176.825063948
140 121 36870.577070588
141 121 95399.348780110
142 121 31925.010675287
143 121 233837.868644860
144 121 98910.932533816
145 121 -565679.501251316
146 121 -28782.242922277
147 121 192910.964492505
148 121 -1190.446698177
149 121 320925.173629566
150 121 69669.135052190
1 122 8405.072136297
2 122 -31306.226303471
3 122 -118.322939704
4 122 -11473.479156595
5 122 -2952.599945454
6 122 -5835.133018821
7 122 10841.468594140
8 122 -68105.677811148
9 122 5300.355669023
10 122 -24459.446033263
11 122 -4759.705178414
12 122 -11279.825539351
13 122 7068.686642487
14 122 -47339.541949051
15 122 4284.314972083
16 122 -18606.155555531
17 122 -3462.997538162
18 122 -6651.833107799
19 122 18869.660921376
20 122 -110737.276665099
21 122 12384.812111942
22 122 -42567.302016556
23 122 -8807.382844436
24 122 -15012.624725723
25 122 12522.880434195
26 122 -83375.024923357
27 122 13702.755362382
28 122 -33342.036520667
29 122 -6796.920820426
30 122 -10000.101994979
31 122 15515.828092107
32 122 -79124.147206230
33 122 2680.648589528
34 122 -34613.985640821
35 122 -6319.952164780
36 122 -5376.364238108
37 122 5462.864020001
38 122 -122199.404163875
39 122 4959.936719452
40 122 -54629.005818899
41 122 -1911.902763947
42 122 5543.771767299
43 122 1796.634213380
44 122 -113225.694693048
45 122 -4258.372022034
46 122 -51040.919722797
47 122 257.829885542
48 122 12668.489943711
49 122 -51171.466958501
50 122 -311971.371490261
51 122 -18087.754600407
52 122 -118418.937091921
53 122 17080.207755416
54 122 61372.346082761
55 122 -75146.181955721
56 122 -350368.600427396
57 122 -36458.601440257
58 122 -125972.301337998
59 122 24108.814481249
60 122 49089.177514502
61 122 -121780.323124828
62 122 -372919.461522000
63 122 -68638.921380182
64 122 -136983.028925013
65 122 38747.449158149
66 122 55412.019419124
67 122 -120620.842057951
68 122 -709652.037885766
69 122 -12050.790472934
70 122 -454566.192287579
71 122 88919.501318861
72 122 221806.857778560
73 122 -193130.646238607
74 122 -842969.120122579
75 122 -60488.879737934
76 122 -504133.907398815
77 122 114046.746721264
78 122 153946.896303105
79 122 -205806.513204777
80 122 -1492699.020336497
81 122 -46181.468000532
82 122 -1130258.677761186
83 122 258240.603887642
84 122 318258.659308419
85 122 -259457.064918558
86 122 -1370224.801978922
87 122 -28626.729766550
88 122 -1273291.160677397
89 122 345884.942034677
90 122 329780.351169409
91 122 -153033.671148430
92 122 -1438018.168150779
93 122 -144736.162609866
94 122 -1315996.629177673
95 122 203685.341563943
96 122 284892.001660920
97 122 -199323.944445721
98 122 -1921412.869697788
99 122 -169591.843207986
100 122 -2037664.215647630
101 122 277980.359657173
102 122 395172.823055956
103 122 -218204.113556386
104 122 -2064267.843044832
105 122 -261388.803295708
106 122 -2038627.477679208
107 122 263421.517561908
108 122 406502.987634570
109 122 -45441.131046473
110 122 -1872971.379131581
111 122 -229226.408749912
112 122 -1890665.772759959
113 122 137996.742003379
114 122 134094.405548015
115 122 264478.115152919
116 122 -3227239.628028567
117 122 -80524.680680618
118 122 -3593928.114159284
119 122 -76941.959743551
120 122 -713424.043594922
121 122 -2243801.821637637
122 122 40311357.057984717
123 122 2799146.070159534
124 122 30197539.714213595
125 122 673700.615423645
126 122 572985.963079197
127 122 262476.661001779
128 122 -3444681.681481293
129 122 149019.473858909
130 122 -4222715.585359319
131 122 975.263856994
132 122 -347124.453624024
133 122 75447.229630435
134 122 -1879672.801276657
135 122 30113.893031232
136 122 -2104722.821479779
137 122 86774.225996779
138 122 312461.139572620
139 122 -77435.065046872
140 122 -848994.417692033
141 122 -111307.573475939
142 122 -302257.757556832
143 122 18826.466993645
144 122 21153.274473946
145 122 -150523.686639916
146 122 -1002277.124990871
147 122 -66176.887873349
148 122 -352523.942730811
149 122 68035.035983879
150 122 128362.180411536
1 123 -10840.580248023
2 123 -5773.839684155
3 123 -6179.790150511
4 123 -2524.801796391
5 123 5073.448301777
6 123 -465.563400124
7 123 -23142.187419701
8 123 -9836.602218551
9 123 -11410.029447665
10 123 -3729.462587866
11 123 10247.772268567
12 123 -1524.839055698
13 123 -16293.515097681
14 123 -7637.252951261
15 123 -6700.979582501
16 123 -3117.086062798
17 123 7377.752619414
18 123 -1122.310238274
19 123 -40604.509716754
20 123 -22216.288733431
21 123 -14996.128280288
22 123 -8490.626493585
23 123 17645.208768598
24 123 -3722.426948978
25 123 -31005.991355825
26 123 -18067.900826118
27 123 -9099.942970990
28 123 -6888.914115271
29 123 13437.111082149
30 123 -3555.810556756
31 123 -26696.630907942
32 123 -17672.844330024
33 123 -5767.427612266
34 123 -8063.962189572
35 123 12275.332749470
36 123 -1048.549892590
37 123 -33337.045362944
38 123 -27575.044860809
39 123 -6192.539667577
40 123 -13132.057274631
41 123 14103.317681934
42 123 2837.244885349
43 123 -26633.553923714
44 123 -32823.443054523
45 123 -6095.758692392
46 123 -16006.091546530
47 123 10795.711882603
48 123 6536.637403351
49 123 -58959.200066249
50 123 -102596.894266263
51 123 -18766.324925496
52 123 -40779.464561771
53 123 17936.106930530
54 123 26669.483908276
55 123 -89117.622501175
56 123 -96977.800180293
57 123 -28953.723747672
58 123 -38015.848955849
59 123 27672.869152793
60 123 24250.734849420
61 123 -67107.970683308
62 123 -100001.739773764
63 123 -52464.860740840
64 123 -42007.443325736
65 123 17545.593569086
66 123 20780.246504048
67 123 -73500.292930522
68 123 -65934.209009585
69 123 -106420.746393569
70 123 15483.369537936
71 123 1522.066821954
72 123 -11897.532686993
73 123 -109505.289652406
74 123 -97261.684364642
75 123 -133377.582404332
76 123 -2663.958822724
77 123 43466.354765937
78 123 -6679.741921546
79 123 -66225.755715352
80 123 32610.282835248
81 123 -264706.364574917
82 123 167114.700284729
83 123 25052.483950069
84 123 -81202.750997259
85 123 -5629.414956203
86 123 112051.283982487
87 123 -231277.356701476
88 123 287103.267423845
89 123 25388.716694409
90 123 -104624.208423307
91 123 31004.866124219
92 123 167874.161596409
93 123 -246871.554933898
94 123 236226.228189216
95 123 1299.096897855
96 123 -61420.075091825
97 123 67532.899798848
98 123 324911.699632946
99 123 -303484.204849029
100 123 453397.766035212
101 123 3263.254135293
102 123 -90672.821229872
103 123 81984.068513750
104 123 313045.587478048
105 123 -345587.738194978
106 123 439045.448644047
107 123 7705.134687132
108 123 -76133.049845081
109 123 53983.631154816
110 123 220497.370245189
111 123 -290331.450010990
112 123 331385.232802212
113 123 -56339.159619677
114 123 -22487.216142388
115 123 -6208.444852590
116 123 212125.748154236
117 123 -608309.886551866
118 123 560150.085686978
119 123 313626.439194701
120 123 88908.863593377
121 123 -2102969.029706749
122 123 2799146.070159533
123 123 9361577.851525879
124 123 -2130039.984340549
125 123 -189244.837870995
126 123 101870.424849940
127 123 120485.673928039
128 123 79682.791637939
129 123 -683885.536172471
130 123 479256.456905609
131 123 195596.957947120
132 123 -45352.722670880
133 123 62334.459396586
134 123 -9550.552082114
135 123 -355877.807270620
136 123 205431.328568475
137 123 -36820.171056998
138 123 -56185.447170474
139 123 9099.029652616
140 123 -126619.576165483
141 123 -151996.093326698
142 123 -59393.159087295
143 123 12333.872819443
144 123 6065.449786070
145 123 31328.653405245
146 123 -154013.330945597
147 123 -165899.960973121
148 123 -67050.145460956
149 123 5994.482114328
150 123 9242.455425980
1 124 979.850106411
2 124 -8983.743436508
3 124 -711.638652639
4 124 -3427.528064592
5 124 -228.576059389
6 124 -1573.086472522
7 124 811.418723548
8 124 -18419.587067571
9 124 382.463261239
10 124 -6828.771022501
11 124 -350.711138454
12 124 -2936.959982172
13 124 523.182812538
14 124 -13375.753132597
15 124 544.365220614
16 124 -5449.263527933
17 124 -294.194294511
18 124 -1764.492591623
19 124 473.744849522
20 124 -29598.381225561
21 124 1606.843028474
22 124 -11670.267993246
23 124 -369.572988526
24 124 -3844.075747801
25 124 279.666536147
26 124 -22926.432821815
27 124 2612.497248922
28 124 -9370.180066289
29 124 -441.534576973
30 124 -2703.318401007
31 124 1038.842442620
32 124 -23741.418737326
33 124 214.272196995
34 124 -10630.820983976
35 124 -305.032126621
36 124 -1296.293722030
37 124 -2013.573205365
38 124 -40403.981862599
39 124 765.203741992
40 124 -18784.995074434
41 124 1065.096016948
42 124 3547.344036914
43 124 -3731.674378797
44 124 -41436.566266047
45 124 -2072.918830366
46 124 -19544.024914764
47 124 1806.709380974
48 124 6774.226433415
49 124 -27522.639224619
50 124 -125172.048626374
51 124 -8539.030140502
52 124 -49083.353952786
53 124 8944.058853228
54 124 29721.835327726
55 124 -39741.563047721
56 124 -128672.470216728
57 124 -15443.783550553
58 124 -48055.024097962
59 124 12446.598713227
60 124 24701.770306611
61 124 -56851.149319468
62 124 -148604.638079976
63 124 -30186.329808446
64 124 -57942.570835298
65 124 18024.811853129
66 124 28261.431074555
67 124 -31002.821080117
68 124 -610812.598101882
69 124 116425.160957566
70 124 -636540.172454518
71 124 126759.022374295
72 124 389895.244212008
73 124 -98333.033929229
74 124 -611109.448970802
75 124 73061.627881942
76 124 -627505.771926772
77 124 156411.313312690
78 124 249504.267562082
79 124 -241596.031952396
80 124 -1448319.405647174
81 124 229312.207194400
82 124 -1812423.064890733
83 124 487453.841565712
84 124 406136.073014399
85 124 -335384.364383184
86 124 -1740652.149617352
87 124 262892.054293675
88 124 -2502088.792419567
89 124 646048.191662068
90 124 460173.572134357
91 124 -243280.983887329
92 124 -1655457.451205683
93 124 -3782.936422895
94 124 -2072294.319628937
95 124 369621.686794694
96 124 319526.050300846
97 124 -344030.837224045
98 124 -2613630.202162467
99 124 -11775.783912655
100 124 -3546578.845661300
101 124 519250.846957704
102 124 426189.496011918
103 124 -328652.942552923
104 124 -2565176.918504914
105 124 -81433.816685976
106 124 -3533163.951918263
107 124 432911.161463343
108 124 280661.016919155
109 124 -202412.846210433
110 124 -2246796.946140550
111 124 -89454.446608455
112 124 -3130235.471509252
113 124 297561.043247308
114 124 100417.955107854
115 124 78734.265984293
116 124 -3916310.383208476
117 124 291045.379522425
118 124 -6246826.351444298
119 124 -99836.823885620
120 124 -1811188.164249262
121 124 -775571.040273584
122 124 30197539.714213602
123 124 -2130039.984340550
124 124 42255220.313802779
125 124 506456.098044419
126 124 4823579.777981722
127 124 55128.633805982
128 124 -4003019.293147936
129 124 536214.119209710
130 124 -6561814.048813513
131 124 271797.094434288
132 124 -1304056.109867151
133 124 12819.018554060
134 124 -1969459.956085368
135 124 285573.512787257
136 124 -3203614.337335907
137 124 341061.571751489
138 124 452184.042684651
139 124 -27421.311440514
140 124 -277849.682965823
141 124 -50682.550400970
142 124 -138968.559936820
143 124 11799.688122579
144 124 -8888.751971213
145 124 -56632.339268622
146 124 -343180.969407183
147 124 -13352.288855887
148 124 -201686.214897668
149 124 64477.027255852
150 124 80811.818757636
1 125 8719.090603050
2 125 -1943.280660812
3 125 3650.676329089
4 125 -516.085799685
5 125 -4037.009424460
6 125 -704.694548268
7 125 15491.652387607
8 125 -2695.273613888
9 125 6499.366480115
10 125 -1001.859658530
11 125 -7009.051457005
12 125 -416.545412309
13 125 12171.031392250
14 125 -1798.371833616
15 125 3974.151139044
16 125 -785.123710867
17 125 -5775.676274043
18 125 -85.332026980
19 125 25500.859944585
20 125 -3579.967646010
21 125 8504.106945956
22 125 -1531.310035106
23 125 -11405.346408445
24 125 183.704144191
25 125 19823.590600698
26 125 -1476.898895325
27 125 6002.342578972
28 125 -910.263248050
29 125 -8988.054154448
30 125 811.108156046
31 125 21476.533973202
32 125 -3627.406316838
33 125 2831.021608434
34 125 -1378.198667430
35 125 -9992.224114800
36 125 -27.866945834
37 125 31586.946223027
38 125 -6314.413351128
39 125 -2450.812266802
40 125 -2942.965635037
41 125 -16827.376790060
42 125 494.410735416
43 125 31478.212876870
44 125 -6113.670893500
45 125 -7728.999009585
46 125 -3165.186031736
47 125 -17754.332944848
48 125 -831.479052941
49 125 81091.894037886
50 125 -10798.985771655
51 125 -39899.683994173
52 125 -8104.175409207
53 125 -42924.993083060
54 125 -4828.361489589
55 125 92560.217369798
56 125 -15060.974673531
57 125 -35997.507832855
58 125 -10367.281945402
59 125 -43269.814025386
60 125 -8784.901233507
61 125 126497.200561321
62 125 -25825.583338021
63 125 -45919.105064741
64 125 -16116.455550418
65 125 -55757.731862500
66 125 -15375.504422601
67 125 455391.274529780
68 125 -186635.528051268
69 125 -185856.884033106
70 125 -107148.392104329
71 125 -558451.154910942
72 125 279472.344181898
73 125 509430.241615809
74 125 -163815.212354205
75 125 -143891.650092017
76 125 -111856.278761569
77 125 -578361.303702707
78 125 207551.001618198
79 125 1340798.016613742
80 125 -363013.498180968
81 125 -302856.345920407
82 125 -380211.435475528
83 125 -1974030.596211785
84 125 709204.685681014
85 125 1780497.274824532
86 125 -408764.404400222
87 125 -328913.515616172
88 125 -615249.010378336
89 125 -2946438.976270762
90 125 812263.949010316
91 125 1509610.414569288
92 125 -289520.495821303
93 125 -244291.457569403
94 125 -432231.585938519
95 125 -2316572.329975667
96 125 113187.367322599
97 125 2371861.312385459
98 125 -470129.927875209
99 125 -324814.588789385
100 125 -756738.706409548
101 125 -3817416.138281435
102 125 72048.827828864
103 125 2265386.045480599
104 125 -441745.792805445
105 125 -258947.467882466
106 125 -776413.031999668
107 125 -3726511.894962231
108 125 -71697.605134479
109 125 1981801.390860846
110 125 -330729.812137259
111 125 -158840.389257141
112 125 -449361.694159083
113 125 -3110083.100172197
114 125 -133796.151530504
115 125 3038846.035517009
116 125 -132704.768366275
117 125 381409.954963882
118 125 -21843.023034997
119 125 -5779855.748776069
120 125 771811.001061474
121 125 -26252156.817580938
122 125 673700.615423645
123 125 -189244.837870995
124 125 506456.098044418
125 125 43612626.709809557
126 125 -9055712.070596864
127 125 2974530.280029350
128 125 -255367.651402385
129 125 -7053.799599089
130 125 -148857.694376951
131 125 -6197078.307352249
132 125 1712318.746563499
133 125 1636083.707330605
134 125 -218082.408927826
135 125 -339943.101424303
136 125 -34281.109515572
137 125 -3299159.529793525
138 125 849332.218976814
139 125 212178.245796256
140 125 -15765.290672057
141 125 -26591.684035564
142 125 -14130.591958428
143 125 -125486.066434917
144 125 -33196.237330565
145 125 261795.199892330
146 125 1280.312572043
147 125 -106614.483113686
148 125 16985.164130545
149 125 -256517.775954252
150 125 11648.090315183
1 126 4185.274095780
2 126 -6479.470185498
3 126 1022.473929566
4 126 -2216.291275182
5 126 -1726.998188993
6 126 -1351.385143977
7 126 5672.978374028
8 126 -14296.525218211
9 126 2437.793087981
10 126 -4939.012606153
11 126 -2534.697032378
12 126 -2500.038527610
13 126 4164.519494407
14 126 -9322.992645371
15 126 1684.459986374
16 126 -3471.926424297
17 126 -2013.980289572
18 126 -1441.561267157
19 126 10717.894979740
20 126 -23987.364183480
21 126 4645.235137207
22 126 -8966.793518571
23 126 -4862.726422607
24 126 -3357.274053224
25 126 7517.816798689
26 126 -17294.900219052
27 126 4189.251250994
28 126 -6792.330382040
29 126 -3685.108799974
30 126 -2014.411288808
31 126 9198.162761510
32 126 -15237.158586860
33 126 1164.767984348
34 126 -6377.149512124
35 126 -4067.571363180
36 126 -1382.979908322
37 126 10510.100061680
38 126 -18031.002109172
39 126 -533.682896666
40 126 -7478.598023727
41 126 -5888.792898122
42 126 -1530.083418293
43 126 12814.844405672
44 126 -13537.294393196
45 126 -4032.167234666
46 126 -5787.346233907
47 126 -7265.764617994
48 126 -1548.489041682
49 126 33758.196784963
50 126 -16667.787202060
51 126 -18548.979437938
52 126 -8028.752357894
53 126 -17592.416757017
54 126 -5618.375191591
55 126 36463.094751221
56 126 -30208.393614618
57 126 -19504.096686897
58 126 -12822.063918998
59 126 -16953.003215327
60 126 -7762.376248879
61 126 52357.746311547
62 126 -13213.775162632
63 126 -19770.368943081
64 126 -6776.419988675
65 126 -20810.687308201
66 126 -14328.463061970
67 126 -54122.930872531
68 126 62866.783871205
69 126 4842.695147932
70 126 52846.037677167
71 126 118863.197534670
72 126 -198702.094065486
73 126 -25237.869784915
74 126 -13784.989031851
75 126 5787.274912383
76 126 -32634.939956184
77 126 111599.666412491
78 126 -170217.410064711
79 126 -455319.261854119
80 126 114822.489117860
81 126 114018.144913997
82 126 -154305.421760915
83 126 867692.487677737
84 126 -680705.351954696
85 126 -658748.509559243
86 126 140524.212476518
87 126 119769.980407333
88 126 -115088.073580994
89 126 1319898.686566807
90 126 -714304.553353358
91 126 -380651.440912463
92 126 92491.300269771
93 126 52965.609406024
94 126 -136756.647849835
95 126 763429.965219672
96 126 -523431.707808709
97 126 -661363.941141896
98 126 122083.066342100
99 126 89299.604824073
100 126 -257675.038837640
101 126 1276958.989958261
102 126 -755079.547667700
103 126 -573697.232354259
104 126 123228.712686405
105 126 75811.144394914
106 126 -386368.475469190
107 126 1237589.474086401
108 126 -810019.485683254
109 126 -335878.086079100
110 126 12501.591510504
111 126 39151.197530263
112 126 -167397.842340197
113 126 747719.497043411
114 126 -647237.947000510
115 126 -696545.176011108
116 126 -935084.869493400
117 126 -18636.621208536
118 126 -2079544.817708079
119 126 1507016.849241739
120 126 -2638626.517329304
121 126 2710331.172816496
122 126 572985.963079197
123 126 101870.424849940
124 126 4823579.777981724
125 126 -9055712.070596864
126 126 17227740.175098814
127 126 -893207.137616624
128 126 -320605.299289307
129 126 56525.827557277
130 126 -1587066.204412384
131 126 1507516.859763269
132 126 -3525109.997489272
133 126 -281189.109958332
134 126 106676.753479889
135 126 60648.608243143
136 126 -192504.491033380
137 126 600031.762205214
138 126 -1102855.806624779
139 126 91721.342881227
140 126 -8143.208481674
141 126 -7999.186404919
142 126 -40243.693613772
143 126 -35166.529523142
144 126 -58946.923410478
145 126 91635.291466015
146 126 43060.189013286
147 126 -11161.962774095
148 126 -15618.925238839
149 126 -26071.562470624
150 126 -41746.327303298
1 127 -41988.250260017
2 127 22639.842409996
3 127 -15740.811253717
4 127 6587.577312117
5 127 17960.006849981
6 127 7059.745273955
7 127 -41333.403480495
8 127 17610.551587471
9 127 -15629.558940078
10 127 6154.513378216
11 127 18679.061143486
12 127 3279.802719712
13 127 -37042.117425503
14 127 15814.848195580
15 127 -11867.857952924
16 127 5754.097153273
17 127 17142.220828468
18 127 2585.284158138
19 127 -59236.362414635
20 127 25280.727196070
21 127 -17539.455993701
22 127 9905.719135169
23 127 26711.612631373
24 127 2646.080829702
25 127 -38814.110612964
26 127 12392.737663665
27 127 -10968.173708312
28 127 5445.244715627
29 127 17959.354001711
30 127 -337.181878271
31 127 -80142.163636395
32 127 30459.990195029
33 127 -12397.198775912
34 127 12462.648928904
35 127 36736.973965741
36 127 2473.328565428
37 127 -89452.697292774
38 127 30701.989170985
39 127 9514.418365695
40 127 13351.652241670
41 127 49047.418816760
42 127 752.667457828
43 127 -110565.328651813
44 127 33540.256289083
45 127 22724.460446711
46 127 15354.313646968
47 127 59503.262013693
48 127 3825.881773301
49 127 -259141.699429163
50 127 57972.232075911
51 127 111813.520750902
52 127 31070.801311359
53 127 125575.347457765
54 127 15563.425290491
55 127 -280199.152080821
56 127 78972.910326240
57 127 107423.110528124
58 127 41373.339208202
59 127 125766.560431032
60 127 30057.550111305
61 127 -391389.699568804
62 127 70731.200047338
63 127 149073.992226308
64 127 46185.983441817
65 127 163767.303021105
66 127 50875.337590956
67 127 -614531.937829802
68 127 148553.797558886
69 127 165947.264168924
70 127 111503.732072847
71 127 449314.845289695
72 127 -56486.240331432
73 127 -806001.453969554
74 127 165837.315369331
75 127 193064.442754238
76 127 137349.038949593
77 127 592861.665019488
78 127 -36193.523142196
79 127 -866205.306378955
80 127 216970.348131831
81 127 236954.616041816
82 127 179723.518064233
83 127 741812.767235902
84 127 -122781.377013535
85 127 -868265.196503520
86 127 316672.698902105
87 127 251151.632171284
88 127 204451.121288596
89 127 745683.629059494
90 127 -98121.028485428
91 127 -789488.067637887
92 127 215588.009632459
93 127 230460.446188136
94 127 195253.784430511
95 127 842040.967770944
96 127 -41404.128462382
97 127 -868251.383224083
98 127 216535.681438860
99 127 309075.777361858
100 127 218546.985291824
101 127 947207.133639775
102 127 -1709.677993429
103 127 -911534.082277828
104 127 201451.316675531
105 127 309084.006027849
106 127 208285.072271931
107 127 933043.758996388
108 127 29542.455756285
109 127 -933994.796380616
110 127 247828.062247004
111 127 223125.309946862
112 127 216881.808318024
113 127 972059.087999991
114 127 49952.540907783
115 127 -1442077.094283553
116 127 66488.556804558
117 127 -46203.499753235
118 127 1620.180951087
119 127 1778057.048361806
120 127 -161002.307454583
121 127 -2120229.268959120
122 127 262476.661001779
123 127 120485.673928039
124 127 55128.633805982
125 127 2974530.280029350
126 127 -893207.137616624
127 127 28888269.600243185
128 127 -1847657.456082021
129 127 -3070836.177681870
130 127 -839077.014620870
131 127 -22499253.024970412
132 127 1546653.993216360
133 127 -1789972.419072148
134 127 392235.319062021
135 127 163618.618979439
136 127 349755.175551504
137 127 2488014.001469376
138 127 -481946.216451838
139 127 -749907.037069929
140 127 450.613586183
141 127 77392.531259218
142 127 29235.637305847
143 127 605024.857528602
144 127 32765.417998722
145 127 -583237.042879940
146 127 -24611.533959809
147 127 185651.066066127
148 127 2870.155190695
149 127 321610.083551590
150 127 67689.572986099
1 128 16713.163847004
2 128 -51881.929685164
3 128 -1846.612981792
4 128 -18306.123911622
5 128 -5378.735414939
6 128 -10555.173985806
7 128 11562.338380205
8 128 -62882.868935858
9 128 3452.659445167
10 128 -22925.949297888
11 128 -4729.739294663
12 128 -10326.815702187
13 128 9954.816979219
14 128 -53805.663283854
15 128 2612.821194774
16 128 -20634.918906616
17 128 -4159.362611486
18 128 -7991.577513024
19 128 16275.350782055
20 128 -85310.969323992
21 128 8204.428002875
22 128 -33775.890552935
23 128 -7368.917833275
24 128 -11296.427426602
25 128 9370.300637046
26 128 -56031.861592447
27 128 8647.718450987
28 128 -23132.608914708
29 128 -4864.544788340
30 128 -6201.528735906
31 128 20553.972658343
32 128 -110034.675172866
33 128 5456.787272433
34 128 -46888.111858952
35 128 -8901.313694720
36 128 -9256.186745490
37 128 6332.196992001
38 128 -130924.836069290
39 128 3720.363625644
40 128 -59366.323403000
41 128 -1958.236088001
42 128 8307.974050842
43 128 2599.702423105
44 128 -152537.116904487
45 128 -2801.520349293
46 128 -67834.231472953
47 128 -245.110224887
48 128 14482.875189612
49 128 -44225.712236968
50 128 -380350.772121667
51 128 -21928.708802162
52 128 -142077.059998569
53 128 14402.817985668
54 128 65372.844627482
55 128 -72517.852040261
56 128 -395000.086663346
57 128 -46401.641309807
58 128 -144187.744600101
59 128 23114.788227502
60 128 53259.864698413
61 128 -159979.677363621
62 128 -470562.659940760
63 128 -75358.380071793
64 128 -169430.045014705
65 128 47981.834485406
66 128 78300.810053480
67 128 -233699.090599948
68 128 -847568.060784171
69 128 -21286.424915029
70 128 -582310.930985385
71 128 165948.400679433
72 128 116479.312245229
73 128 -290215.378204438
74 128 -1030693.745414604
75 128 -53215.177381603
76 128 -724871.073754814
77 128 196653.996642689
78 128 119777.938980906
79 128 -174985.260897566
80 128 -1203719.809470770
81 128 -85055.958240632
82 128 -844770.044061389
83 128 99684.950829363
84 128 280406.801456067
85 128 -39931.887909846
86 128 -1320267.646850303
87 128 -144042.015076313
88 128 -899541.357346957
89 128 22640.211918757
90 128 386235.752641233
91 128 -90777.907199384
92 128 -1257646.580888232
93 128 -146790.717996728
94 128 -1015090.785277200
95 128 62719.623907049
96 128 330420.939990086
97 128 -146349.973609187
98 128 -1554730.422821894
99 128 -206513.125840378
100 128 -1206627.083218836
101 128 63815.309268968
102 128 487228.458552050
103 128 -155827.171120650
104 128 -1451621.164485876
105 128 -221190.006122959
106 128 -1129605.677394337
107 128 57859.577007104
108 128 481849.902237537
109 128 -51474.357289625
110 128 -1416694.838344056
111 128 -202356.310845082
112 128 -1208994.421398707
113 128 30762.698187492
114 128 342684.140568788
115 128 74956.745388394
116 128 -2450558.887406235
117 128 -147244.152958680
118 128 -2541349.938898180
119 128 -44832.089108807
120 128 -667367.317055853
121 128 389247.513762309
122 128 -3444681.681481293
123 128 79682.791637939
124 128 -4003019.293147936
125 128 -255367.651402385
126 128 -320605.299289307
127 128 -1847657.456082020
128 128 40203171.668076687
129 128 3473063.734760103
130 128 27043478.374453049
131 128 814550.328363168
132 128 -1454263.150271346
133 128 189041.095187884
134 128 -2834578.767781432
135 128 -12634.025119613
136 128 -3238582.556560216
137 128 -93444.014717329
138 128 156004.860182677
139 128 -163207.494228826
140 128 -1119679.773701970
141 128 -105888.807867615
142 128 -814863.993905901
143 128 153319.894296477
144 128 -164315.891483133
145 128 -129231.652615320
146 128 -974197.239953665
147 128 -73061.853741971
148 128 -350756.865490887
149 128 53864.861131271
150 128 141476.543263817
1 129 -18584.085639383
2 129 -9549.608928926
3 129 -11831.766757657
4 129 -4308.499068454
5 129 8623.482611993
6 129 -373.125015677
7 129 -21958.015752939
8 129 -9473.240898393
9 129 -10810.075028068
10 129 -3783.382318026
11 129 9803.823536012
12 129 -1205.270878685
13 129 -18719.171954493
14 129 -8804.873474540
15 129 -8408.127585666
16 129 -3662.477128938
17 129 8437.824428432
18 129 -988.081741200
19 129 -32168.613221105
20 129 -18124.807292857
21 129 -11680.640882087
22 129 -7269.810496010
23 129 14231.798192327
24 129 -2682.362385516
25 129 -21098.924386517
26 129 -12692.615359487
27 129 -5720.578334951
28 129 -5064.132877728
29 129 9294.102144797
30 129 -2311.027756603
31 129 -38157.572779221
32 129 -24355.716138960
33 129 -9695.145346354
34 129 -10773.113267070
35 129 17219.764334420
36 129 -1868.483509498
37 129 -33283.794297437
38 129 -31529.113387915
39 129 -7486.814792905
40 129 -15438.462510518
41 129 13675.201000370
42 129 4296.953616525
43 129 -37110.522534055
44 129 -42070.570392819
45 129 -8148.084326152
46 129 -20256.275769282
47 129 14744.114803489
48 129 7446.511247903
49 129 -73591.087503608
50 129 -113629.162028773
51 129 -19641.860949044
52 129 -43980.899748571
53 129 23819.965700526
54 129 26242.794445573
55 129 -99353.486516634
56 129 -109614.320344473
57 129 -31426.623989518
58 129 -43010.883751014
59 129 31505.991412884
60 129 26233.457513275
61 129 -60182.182716267
62 129 -122051.358241930
63 129 -63431.087569211
64 129 -49389.230031072
65 129 13357.807638338
66 129 23311.963515359
67 129 -137238.827952826
68 129 -96485.379521379
69 129 -103765.812817171
70 129 -7066.555098965
71 129 117773.541782284
72 129 -23241.842777137
73 129 -151570.466064267
74 129 -117453.132424416
75 129 -136162.540040106
76 129 -6660.545664064
77 129 135748.728115217
78 129 -20205.282872566
79 129 -10363.215425804
80 129 -11595.860607259
81 129 -215890.586601824
82 129 98527.050025999
83 129 -15347.783819202
84 129 -35406.812688722
85 129 46350.827964641
86 129 36050.303565209
87 129 -248270.696431753
88 129 109879.603439207
89 129 -124314.061344224
90 129 -37661.133741735
91 129 114530.142996496
92 129 159040.254790390
93 129 -235429.848096148
94 129 213988.533905473
95 129 -128363.030733386
96 129 -55892.030289359
97 129 223144.358368294
98 129 202037.766326216
99 129 -287237.024904161
100 129 230657.956174478
101 129 -227330.343351611
102 129 -82357.564340466
103 129 259946.016548620
104 129 180890.358666190
105 129 -256062.455002103
106 129 213139.202443958
107 129 -313298.528964905
108 129 -99933.936783329
109 129 212723.812709931
110 129 140368.105770504
111 129 -245051.422801637
112 129 172960.081696325
113 129 -282591.188231676
114 129 -66692.968918768
115 129 -3592.633319704
116 129 129031.220888248
117 129 -484286.980562220
118 129 324327.775720948
119 129 317165.925491888
120 129 118046.853096257
121 129 223328.481081707
122 129 149019.473858909
123 129 -683885.536172471
124 129 536214.119209710
125 129 -7053.799599089
126 129 56525.827557277
127 129 -3070836.177681870
128 129 3473063.734760103
129 129 9563813.476634732
130 129 -1043294.191282275
131 129 1017382.339023997
132 129 24526.686257701
133 129 8189.022000533
134 129 -1116.432160700
135 129 -535397.815059870
136 129 285237.624256630
137 129 130450.559608541
138 129 -42407.747109667
139 129 -57493.698902216
140 129 -155888.970480883
141 129 -194251.042765984
142 129 -70943.760402353
143 129 246523.061528216
144 129 -53804.204029210
145 129 36507.163111314
146 129 -153499.049300549
147 129 -158733.561519724
148 129 -64318.151929445
149 129 -9925.427713587
150 129 11352.856489801
1 130 1960.774368516
2 130 -14797.673691479
3 130 -1988.162927759
4 130 -5432.132509809
5 130 -317.391373014
6 130 -2764.520881657
7 130 993.805514573
8 130 -17429.484409486
9 130 -101.039442696
10 130 -6590.481951643
11 130 -339.494973229
12 130 -2726.325050271
13 130 806.402314482
14 130 -15148.981104127
15 130 -133.378552957
16 130 -6021.778236724
17 130 -283.298018165
18 130 -2093.494379217
19 130 645.714011856
20 130 -23821.137494646
21 130 872.922991146
22 130 -9683.331556749
23 130 -327.091393365
24 130 -2968.116298478
25 130 422.931709433
26 130 -16150.454878019
27 130 1732.128649159
28 130 -6815.524126302
29 130 -362.644222673
30 130 -1737.195110382
31 130 1352.339487381
32 130 -32837.832901067
33 130 476.093000526
34 130 -14354.275364076
35 130 -504.941110490
36 130 -2341.411789397
37 130 -1945.681954322
38 130 -44910.053945997
39 130 254.377080409
40 130 -21380.808517884
41 130 1076.452255552
42 130 5156.508222891
43 130 -4461.976441205
44 130 -55604.527232529
45 130 -2022.006945810
46 130 -25890.431948838
47 130 2030.397826497
48 130 8111.136297547
49 130 -26641.320506619
50 130 -148796.241614392
51 130 -9501.299700361
52 130 -57032.848579701
53 130 8726.969216235
54 130 30526.342653306
55 130 -41768.929308255
56 130 -148308.821457261
57 130 -19088.708068182
58 130 -55867.873805759
59 130 13152.775627478
60 130 26776.060520155
61 130 -69489.561543921
62 130 -190667.133760923
63 130 -33932.750054769
64 130 -72792.408416806
65 130 21274.411278186
66 130 36658.907916513
67 130 -172656.288343958
68 130 -676804.177677185
69 130 80944.162296110
70 130 -740477.054045684
71 130 218526.729516284
72 130 128948.587381749
73 130 -215665.962433761
74 130 -852800.749768205
75 130 78788.509584175
76 130 -954191.265401782
77 130 260665.604706345
78 130 137877.184498174
79 130 -117214.159215467
80 130 -1119118.281962023
81 130 113087.922502215
82 130 -1320532.973780140
83 130 206949.236573310
84 130 355621.901577980
85 130 -78109.361382416
86 130 -1178080.757418834
87 130 51607.126461615
88 130 -1269174.894916490
89 130 150846.318220555
90 130 451237.957273405
91 130 -141963.537549164
92 130 -1329615.761668619
93 130 48.184096645
94 130 -1583516.134349682
95 130 208415.858492938
96 130 327034.322419554
97 130 -190553.302381455
98 130 -1550166.712512175
99 130 -56160.301988162
100 130 -1780717.706351336
101 130 225943.485656789
102 130 418090.875861553
103 130 -216568.039392822
104 130 -1444046.277464545
105 130 -66731.520227185
106 130 -1679715.110614023
107 130 246363.900835939
108 130 503268.728749487
109 130 -150529.805917591
110 130 -1415469.162960130
111 130 -93350.345714863
112 130 -1640752.914319506
113 130 199982.925682638
114 130 346308.972508377
115 130 85589.711418127
116 130 -2962549.157108656
117 130 65338.062874982
118 130 -4194143.997070938
119 130 -80958.007785946
120 130 -1749903.318115889
121 130 199837.488829704
122 130 -4222715.585359319
123 130 479256.456905609
124 130 -6561814.048813513
125 130 -148857.694376951
126 130 -1587066.204412384
127 130 -839077.014620870
128 130 27043478.374453053
129 130 -1043294.191282275
130 130 34422054.692526765
131 130 -116044.417818070
132 130 2508250.526980095
133 130 155424.453268152
134 130 -3115408.060067060
135 130 295137.883264121
136 130 -4947441.911831561
137 130 115336.230165994
138 130 181048.844474340
139 130 -125281.208992837
140 130 -598833.334844084
141 130 -25544.118345917
142 130 -875789.710509519
143 130 210282.087761117
144 130 -323140.108171760
145 130 -46381.216966100
146 130 -355373.025213840
147 130 -17471.786758171
148 130 -206437.680252871
149 130 49787.143238023
150 130 97403.470828645
1 131 14508.110546136
2 131 -4173.387274761
3 131 6268.752521591
4 131 -982.370860323
5 131 -6374.207353591
6 131 -1748.529373078
7 131 15473.614256325
8 131 -2922.340069022
9 131 6194.653999683
10 131 -1007.085818206
11 131 -7023.051972404
12 131 -593.254247155
13 131 13749.688763779
14 131 -2644.657033774
15 131 4690.668913210
16 131 -948.137844018
17 131 -6380.006096102
18 131 -436.493517125
19 131 21620.695231587
20 131 -3042.205498973
21 131 6633.071028732
22 131 -1254.825544821
23 131 -9762.720821939
24 131 -20.293920536
25 131 14584.582588381
26 131 -1022.961164432
27 131 3939.838434690
28 131 -598.788685299
29 131 -6694.679426298
30 131 600.449394051
31 131 29285.631512955
32 131 -4045.265030715
33 131 4935.625819149
34 131 -1630.691765259
35 131 -13460.399532157
36 131 -109.683665462
37 131 34544.925571479
38 131 -6378.599564242
39 131 -3921.500093187
40 131 -3015.888207426
41 131 -19285.756559434
42 131 369.262128945
43 131 42784.873380774
44 131 -6908.604727335
45 131 -9033.760471522
46 131 -3641.495083860
47 131 -23516.144410864
48 131 -923.111032864
49 131 100261.682764528
50 131 -15169.595865098
51 131 -43015.587220312
52 131 -9125.703503267
53 131 -49739.842925353
54 131 -4441.110283809
55 131 109392.490600598
56 131 -18875.683881966
57 131 -40494.969131049
58 131 -11961.810646425
59 131 -50229.353073708
60 131 -10084.562696829
61 131 156465.894412306
62 131 -28269.045165736
63 131 -60904.935305687
64 131 -18587.881431910
65 131 -69182.141701978
66 131 -17103.593073934
67 131 587296.657161557
68 131 -145028.069430387
69 131 -99885.124410592
70 131 -137431.881644163
71 131 -696936.106540415
72 131 225584.771259170
73 131 773711.039573198
74 131 -171602.714678346
75 131 -116350.901488817
76 131 -174267.106828616
77 131 -921599.430361746
78 131 233806.505865677
79 131 989489.306499580
80 131 -244593.291821870
81 131 -232304.447886366
82 131 -237536.618459715
83 131 -1354065.007610028
84 131 360815.035542358
85 131 953987.998228470
86 131 -231969.007878402
87 131 -303869.275055088
88 131 -207611.623754129
89 131 -1287627.634418081
90 131 235189.252720474
91 131 1120920.620330945
92 131 -210474.640267101
93 131 -250355.854864819
94 131 -297343.825308077
95 131 -1662111.518736000
96 131 44358.664043127
97 131 1247106.504262471
98 131 -196174.449373622
99 131 -333792.131803625
100 131 -309263.039315643
101 131 -1820560.521514435
102 131 -48763.431701614
103 131 1205510.403208755
104 131 -136157.699523952
105 131 -382592.852657244
106 131 -231496.645243530
107 131 -1716780.194200509
108 131 -79782.807642800
109 131 1207746.992744213
110 131 -152732.427339555
111 131 -280935.879220028
112 131 -182810.432512685
113 131 -1652476.781307320
114 131 -131413.454157258
115 131 2099371.274984110
116 131 -93147.410007741
117 131 517970.657985859
118 131 -30495.681764976
119 131 -3920360.354206447
120 131 145588.036664240
121 131 3148284.061819741
122 131 975.263856994
123 131 195596.957947120
124 131 271797.094434288
125 131 -6197078.307352249
126 131 1507516.859763269
127 131 -22499253.024970412
128 131 814550.328363168
129 131 1017382.339023996
130 131 -116044.417818071
131 131 34758363.834375918
132 131 -6302091.450982454
133 131 2358444.477662585
134 131 -411428.738363039
135 131 -123884.160400407
136 131 -348112.962633343
137 131 -4725511.400825866
138 131 1001545.689232663
139 131 524868.010590210
140 131 12202.533533530
141 131 58213.331447787
142 131 -16025.991085901
143 131 -915308.544984686
144 131 145780.295002416
145 131 273261.825413125
146 131 -4890.490909867
147 131 -107867.039111955
148 131 7494.172240119
149 131 -249449.857232843
150 131 12425.192955551
1 132 8311.622059706
2 132 -12088.132267042
3 132 1642.579362775
4 132 -3996.201735400
5 132 -3196.839638075
6 132 -2841.077382040
7 132 6047.833055492
8 132 -13344.028770193
9 132 2095.185949534
10 132 -4647.293831614
11 132 -2623.774110617
12 132 -2357.391197896
13 132 5437.550387042
14 132 -11264.331303898
15 132 1636.288853077
16 132 -4089.208093919
17 132 -2414.354034510
18 132 -1866.941268987
19 132 9492.845110645
20 132 -18670.953790627
21 132 3403.841037274
22 132 -7159.583063023
23 132 -4284.063860674
24 132 -2653.628168496
25 132 5626.906023908
26 132 -11481.017911027
27 132 2671.251639602
28 132 -4628.686230434
29 132 -2724.586011308
30 132 -1247.774330507
31 132 12372.715798733
32 132 -22223.839747486
33 132 2256.877202785
34 132 -9136.014091136
35 132 -5586.800788694
36 132 -2339.817894221
37 132 12059.777746801
38 132 -18237.721129965
39 132 -1405.269180300
40 132 -7391.190828614
41 132 -7026.699694535
42 132 -1956.434408935
43 132 16391.387692084
44 132 -18907.166822194
45 132 -4413.503923656
46 132 -7863.732579975
47 132 -9282.398592596
48 132 -2188.304290892
49 132 38611.905993656
50 132 -24483.311060984
51 132 -19304.741015319
52 132 -11355.301142920
53 132 -18820.027089872
54 132 -5775.489874237
55 132 44029.182369185
56 132 -35714.054624512
57 132 -22395.363981036
58 132 -15378.086045801
59 132 -19710.401629186
60 132 -8636.142196094
61 132 62786.615678416
62 132 -2443.895243513
63 132 -21870.764200123
64 132 -4245.732301592
65 132 -24109.504034643
66 132 -17087.423722237
67 132 -79752.221383923
68 132 -124081.923593118
69 132 42502.536443010
70 132 -242993.649972625
71 132 181780.453651199
72 132 -175305.406335966
73 132 -68869.239595519
74 132 -160308.135585223
75 132 34412.875164000
76 132 -278439.445390961
77 132 199133.389023320
78 132 -191733.631045385
79 132 -239216.898116877
80 132 152137.703028707
81 132 55700.299133830
82 132 31962.952708125
83 132 454201.012051620
84 132 -410985.646120067
85 132 -222570.691085450
86 132 355945.130392141
87 132 71074.053236053
88 132 252273.481951280
89 132 421670.224627124
90 132 -456127.267507719
91 132 -314663.223726105
92 132 301829.079654722
93 132 72103.264839045
94 132 149444.020022901
95 132 591107.752980178
96 132 -453142.370742523
97 132 -290630.304813890
98 132 500097.370418131
99 132 105194.181202833
100 132 291897.948362746
101 132 610806.132141088
102 132 -512032.888009204
103 132 -246177.064417933
104 132 582117.012388742
105 132 125993.147031969
106 132 511011.167836840
107 132 529947.217544642
108 132 -413605.791042230
109 132 -171006.781161204
110 132 446999.013037960
111 132 81488.948610771
112 132 431258.352471151
113 132 350778.737570811
114 132 -418397.210677269
115 132 -380109.933968032
116 132 -924019.695728407
117 132 -97288.190198582
118 132 -1757313.135968686
119 132 860551.717445346
120 132 -2129363.766744042
121 132 -993802.785773706
122 132 -347124.453624024
123 132 -45352.722670880
124 132 -1304056.109867151
125 132 1712318.746563499
126 132 -3525109.997489272
127 132 1546653.993216359
128 132 -1454263.150271347
129 132 24526.686257701
130 132 2508250.526980096
131 132 -6302091.450982452
132 132 15805305.797816828
133 132 -413605.080856908
134 132 1467.181837091
135 132 53219.226481216
136 132 -426507.176622259
137 132 855003.591173567
138 132 -2051438.628128337
139 132 42857.389405274
140 132 -188562.578659440
141 132 17051.831735717
142 132 -564329.730810652
143 132 94141.540622920
144 132 -305971.683744676
145 132 93304.170446643
146 132 55296.638848448
147 132 -11430.458510957
148 132 1570.217513369
149 132 -28563.553953106
150 132 -39729.391464098
1 133 -59202.181188566
2 133 21791.791003301
3 133 -25790.373943184
4 133 6321.945926813
5 133 25728.168752748
6 133 6778.600528630
7 133 -42719.716915204
8 133 15165.652333755
9 133 -16145.941676811
10 133 5263.684658785
11 133 19488.240166774
12 133 2990.340500930
13 133 -44385.691191017
14 133 11202.473355720
15 133 -14614.884007425
16 133 4444.184831005
17 133 20816.542964805
18 133 1124.897948964
19 133 -71221.466914602
20 133 29483.747408123
21 133 -20589.768819659
22 133 11223.479420581
23 133 32469.207518847
24 133 3857.551319082
25 133 -63625.287613664
26 133 17495.466746304
27 133 -4271.272697773
28 133 5713.375715372
29 133 33797.957442726
30 133 -3281.333285673
31 133 -91641.369317318
32 133 29850.141143143
33 133 -4172.908650088
34 133 10608.491848595
35 133 44720.126047834
36 133 2840.679165190
37 133 -93795.761633620
38 133 30296.828876489
39 133 5994.741390680
40 133 12000.282975838
41 133 45211.180710809
42 133 2085.740771893
43 133 -130478.666721818
44 133 37698.123203872
45 133 29497.478237881
46 133 13717.542990809
47 133 70230.834841424
48 133 1891.621491162
49 133 -267917.039594061
50 133 38087.615665424
51 133 130576.768338893
52 133 18986.716487864
53 133 144561.849259235
54 133 8196.971057691
55 133 -258260.236362065
56 133 65808.048422529
57 133 99871.388044803
58 133 30749.152378046
59 133 125400.019991770
60 133 17348.995739956
61 133 -378294.335490582
62 133 50822.168560483
63 133 124906.538303495
64 133 35037.786147481
65 133 152521.593721415
66 133 49279.257539349
67 133 -553852.796042777
68 133 90428.408503480
69 133 168445.520363519
70 133 79607.513649801
71 133 420750.320556296
72 133 -65037.126232563
73 133 -840790.151025276
74 133 233803.065287220
75 133 284332.271582978
76 133 175342.204497705
77 133 609917.447176058
78 133 -167498.108161310
79 133 -1057260.762170227
80 133 308291.251439838
81 133 356262.183994730
82 133 227818.505382510
83 133 843891.654235924
84 133 -199874.928889416
85 133 -792972.596171074
86 133 185623.234574998
87 133 234106.823194929
88 133 140925.688126536
89 133 608842.786216035
90 133 -35607.547296022
91 133 -566146.650789384
92 133 85490.712399433
93 133 203527.427969539
94 133 86009.495551961
95 133 468994.556153196
96 133 7684.383109492
97 133 -574438.269860402
98 133 69514.839449092
99 133 177660.913543728
100 133 77541.416429921
101 133 455718.920027826
102 133 50398.446496392
103 133 -629448.185694527
104 133 48619.025423952
105 133 194101.868865617
106 133 71573.741958232
107 133 448849.699922372
108 133 81745.713672746
109 133 -610713.543582114
110 133 112305.199247884
111 133 113548.856768692
112 133 89581.979385137
113 133 493720.704443416
114 133 83828.839620380
115 133 -890916.304779122
116 133 40987.192966201
117 133 94785.499938354
118 133 58543.755282863
119 133 695962.361871722
120 133 29860.869267585
121 133 -1311214.084403855
122 133 75447.229630435
123 133 62334.459396586
124 133 12819.018554060
125 133 1636083.707330605
126 133 -281189.109958332
127 133 -1789972.419072148
128 133 189041.095187884
129 133 8189.022000533
130 133 155424.453268152
131 133 2358444.477662585
132 133 -413605.080856908
133 133 26351804.420591187
134 133 -1478640.184536863
135 133 -3017183.692822429
136 133 -785421.206435538
137 133 -17436536.638573159
138 133 -256958.940327579
139 133 -763329.777270339
140 133 19096.521465415
141 133 48623.498974334
142 133 17456.054338099
143 133 573634.490572734
144 133 51222.228483182
145 133 -634796.358363528
146 133 45004.906107488
147 133 135824.487957242
148 133 16680.702910260
149 133 389752.166545460
150 133 72505.514314469
1 134 25710.369518676
2 134 -80715.775646896
3 134 4841.429743871
4 134 -27662.273852101
5 134 -9695.339631085
6 134 -16239.501536750
7 134 14157.892968836
8 134 -61665.311661800
9 134 4378.511093035
10 134 -22678.166511185
11 134 -5943.469975054
12 134 -10261.669026400
13 134 13018.602479026
14 134 -59314.572782408
15 134 6686.680422803
16 134 -23625.138047321
17 134 -6190.129621640
18 134 -8623.676245294
19 134 25441.521272523
20 134 -93110.767859752
21 134 7410.175532627
22 134 -37765.037562304
23 134 -10930.118176806
24 134 -12342.637247788
25 134 21195.324295969
26 134 -91028.874856851
27 134 14587.199107697
28 134 -38676.045534810
29 134 -8671.765274106
30 134 1233.177430946
31 134 30960.169135123
32 134 -123445.091268467
33 134 5698.388071089
34 134 -52424.232071035
35 134 -11949.921704653
36 134 -2626.313492749
37 134 17306.560632771
38 134 -130602.569287217
39 134 2387.182639346
40 134 -54750.291452010
41 134 -6272.844318646
42 134 3659.848247097
43 134 21642.107091959
44 134 -181680.660071945
45 134 138.624348374
46 134 -80068.332450016
47 134 -6390.456609517
48 134 19625.867748972
49 134 -22642.799884176
50 134 -409593.452011038
51 134 -5419.393079797
52 134 -162267.187518882
53 134 10493.961532603
54 134 85340.548219914
55 134 -38234.698940304
56 134 -375571.791935171
57 134 -30861.357217583
58 134 -145597.598422428
59 134 14950.625434171
60 134 57221.632857532
61 134 -136889.516689068
62 134 -468875.953246218
63 134 -70536.762658438
64 134 -161360.127130455
65 134 39535.827220795
66 134 62450.634657291
67 134 -142087.047431160
68 134 -722383.555601614
69 134 -21462.751051118
70 134 -467497.407797821
71 134 57465.517389237
72 134 179241.508125443
73 134 -67242.093781136
74 134 -1125809.307554985
75 134 -73456.967998696
76 134 -681757.926073067
77 134 -46843.960134526
78 134 454973.570212422
79 134 435.657531457
80 134 -1549523.872792486
81 134 -127803.383348231
82 134 -1001074.386446893
83 134 -98178.557829566
84 134 631955.334510505
85 134 -45351.805298309
86 134 -1191708.197235319
87 134 -148680.384739193
88 134 -778295.091843559
89 134 -26730.185920568
90 134 386426.987320783
91 134 -66498.319529762
92 134 -888459.864502019
93 134 -131807.104227562
94 134 -595761.263631724
95 134 -9827.901495702
96 134 323294.952790100
97 134 -89621.707319195
98 134 -827292.473955370
99 134 -153435.357722169
100 134 -569066.938439680
101 134 11330.059485620
102 134 266381.044956024
103 134 -153538.419274885
104 134 -1005963.979938807
105 134 -201066.132452466
106 134 -605352.049170397
107 134 32864.915530043
108 134 292989.966234196
109 134 -44565.967204198
110 134 -878962.409983052
111 134 -162302.472924473
112 134 -648283.349657375
113 134 27134.207493606
114 134 184803.980036305
115 134 67612.287784074
116 134 -1231597.134730261
117 134 -132036.161365085
118 134 -874340.115633128
119 134 -68567.635574641
120 134 175352.218193232
121 134 250391.439086283
122 134 -1879672.801276657
123 134 -9550.552082114
124 134 -1969459.956085368
125 134 -218082.408927826
126 134 106676.753479889
127 134 392235.319062021
128 134 -2834578.767781432
129 134 -1116.432160700
130 134 -3115408.060067060
131 134 -411428.738363039
132 134 1467.181837091
133 134 -1478640.184536863
134 134 35260191.154630020
135 134 4264662.595890912
136 134 20262704.564334914
137 134 788189.611530360
138 134 -4313397.222244715
139 134 -64432.594078887
140 134 -1182333.571616061
141 134 -107312.272905274
142 134 -740423.292366842
143 134 70133.290505374
144 134 -145441.596842747
145 134 -7872.135041664
146 134 -1039035.913140418
147 134 -73493.860989034
148 134 -432999.239618031
149 134 19400.330216632
150 134 123340.268030614
1 135 -27448.418963265
2 135 -15575.488565218
3 135 -17162.762579030
4 135 -6234.187852937
5 135 12540.842182805
6 135 -1708.487575792
7 135 -21019.084685112
8 135 -10656.783728127
9 135 -10406.083473244
10 135 -4265.956461147
11 135 9489.352579356
12 135 -1364.404697753
13 135 -20960.872612524
14 135 -10869.451796702
15 135 -8598.145122484
16 135 -4404.393155916
17 135 9524.998875230
18 135 -1697.440769836
19 135 -34266.567915705
20 135 -22137.568999724
21 135 -12344.455879392
22 135 -9302.161760997
23 135 15598.260513796
24 135 -2709.025614503
25 135 -22630.204473355
26 135 -23418.183624171
27 135 -8783.450233589
28 135 -9379.439227305
29 135 9459.079671983
30 135 239.712905105
31 135 -33471.663745050
32 135 -30411.406360127
33 135 -11247.109596613
34 135 -13208.144685121
35 135 14854.906569255
36 135 377.649752629
37 135 -33629.041067982
38 135 -30944.312319375
39 135 -7869.321231329
40 135 -13148.689947916
41 135 14478.941841935
42 135 1868.669968896
43 135 -33840.017811434
44 135 -46911.666594370
45 135 -10843.726883561
46 135 -21761.108429261
47 135 12896.297489374
48 135 8253.042591925
49 135 -45742.753215891
50 135 -113536.938075542
51 135 -19829.161771032
52 135 -46229.227931102
53 135 12315.907646063
54 135 28013.857915545
55 135 -71175.269038457
56 135 -95048.414696451
57 135 -23944.700521508
58 135 -39118.313522953
59 135 22160.829089798
60 135 21731.621544909
61 135 -57117.053314320
62 135 -116187.932110521
63 135 -63061.571251299
64 135 -46128.028416886
65 135 13342.452631332
66 135 19694.108904367
67 135 -53439.384216300
68 135 -84892.548725001
69 135 -84548.551619243
70 135 -572.086518235
71 135 30985.770073686
72 135 -7273.299853677
73 135 20342.963868554
74 135 -100682.908721898
75 135 -188882.972036331
76 135 22184.565033173
77 135 -108470.373115211
78 135 604.378202459
79 135 160442.068676980
80 135 -7304.949079907
81 135 -309313.968817259
82 135 117035.601656147
83 135 -269082.407339265
84 135 -29223.442334154
85 135 119406.957653954
86 135 -5599.090399888
87 135 -237818.118309012
88 135 56425.357906487
89 135 -189468.820846828
90 135 -23884.430586487
91 135 197700.912312788
92 135 59167.155756819
93 135 -186564.037869281
94 135 80109.557555917
95 135 -253957.339584429
96 135 -54328.187994500
97 135 185349.114100237
98 135 42698.483371613
99 135 -155854.472124498
100 135 59323.226454435
101 135 -236127.756136890
102 135 -56917.612194548
103 135 211400.101542265
104 135 41611.934543768
105 135 -186859.801792747
106 135 42065.819446858
107 135 -236583.369608638
108 135 -63067.049173270
109 135 154883.983197324
110 135 28816.672744251
111 135 -170709.851636691
112 135 46134.499741881
113 135 -215927.726937463
114 135 -45236.586905613
115 135 206084.788881044
116 135 -38242.742170130
117 135 -250944.414174910
118 135 58627.627130706
119 135 -242942.331206884
120 135 -7321.028883430
121 135 255576.360044008
122 135 30113.893031232
123 135 -355877.807270620
124 135 285573.512787257
125 135 -339943.101424303
126 135 60648.608243143
127 135 163618.618979439
128 135 -12634.025119613
129 135 -535397.815059870
130 135 295137.883264121
131 135 -123884.160400407
132 135 53219.226481216
133 135 -3017183.692822429
134 135 4264662.595890912
135 135 8387567.961385729
136 135 321613.036282593
137 135 2929171.055151693
138 135 -2768.405094823
139 135 -42412.254488041
140 135 -163429.862447855
141 135 -207745.069655316
142 135 -60977.705370584
143 135 198137.689284571
144 135 -35684.365254969
145 135 4247.535828290
146 135 -165667.759046328
147 135 -171186.874124124
148 135 -73189.155838224
149 135 320.027374917
150 135 12576.599679131
1 136 4082.724386414
2 136 -23680.669278517
3 136 -443.573579734
4 136 -8375.865769672
5 136 -1342.386715867
6 136 -4511.164735441
7 136 1870.452230383
8 136 -17864.539796773
9 136 197.552620661
10 136 -6797.009966451
11 136 -735.252001080
12 136 -2831.055751138
13 136 1912.684760424
14 136 -18013.537201631
15 136 1203.267311111
16 136 -7356.852584503
17 136 -961.443803372
18 136 -2497.296152622
19 136 2466.732511336
20 136 -27495.734629506
21 136 535.979542336
22 136 -11388.881649902
23 136 -998.572363179
24 136 -3430.769862361
25 136 3680.902856802
26 136 -28699.891611875
27 136 3325.308809434
28 136 -12364.750254853
29 136 -1359.167933017
30 136 1169.619684095
31 136 4458.973654446
32 136 -39099.582209009
33 136 510.732275727
34 136 -16863.028953433
35 136 -1447.236962859
36 136 73.093000240
37 136 900.916061606
38 136 -43163.716121925
39 136 -30.880567212
40 136 -18207.608542264
41 136 6.332231521
42 136 1996.834481581
43 136 1944.814859183
44 136 -67798.728830144
45 136 -487.678928922
46 136 -31431.456904411
47 136 -40.117513764
48 136 10990.105345170
49 136 -15737.023549729
50 136 -178628.924334077
51 136 -3152.017181073
52 136 -73060.056444945
53 136 6361.854864629
54 136 43693.548909422
55 136 -27377.089019283
56 136 -156450.526567400
57 136 -12813.402069750
58 136 -62756.263218365
59 136 9916.716683235
60 136 31282.200785583
61 136 -58387.067804737
62 136 -180199.254449278
63 136 -32102.999456165
64 136 -66971.648433840
65 136 17236.741206016
66 136 27954.283865931
67 136 -52243.334214024
68 136 -638987.888204459
69 136 79861.916862370
70 136 -725334.032633649
71 136 65489.174352620
72 136 241809.846144461
73 136 76566.193712374
74 136 -945813.835870361
75 136 55605.831113044
76 136 -846183.656863602
77 136 -56945.952248316
78 136 591305.674420991
79 136 43525.080635023
80 136 -1330467.339921464
81 136 91092.002360403
82 136 -1313118.477531362
83 136 14885.002249808
84 136 683490.300772013
85 136 -46788.048724776
86 136 -963191.548348528
87 136 -8562.237734393
88 136 -891199.988542541
89 136 65920.335547364
90 136 376819.789722971
91 136 -90998.769597589
92 136 -714323.966135049
93 136 -16692.125384753
94 136 -672617.508257637
95 136 102442.544782612
96 136 333748.773115359
97 136 -109393.400094287
98 136 -669043.941425534
99 136 -53260.463652984
100 136 -654625.452588199
101 136 110441.329446405
102 136 298243.007634865
103 136 -134809.979630268
104 136 -679819.366796650
105 136 -81919.326789436
106 136 -600184.295894705
107 136 120364.607103199
108 136 280908.885181858
109 136 -99876.026750547
110 136 -700211.137165505
111 136 -77028.274304332
112 136 -692100.836214893
113 136 128085.716291780
114 136 211134.031011157
115 136 16218.954128742
116 136 -899556.788559220
117 136 -21468.125215037
118 136 -923944.733279403
119 136 73464.722427065
120 136 133790.962613753
121 136 130037.518685470
122 136 -2104722.821479779
123 136 205431.328568475
124 136 -3203614.337335907
125 136 -34281.109515572
126 136 -192504.491033380
127 136 349755.175551504
128 136 -3238582.556560216
129 136 285237.624256630
130 136 -4947441.911831561
131 136 -348112.962633343
132 136 -426507.176622259
133 136 -785421.206435538
134 136 20262704.564334914
135 136 321613.036282593
136 136 21982436.621529616
137 136 -723875.512418317
138 136 -3642038.202248175
139 136 -68351.204972173
140 136 -599924.340419930
141 136 -20655.789061240
142 136 -839019.309203401
143 136 106191.340810115
144 136 -301062.290330893
145 136 -10918.645900388
146 136 -436131.383160391
147 136 -15042.336799634
148 136 -317823.628806331
149 136 36792.160655808
150 136 141581.759684081
1 137 21590.307486475
2 137 -2869.216857677
3 137 10341.455867974
4 137 -569.687989237
5 137 -9550.253268992
6 137 -1440.308301310
7 137 16142.569416087
8 137 -2198.417291101
9 137 6443.897092445
10 137 -726.415823947
11 137 -7392.720188527
12 137 -515.973122947
13 137 17006.853756841
14 137 -1242.482109225
15 137 5782.184789491
16 137 -544.412606652
17 137 -7963.780798753
18 137 76.854669597
19 137 25694.405430554
20 137 -3583.297581595
21 137 7718.972891686
22 137 -1289.623475833
23 137 -11784.576478189
24 137 -351.805802504
25 137 23873.609955567
26 137 -2170.316799186
27 137 1587.457446151
28 137 -426.156999095
29 137 -12549.293561054
30 137 2025.450819982
31 137 33243.097486970
32 137 -3751.594511053
33 137 2003.257800054
34 137 -929.296533129
35 137 -16299.907929688
36 137 -49.197233341
37 137 34915.756112393
38 137 -5202.455798949
39 137 -1768.036183389
40 137 -1886.252614520
41 137 -16810.699487877
42 137 -174.227640380
43 137 51494.280982655
44 137 -7477.947976622
45 137 -12227.497891348
46 137 -2482.934797972
47 137 -28902.163879880
48 137 565.477511416
49 137 114667.389334692
50 137 -11660.279959031
51 137 -58021.740197694
52 137 -6335.026469963
53 137 -64271.542369233
54 137 -1260.192779201
55 137 110489.211096981
56 137 -17019.726936472
57 137 -44081.422421101
58 137 -9504.354506720
59 137 -55663.576897140
60 137 -5938.486857690
61 137 149980.052060634
62 137 -19849.211296707
63 137 -49698.396216358
64 137 -13852.354401003
65 137 -63631.508357984
66 137 -16576.135213046
67 137 561980.031177072
68 137 -130448.062099518
69 137 -141311.287446679
70 137 -118436.001670228
71 137 -691463.403476575
72 137 240559.436756738
73 137 732297.425561082
74 137 -248121.713831236
75 137 -315193.973991468
76 137 -144447.740143145
77 137 -825853.258944830
78 137 329419.943716484
79 137 1059877.105291223
80 137 -242354.884203578
81 137 -453210.636576912
82 137 -143711.094531154
83 137 -1335875.954936559
84 137 341082.676720075
85 137 773171.916989067
86 137 -116705.462710883
87 137 -289276.764098808
88 137 -81101.821596270
89 137 -916366.379554471
90 137 75986.117167443
91 137 603191.288291694
92 137 -5511.075515709
93 137 -277251.944864743
94 137 1257.120006845
95 137 -737656.512598214
96 137 -8609.258093815
97 137 602592.572896279
98 137 3566.855058466
99 137 -242947.881444415
100 137 -4721.516819360
101 137 -721337.625335094
102 137 -61908.388335830
103 137 588619.386029128
104 137 12691.071409147
105 137 -231654.370799259
106 137 -4736.069588357
107 137 -645765.769161058
108 137 -88138.179248953
109 137 645893.781921258
110 137 -30136.993214461
111 137 -167304.227333206
112 137 -22637.626630176
113 137 -760527.432857316
114 137 -106343.548898070
115 137 814912.388667870
116 137 -6569.375054144
117 137 -120628.634452223
118 137 61839.380886096
119 137 -1002612.734203233
120 137 16825.165682854
121 137 1824652.360061975
122 137 86774.225996779
123 137 -36820.171056998
124 137 341061.571751489
125 137 -3299159.529793525
126 137 600031.762205214
127 137 2488014.001469376
128 137 -93444.014717329
129 137 130450.559608541
130 137 115336.230165994
131 137 -4725511.400825866
132 137 855003.591173567
133 137 -17436536.638573166
134 137 788189.611530360
135 137 2929171.055151693
136 137 -723875.512418317
137 137 22932396.336176272
138 137 -3308553.926224762
139 137 520415.764689657
140 137 8233.182471012
141 137 73070.312453550
142 137 -15190.622320700
143 137 -882583.649691809
144 137 131856.666854936
145 137 334511.376547581
146 137 -22114.722003155
147 137 -108300.835188205
148 137 3525.629207567
149 137 -350451.186631203
150 137 25193.835715949
1 138 11325.591787657
2 138 -17955.066134086
3 138 3647.043200467
4 138 -5861.138835377
5 138 -4600.175501044
6 138 -4021.519846415
7 138 6777.575999535
8 138 -13013.255992499
9 138 2379.505847699
10 138 -4555.813096441
11 138 -2975.814155142
12 138 -2347.700497362
13 138 6292.968247682
14 138 -11738.889357479
15 138 2498.930038099
16 138 -4465.889271064
17 138 -2956.921146359
18 138 -1861.667958829
19 138 13217.687265047
20 138 -20470.854546713
21 138 3785.363205723
22 138 -8033.099590993
23 138 -5852.424732269
24 138 -2945.261339307
25 138 9404.390283665
26 138 -13548.010617423
27 138 2421.531236998
28 138 -5235.571434402
29 138 -4990.913070232
30 138 -2100.655018320
31 138 15373.710085982
32 138 -20521.316042132
33 138 1116.877740134
34 138 -8332.335941636
35 138 -7105.669100787
36 138 -2951.933486035
37 138 13384.498913010
38 138 -18807.434996339
39 138 -573.175453628
40 138 -7955.354283869
41 138 -6251.149785943
42 138 -2029.888153746
43 138 19968.903886608
44 138 -19603.260762337
45 138 -5108.056948390
46 138 -7500.175036000
47 138 -10645.277917363
48 138 -2932.865706990
49 138 38489.218869226
50 138 -12651.691410850
51 138 -20454.499194129
52 138 -5262.865349071
53 138 -21055.213362429
54 138 -6620.683537796
55 138 37699.769211105
56 138 -26969.153795866
57 138 -18581.469728025
58 138 -10495.664021030
59 138 -18413.011267431
60 138 -6961.852613562
61 138 61077.361414078
62 138 -6426.577062693
63 138 -19017.581974734
64 138 -5442.563379719
65 138 -22668.816781064
66 138 -14493.116488983
67 138 -57666.035701148
68 138 27453.082032375
69 138 30539.331675572
70 138 -41514.594234970
71 138 154858.996030150
72 138 -155002.408981345
73 138 -200545.110005881
74 138 429839.051976429
75 138 32259.310166119
76 138 368786.209439927
77 138 305079.950445481
78 138 -520646.010750655
79 138 -334482.208106204
80 138 739522.053472505
81 138 85380.038524144
82 138 607069.577819494
83 138 509666.148286221
84 138 -676411.105319061
85 138 -119740.089299487
86 138 439982.552898905
87 138 55178.120245364
88 138 351161.940250490
89 138 225607.629852486
90 138 -405407.807368399
91 138 -91890.076391618
92 138 451569.206112714
93 138 73584.884606596
94 138 426233.720870162
95 138 199293.798033585
96 138 -278927.320071165
97 138 -47837.047123242
98 138 389913.339465527
99 138 70115.253715492
100 138 405788.592864396
101 138 151319.788539025
102 138 -230605.870913908
103 138 4190.231206871
104 138 399513.573293258
105 138 73301.626193219
106 138 378231.798128838
107 138 101489.577183012
108 138 -225891.170559394
109 138 6716.995804880
110 138 297108.860457645
111 138 46079.299988395
112 138 349011.062216686
113 138 81639.320929693
114 138 -242135.643022172
115 138 -37653.897150069
116 138 311642.476778605
117 138 8545.186989766
118 138 370035.889664325
119 138 149814.953014442
120 138 -350455.915506224
121 138 -411635.215244262
122 138 312461.139572620
123 138 -56185.447170474
124 138 452184.042684651
125 138 849332.218976814
126 138 -1102855.806624779
127 138 -481946.216451838
128 138 156004.860182677
129 138 -42407.747109667
130 138 181048.844474340
131 138 1001545.689232663
132 138 -2051438.628128337
133 138 -256958.940327579
134 138 -4313397.222244719
135 138 -2768.405094823
136 138 -3642038.202248174
137 138 -3308553.926224763
138 138 10005913.754340025
139 138 76813.473224939
140 138 -173787.855768977
141 138 17119.317405276
142 138 -486034.285058511
143 138 49778.471400251
144 138 -270377.305151146
145 138 112463.982716502
146 138 18669.227360314
147 138 -12239.949566431
148 138 -1106.189540431
149 138 -42962.687393766
150 138 -53722.048587568
1 139 -76230.598851930
2 139 30271.653325847
3 139 -32707.100322204
4 139 6859.314489127
5 139 31257.734509874
6 139 8701.290618761
7 139 -92338.005628259
8 139 34734.950881125
9 139 -37580.131651663
10 139 9943.694242810
11 139 38696.891518371
12 139 8561.917689719
13 139 -84607.672714845
14 139 20181.334170302
15 139 -21807.841510107
16 139 8389.811431429
17 139 45241.482008562
18 139 6019.827443513
19 139 -96164.453522089
20 139 18034.603946779
21 139 -26711.472157507
22 139 7094.076759483
23 139 44396.327861997
24 139 -980.167439318
25 139 -125932.081445858
26 139 12728.556843943
27 139 -20210.836021662
28 139 5925.970136703
29 139 63968.016685417
30 139 -6960.030126382
31 139 -158808.314971965
32 139 17865.868526521
33 139 17940.444485319
34 139 1718.358023129
35 139 104073.694808741
36 139 -6290.219828435
37 139 -257352.904659918
38 139 44685.456043837
39 139 29953.606447283
40 139 15272.287481004
41 139 146681.684858298
42 139 5059.933337177
43 139 -248895.037241252
44 139 45400.736692254
45 139 27142.435393919
46 139 16491.696689581
47 139 124415.204896224
48 139 10937.477935791
49 139 -582655.240303914
50 139 39448.881458086
51 139 217041.806072148
52 139 24587.372451648
53 139 296231.657502770
54 139 37751.323429058
55 139 -640855.540439810
56 139 75111.108141366
57 139 208973.240512030
58 139 44055.449941210
59 139 301081.003667062
60 139 53043.942883761
61 139 -562565.388518801
62 139 57615.407094133
63 139 140670.120306081
64 139 38705.399475948
65 139 248329.143591380
66 139 67068.700194804
67 139 -622149.529486417
68 139 73081.741831229
69 139 120268.246015731
70 139 46445.343124763
71 139 279260.930216675
72 139 71061.799967001
73 139 -887466.788107391
74 139 42976.978905000
75 139 152543.835239942
76 139 54354.053834338
77 139 424632.354389417
78 139 105236.821943935
79 139 -818286.831907272
80 139 57417.943975270
81 139 105384.482103888
82 139 39831.348882832
83 139 318929.375005134
84 139 133198.427795869
85 139 -690716.737780739
86 139 55258.851072339
87 139 57909.576442562
88 139 32596.256293038
89 139 277199.091024939
90 139 124411.792448879
91 139 -469467.582901982
92 139 35327.933648544
93 139 27367.044376804
94 139 19011.651783851
95 139 190913.889101695
96 139 93644.137115196
97 139 -481231.968829398
98 139 82086.632028879
99 139 -2393.573858462
100 139 30201.149348060
101 139 223834.007322793
102 139 108257.896043136
103 139 -437930.737639497
104 139 13925.906825357
105 139 24913.712160899
106 139 13422.156975124
107 139 171107.746604847
108 139 92478.197216265
109 139 -438087.861899511
110 139 49439.394109431
111 139 -2194.374797317
112 139 12668.911883810
113 139 146221.324349304
114 139 92325.804244143
115 139 -543378.522091018
116 139 -78202.595049665
117 139 19754.122548953
118 139 -22660.275017790
119 139 195009.932378622
120 139 96440.564624944
121 139 -528176.825063948
122 139 -77435.065046872
123 139 9099.029652616
124 139 -27421.311440514
125 139 212178.245796256
126 139 91721.342881227
127 139 -749907.037069929
128 139 -163207.494228826
129 139 -57493.698902216
130 139 -125281.208992837
131 139 524868.010590210
132 139 42857.389405274
133 139 -763329.777270339
134 139 -64432.594078887
135 139 -42412.254488041
136 139 -68351.204972173
137 139 520415.764689657
138 139 76813.473224939
139 139 31916107.090064049
140 139 -973.656880397
141 139 -893672.308403742
142 139 123582.111624289
143 139 -14317789.920146242
144 139 -4988977.547015166
145 139 -1402506.602747158
146 139 -110990.647971389
147 139 124261.605274129
148 139 -75677.203164068
149 139 1124407.141385242
150 139 418376.803896692
1 140 42022.808991390
2 140 -110737.586175635
3 140 4506.835722319
4 140 -34810.538169098
5 140 -13808.727307356
6 140 -22090.673254904
7 140 40308.264097888
8 140 -144230.486571910
9 140 7726.894370543
10 140 -47879.226888505
11 140 -14559.644403649
12 140 -25986.960906962
13 140 24491.950394924
14 140 -107825.337987736
15 140 7961.425295535
16 140 -42071.759062068
17 140 -9180.553787776
18 140 -14819.672611614
19 140 31284.136702072
20 140 -124965.244706899
21 140 17881.202284846
22 140 -50524.220492113
23 140 -14695.663527383
24 140 -15257.349163477
25 140 36872.077839958
26 140 -155653.271327827
27 140 30430.418457718
28 140 -68700.479662818
29 140 -17724.172409632
30 140 -10543.231470894
31 140 44331.410820823
32 140 -186670.238871007
33 140 15766.259585481
34 140 -103223.774560147
35 140 -19449.893028011
36 140 20878.826489778
37 140 42395.916667214
38 140 -335054.276760463
39 140 10554.907252751
40 140 -161337.952883069
41 140 -15881.895075049
42 140 27006.995738063
43 140 37663.940281199
44 140 -317195.981599317
45 140 -2935.071878978
46 140 -139803.916923907
47 140 -13031.261510332
48 140 15458.541956832
49 140 -33455.360931194
50 140 -805675.403736862
51 140 -31662.331931286
52 140 -328223.535393849
53 140 12688.040381132
54 140 135725.639158544
55 140 -93259.314779967
56 140 -809434.563800958
57 140 -67843.861489170
58 140 -327981.410557504
59 140 33482.307325025
60 140 110508.368090196
61 140 -169200.551117529
62 140 -716921.616696086
63 140 -95545.785192073
64 140 -278315.189340591
65 140 57748.559474183
66 140 84763.683693763
67 140 -170930.073148420
68 140 -804400.346864989
69 140 -105874.377321752
70 140 -319580.537344160
71 140 59797.495701584
72 140 65494.823824767
73 140 -270175.785553519
74 140 -1082217.204574083
75 140 -156302.042873926
76 140 -456849.472667514
77 140 85709.083052208
78 140 86767.272051008
79 140 -205218.506553722
80 140 -1221212.420094333
81 140 -228043.037215553
82 140 -403993.944911098
83 140 56858.263135933
84 140 66179.531996441
85 140 -130775.638439810
86 140 -933613.925879244
87 140 -213066.822353614
88 140 -335312.897369510
89 140 40365.829856938
90 140 24298.831981179
91 140 -87726.245758617
92 140 -785142.549061868
93 140 -187183.408265627
94 140 -272325.403179913
95 140 27140.990156223
96 140 16288.569593299
97 140 -44402.204827546
98 140 -781355.930678061
99 140 -199112.685515958
100 140 -306441.983214290
101 140 27260.151823986
102 140 -21217.007634330
103 140 -105044.794939143
104 140 -738871.909067643
105 140 -189699.920326069
106 140 -246811.951389846
107 140 28170.653878533
108 140 18424.693482759
109 140 -25509.839262750
110 140 -704341.851145383
111 140 -175214.414608057
112 140 -203178.546529612
113 140 12553.399299229
114 140 -15031.887379562
115 140 -4463.534641204
116 140 -852130.298205353
117 140 -159669.044945294
118 140 -261964.336521453
119 140 -3264.811706325
120 140 23259.994399216
121 140 36870.577070588
122 140 -848994.417692033
123 140 -126619.576165483
124 140 -277849.682965823
125 140 -15765.290672057
126 140 -8143.208481674
127 140 450.613586183
128 140 -1119679.773701970
129 140 -155888.970480883
130 140 -598833.334844084
131 140 12202.533533530
132 140 -188562.578659440
133 140 19096.521465415
134 140 -1182333.571616061
135 140 -163429.862447855
136 140 -599924.340419930
137 140 8233.182471012
138 140 -173787.855768977
139 140 -973.656880397
140 140 43093441.350811854
141 140 7423897.029493418
142 140 15761773.592163077
143 140 -43418.532035821
144 140 229021.526997467
145 140 -68524.129161098
146 140 -2170376.609394792
147 140 -228359.801305248
148 140 -877036.012988116
149 140 -23713.283783043
150 140 49632.153301748
1 141 -33762.768400672
2 141 -18165.808985726
3 141 -23535.510495248
4 141 -7197.947300932
5 141 14674.303242990
6 141 -1379.174470793
7 141 -47494.564121125
8 141 -21744.539004524
9 141 -27672.915516771
10 141 -8366.073173000
11 141 20374.597182925
12 141 -2193.361393334
13 141 -32221.799233554
14 141 -18816.394618789
15 141 -17355.239206562
16 141 -9032.704127334
17 141 13378.901564268
18 141 -2085.943715936
19 141 -43805.331951621
20 141 -27482.816758561
21 141 -15332.270632210
22 141 -11028.541387937
23 141 19296.179955558
24 141 -4506.794529311
25 141 -48854.401410596
26 141 -35762.702626841
27 141 -14653.458959241
28 141 -16210.744165414
29 141 20235.250628144
30 141 -4854.651095543
31 141 -26480.776062265
32 141 -48639.695020759
33 141 -13998.895064516
34 141 -28784.360281456
35 141 5133.901372642
36 141 9585.764638795
37 141 -66128.413324723
38 141 -81757.337220308
39 141 -24686.481551939
40 141 -42727.819090965
41 141 21971.423996603
42 141 12984.329194877
43 141 -75219.741496908
44 141 -77128.343788889
45 141 -22424.955550726
46 141 -36595.445350125
47 141 27609.781012553
48 141 9184.762443117
49 141 -112968.725667401
50 141 -210762.004151759
51 141 -64258.683693337
52 141 -88934.306968693
53 141 28027.398633785
54 141 46266.716588925
55 141 -150303.559695114
56 141 -192008.279803042
57 141 -72229.069599192
58 141 -79880.782221234
59 141 45262.109979688
60 141 38811.600631536
61 141 -68109.723451755
62 141 -132999.446935421
63 141 -103775.418568892
64 141 -59253.712499713
65 141 11459.119261385
66 141 20186.336540377
67 141 -75203.199627645
68 141 -128629.403362763
69 141 -115260.787070688
70 141 -55575.968094865
71 141 22864.867338313
72 141 15342.571806342
73 141 -66598.778399123
74 141 -175247.836883715
75 141 -158397.476533081
76 141 -72163.388873532
77 141 26074.491419330
78 141 16334.796010949
79 141 -24739.703510791
80 141 -124727.678957722
81 141 -210739.376014166
82 141 -61524.684488122
83 141 8714.026550117
84 141 8135.194650969
85 141 -19871.393219579
86 141 -83812.168254827
87 141 -167656.081732222
88 141 -42614.700144395
89 141 11492.757058428
90 141 5594.847310267
91 141 7151.329737848
92 141 -10389.704813966
93 141 -136398.549668296
94 141 -18640.224120118
95 141 728.463068470
96 141 48.335109899
97 141 -18097.014660779
98 141 2925.776765774
99 141 -132114.268873288
100 141 -14337.797958818
101 141 13246.471191113
102 141 4357.121323773
103 141 30089.447345930
104 141 3741.435790356
105 141 -128575.306335805
106 141 -14816.390872020
107 141 -6593.198193767
108 141 -2744.318092031
109 141 12115.566977257
110 141 -29738.985781414
111 141 -127255.941124858
112 141 -25796.534246424
113 141 -4503.970157572
114 141 -2835.870513934
115 141 103431.643764226
116 141 -91686.117558686
117 141 -152032.511533983
118 141 -43550.432955576
119 141 -41472.412747908
120 141 -10971.275776871
121 141 95399.348780110
122 141 -111307.573475939
123 141 -151996.093326698
124 141 -50682.550400970
125 141 -26591.684035564
126 141 -7999.186404919
127 141 77392.531259218
128 141 -105888.807867615
129 141 -194251.042765984
130 141 -25544.118345917
131 141 58213.331447787
132 141 17051.831735717
133 141 48623.498974334
134 141 -107312.272905274
135 141 -207745.069655316
136 141 -20655.789061240
137 141 73070.312453550
138 141 17119.317405276
139 141 -893672.308403742
140 141 7423897.029493418
141 141 10429743.228458239
142 141 3425066.495651254
143 141 -308000.042043478
144 141 -80163.579588468
145 141 -25552.261152452
146 141 -339038.999799023
147 141 -370101.875961437
148 141 -196846.605567727
149 141 256656.883582980
150 141 94931.826368281
1 142 7710.570130553
2 142 -31601.917121851
3 142 -993.983496484
4 142 -10422.780122094
5 142 -2313.137157995
6 142 -5891.609392961
7 142 6498.750697844
8 142 -41012.837144902
9 142 -291.609682831
10 142 -14083.725672364
11 142 -2141.568079594
12 142 -6991.015611619
13 142 4259.737458588
14 142 -33063.092146529
15 142 734.857362166
16 142 -14020.226242734
17 142 -1528.693782625
18 142 -3938.354333822
19 142 5214.130657250
20 142 -39107.282840480
21 142 4068.744311480
22 142 -16379.732900965
23 142 -2643.072970954
24 142 -4421.651128095
25 142 7552.721749357
26 142 -50698.799479988
27 142 8192.887604077
28 142 -23894.748388721
29 142 -3989.144147997
30 142 -2169.449024717
31 142 13302.446315808
32 142 -73733.759632082
33 142 4323.374820745
34 142 -44321.333696950
35 142 -7210.591940947
36 142 13681.605799971
37 142 7364.595940429
38 142 -128933.983344805
39 142 827.426577839
40 142 -65799.429327238
41 142 -3431.930463743
42 142 17958.806791723
43 142 3164.815547250
44 142 -119027.815998122
45 142 -3322.683274178
46 142 -55088.890449300
47 142 -1019.854376270
48 142 11740.541038841
49 142 -28480.811973483
50 142 -355163.365181904
51 142 -17467.885761241
52 142 -150210.861414303
53 142 8032.721000803
54 142 74473.068989468
55 142 -59188.962255149
56 142 -357231.239620116
57 142 -30054.560869650
58 142 -150689.187671133
59 142 18957.240523972
60 142 61462.488372639
61 142 -79129.361637189
62 142 -312387.447820106
63 142 -47165.786084148
64 142 -130176.595096281
65 142 25386.054452024
66 142 46613.198391868
67 142 -82804.943920198
68 142 -364094.148453529
69 142 -47407.748131931
70 142 -181264.947581881
71 142 34011.407623150
72 142 31445.895435114
73 142 -113313.385287275
74 142 -555468.486094999
75 142 -63034.392941114
76 142 -360035.859730374
77 142 42721.252632635
78 142 34300.669059378
79 142 -76904.398793554
80 142 -444569.089477125
81 142 -99124.268226282
82 142 -186161.543000649
83 142 27058.110222840
84 142 13718.800612581
85 142 -52751.700684070
86 142 -384520.144742282
87 142 -93049.100253991
88 142 -206774.305954125
89 142 23164.039960305
90 142 -8618.474191677
91 142 -31118.996070696
92 142 -302096.503436314
93 142 -81410.440330080
94 142 -148574.607964660
95 142 15371.671739244
96 142 -10447.739456480
97 142 -24762.854114072
98 142 -360833.800434920
99 142 -102447.420293480
100 142 -223325.662414612
101 142 23330.124669528
102 142 -34842.661323020
103 142 -29746.437196198
104 142 -269739.635839294
105 142 -79630.018248514
106 142 -126383.966539198
107 142 12992.035518727
108 142 -10283.462521993
109 142 -7770.114227544
110 142 -210148.952899310
111 142 -65976.661734449
112 142 -69866.885813787
113 142 4657.458347600
114 142 -3173.176877033
115 142 11991.123782125
116 142 -265352.916397781
117 142 -65546.905828689
118 142 -94256.019662735
119 142 -5031.481176606
120 142 6485.355617240
121 142 31925.010675287
122 142 -302257.757556832
123 142 -59393.159087295
124 142 -138968.559936820
125 142 -14130.591958428
126 142 -40243.693613772
127 142 29235.637305847
128 142 -814863.993905901
129 142 -70943.760402353
130 142 -875789.710509519
131 142 -16025.991085901
132 142 -564329.730810652
133 142 17456.054338099
134 142 -740423.292366842
135 142 -60977.705370584
136 142 -839019.309203401
137 142 -15190.622320700
138 142 -486034.285058511
139 142 123582.111624289
140 142 15761773.592163080
141 142 3425066.495651254
142 142 9438955.348372540
143 142 -405386.580223945
144 142 1079701.308349857
145 142 -64976.815329208
146 142 -827868.825465975
147 142 -93500.181686578
148 142 -757511.077984166
149 142 246341.377333183
150 142 191854.165557325
1 143 28083.974635442
2 143 -3920.505074930
3 143 13652.508912322
4 143 -289.627538038
5 143 -11890.184893667
6 143 -1790.291796489
7 143 35425.709676358
8 143 -4693.018697891
9 143 15901.692891111
10 143 -1020.054101858
11 143 -15105.067134103
12 143 -1682.204397215
13 143 33508.052264226
14 143 -2732.898817968
15 143 9175.764041954
16 143 -1692.364094391
17 143 -18190.034533052
18 143 -1518.995769457
19 143 37857.537645395
20 143 173.611469386
21 143 10674.496333468
22 143 -79.969027062
23 143 -17472.857566857
24 143 1524.959841386
25 143 50406.208811796
26 143 2255.458384240
27 143 7782.789808427
28 143 225.168085203
29 143 -25692.321145877
30 143 3965.679293345
31 143 66407.420929011
32 143 -1940.729950434
33 143 -9446.436544123
34 143 975.500230332
35 143 -45907.611878846
36 143 5031.541285196
37 143 106344.491838873
38 143 -7475.621757986
39 143 -14659.396766917
40 143 -2473.728164620
41 143 -62938.959878516
42 143 573.475315363
43 143 100765.445794031
44 143 -5315.183165808
45 143 -12080.461501709
46 143 -1805.351685067
47 143 -52049.975022739
48 143 -2694.327728410
49 143 257758.257656045
50 143 -7192.868871130
51 143 -99376.745967147
52 143 -7812.202414698
53 143 -135913.787109834
54 143 -9515.995762336
55 143 287397.371641971
56 143 -18426.306602096
57 143 -92747.109123401
58 143 -15231.810501073
59 143 -140510.747031329
60 143 -16415.372792894
61 143 263176.455554616
62 143 -26454.760764675
63 143 -68951.577936857
64 143 -20093.015891446
65 143 -123147.870225194
66 143 -24440.216049097
67 143 317916.774810575
68 143 -37036.840162469
69 143 -53693.472210606
70 143 -27222.858288871
71 143 -174055.156680172
72 143 -21753.940664971
73 143 520667.253409144
74 143 -49790.783612235
75 143 -62186.701029602
76 143 -52741.864400654
77 143 -359989.049948646
78 143 -18570.023129677
79 143 378336.422414300
80 143 -32993.510208938
81 143 -33571.725437407
82 143 -22015.739282388
83 143 -176382.108578413
84 143 -51206.085772328
85 143 353685.723765359
86 143 -33049.075273408
87 143 -7738.838132488
88 143 -23785.363420106
89 143 -204364.378842988
90 143 -51796.944897931
91 143 252552.476937177
92 143 -24599.399197639
93 143 554.180300064
94 143 -15448.377796835
95 143 -139833.086872955
96 143 -51227.448886043
97 143 316784.973870589
98 143 -49888.300844334
99 143 25299.054111351
100 143 -27601.240144672
101 143 -215979.713829522
102 143 -78728.192966096
103 143 228298.561122701
104 143 -20539.226373093
105 143 205.764696980
106 143 -13593.625481871
107 143 -119059.153202436
108 143 -51464.529262108
109 143 181522.064496520
110 143 -18575.672349587
111 143 2047.008575188
112 143 -5020.236723760
113 143 -66627.315673141
114 143 -34385.796605924
115 143 221766.351259938
116 143 18017.296646749
117 143 -13003.789480532
118 143 5649.300758219
119 143 -88796.449537407
120 143 -33606.231081916
121 143 233837.868644860
122 143 18826.466993645
123 143 12333.872819443
124 143 11799.688122579
125 143 -125486.066434917
126 143 -35166.529523142
127 143 605024.857528602
128 143 153319.894296477
129 143 246523.061528216
130 143 210282.087761117
131 143 -915308.544984686
132 143 94141.540622920
133 143 573634.490572734
134 143 70133.290505374
135 143 198137.689284571
136 143 106191.340810115
137 143 -882583.649691809
138 143 49778.471400251
139 143 -14317789.920146244
140 143 -43418.532035821
141 143 -308000.042043477
142 143 -405386.580223945
143 143 11128998.919205509
144 143 2114405.778700974
145 143 869956.195767274
146 143 120622.090390504
147 143 -146821.237765440
148 143 325486.503500699
149 143 -2570268.076505143
150 143 -876584.695729803
1 144 15735.587291353
2 144 -25204.487722057
3 144 3965.185118477
4 144 -7306.879940299
5 144 -5555.632485742
6 144 -5569.946551117
7 144 16521.792076763
8 144 -32628.646509629
9 144 4893.873215415
10 144 -10291.813088113
11 144 -6352.221882432
12 144 -6406.586348673
13 144 13386.704069782
14 144 -21591.377020829
15 144 3102.269503312
16 144 -7532.415309495
17 144 -7335.515648428
18 144 -4549.283575218
19 144 14487.975655965
20 144 -24858.488736336
21 144 5601.142858862
22 144 -9464.996629141
23 144 -6689.769613530
24 144 -3300.928913467
25 144 17338.853368867
26 144 -27362.994418226
27 144 6157.596384035
28 144 -10531.998957547
29 144 -9535.089696186
30 144 -3249.088840738
31 144 23622.889325964
32 144 -16725.345163811
33 144 -2972.528849703
34 144 -3782.002839558
35 144 -15996.090903099
36 144 -4257.533871740
37 144 37627.520813383
38 144 -35805.445906297
39 144 -5679.445355447
40 144 -12069.209783753
41 144 -22572.486839108
42 144 -8243.968736592
43 144 37381.322885312
44 144 -39497.700517114
45 144 -6297.860180304
46 144 -14402.553593771
47 144 -19235.946162957
48 144 -7047.782255694
49 144 85542.794438889
50 144 -28317.889330861
51 144 -36111.040475862
52 144 -12183.340141738
53 144 -43748.425734254
54 144 -24093.020157709
55 144 88179.990022715
56 144 -49317.540656611
57 144 -34795.389090332
58 144 -23510.714269830
59 144 -40088.586381739
60 144 -24769.023093622
61 144 80006.161146722
62 144 -3105.903387301
63 144 -19776.505286585
64 144 -2143.497082927
65 144 -31256.212372226
66 144 -36553.001744142
67 144 83162.670492272
68 144 -27639.216247382
69 144 -16310.571071384
70 144 -24265.212053884
71 144 -28034.049846295
72 144 -37823.008245969
73 144 115160.263529992
74 144 -24859.962361494
75 144 -18424.862781931
76 144 -39881.487411868
77 144 -25060.250788369
78 144 -49714.044063538
79 144 126567.394386216
80 144 -5583.837753053
81 144 -11625.779791107
82 144 -20465.687200235
83 144 -34143.768797493
84 144 -62516.303142886
85 144 100274.080391903
86 144 -26198.769573868
87 144 -10837.800081520
88 144 -28083.742423466
89 144 -15698.440713077
90 144 -53445.201985269
91 144 67918.030197651
92 144 -10994.213590642
93 144 -4239.070517133
94 144 -17958.125182915
95 144 -12506.507087582
96 144 -52577.958188935
97 144 66676.436010890
98 144 -44857.198702267
99 144 -9194.844986389
100 144 -31801.430393362
101 144 -11301.209118736
102 144 -56991.364656720
103 144 65686.925112591
104 144 790.678522265
105 144 -664.320421199
106 144 -10453.404262556
107 144 -11838.338410388
108 144 -48025.218144053
109 144 77646.079916702
110 144 -18344.520249745
111 144 519.051569368
112 144 -129.526252962
113 144 -18023.145780172
114 144 -33379.528487473
115 144 94411.228412904
116 144 53764.460025429
117 144 9989.446808252
118 144 25023.300610911
119 144 -25643.804966691
120 144 -41246.933992199
121 144 98910.932533816
122 144 21153.274473946
123 144 6065.449786070
124 144 -8888.751971213
125 144 -33196.237330565
126 144 -58946.923410478
127 144 32765.417998722
128 144 -164315.891483133
129 144 -53804.204029210
130 144 -323140.108171760
131 144 145780.295002416
132 144 -305971.683744676
133 144 51222.228483182
134 144 -145441.596842747
135 144 -35684.365254969
136 144 -301062.290330893
137 144 131856.666854936
138 144 -270377.305151146
139 144 -4988977.547015166
140 144 229021.526997467
141 144 -80163.579588467
142 144 1079701.308349857
143 144 2114405.778700973
144 144 3615297.545479198
145 144 371892.794806268
146 144 27236.602460408
147 144 -66050.391588669
148 144 -77101.043910683
149 144 -1051573.518689230
150 144 -481546.163922795
1 145 -119446.196185688
2 145 47172.515128320
3 145 -46304.594565355
4 145 9360.636408863
5 145 48739.560578531
6 145 13846.349642409
7 145 -123740.867219888
8 145 43051.068134956
9 145 -45762.313591337
10 145 12528.354416625
11 145 52901.297630034
12 145 13514.995379490
13 145 -108249.445071399
14 145 36302.699138706
15 145 -32251.376550978
16 145 13217.300306222
17 145 54138.453855820
18 145 13883.733453491
19 145 -147097.061101603
20 145 37213.699504932
21 145 -41371.317961240
22 145 12261.606762685
23 145 66254.814151537
24 145 2980.150653111
25 145 -220765.342775238
26 145 35911.829471464
27 145 -31854.968694781
28 145 12695.167299841
29 145 116117.242808250
30 145 -1327.878984375
31 145 -304032.581040345
32 145 41039.369193842
33 145 -15507.464848748
34 145 11558.962265478
35 145 159520.796129595
36 145 1314.496814424
37 145 -391479.375521933
38 145 77229.954772796
39 145 6639.631220924
40 145 28489.336504507
41 145 197575.591529598
42 145 10453.011121152
43 145 -310296.138223538
44 145 61165.287774441
45 145 8300.084660763
46 145 21203.814771096
47 145 139282.217652218
48 145 8980.195830847
49 145 -511958.937631769
50 145 57556.733334926
51 145 141469.962921829
52 145 22151.788742083
53 145 241817.011307678
54 145 18694.450785224
55 145 -638980.712482798
56 145 112165.859793739
57 145 184962.495053063
58 145 49477.246136204
59 145 291548.312833528
60 145 54386.472191745
61 145 -582569.360837203
62 145 69403.815827678
63 145 128183.608310120
64 145 42062.665134250
65 145 286361.398175243
66 145 58541.676908961
67 145 -667702.522114793
68 145 64852.784398732
69 145 119499.386766098
70 145 71068.546384939
71 145 395156.895894644
72 145 62704.942843808
73 145 -748163.611756859
74 145 134400.111541884
75 145 94855.938385286
76 145 56290.847437893
77 145 285704.162522540
78 145 104292.510438780
79 145 -747952.692327643
80 145 96390.306058506
81 145 62791.391254367
82 145 44865.621348655
83 145 303251.798377266
84 145 126443.221754370
85 145 -680105.313463615
86 145 122758.671125185
87 145 18783.977705251
88 145 42617.096517966
89 145 314612.397379326
90 145 123987.275844118
91 145 -418201.483318983
92 145 85724.326800473
93 145 -1180.579431555
94 145 23010.412158031
95 145 146097.568027457
96 145 86083.434470738
97 145 -438490.586512632
98 145 99267.152302841
99 145 -5444.998063687
100 145 36120.495709323
101 145 214715.989757901
102 145 127138.671110339
103 145 -411476.983178343
104 145 78053.704724846
105 145 -1104.628108386
106 145 20799.717350055
107 145 145851.523253325
108 145 93158.505133041
109 145 -344424.332397773
110 145 60424.341692187
111 145 -11417.405373447
112 145 12759.363572357
113 145 117445.768637303
114 145 71795.763318248
115 145 -435707.447492080
116 145 -80689.692432524
117 145 6387.420677958
118 145 -25069.482032619
119 145 170261.240641380
120 145 75889.575815715
121 145 -565679.501251316
122 145 -150523.686639916
123 145 31328.653405245
124 145 -56632.339268622
125 145 261795.199892330
126 145 91635.291466015
127 145 -583237.042879940
128 145 -129231.652615320
129 145 36507.163111314
130 145 -46381.216966100
131 145 273261.825413125
132 145 93304.170446643
133 145 -634796.358363528
134 145 -7872.135041664
135 145 4247.535828290
136 145 -10918.645900388
137 145 334511.376547581
138 145 112463.982716502
139 145 -1402506.602747158
140 145 -68524.129161098
141 145 -25552.261152452
142 145 -64976.815329208
143 145 869956.195767274
144 145 371892.794806268
145 145 33737674.560702570
146 145 337920.453349393
147 145 -2351684.809786732
148 145 25733.730113609
149 145 -15545935.626320111
150 145 -4751666.224792339
1 146 63684.650010025
2 146 -162209.353861735
3 146 3107.181171684
4 146 -50875.257841598
5 146 -19836.143839886
6 146 -32545.896479048
7 146 44637.909429404
8 146 -158981.146354389
9 146 1038.419813136
10 146 -55214.594131309
11 146 -15593.036209538
12 146 -29016.189774174
13 146 31127.072642641
14 146 -131073.886145398
15 146 217.873425174
16 146 -48510.673789661
17 146 -9736.251531068
18 146 -21817.571264928
19 146 51557.209630139
20 146 -189360.033359187
21 146 18918.954333315
22 146 -74131.597704524
23 146 -21747.339676671
24 146 -26209.335271071
25 146 63814.045237706
26 146 -262362.277466220
27 146 34636.867334585
28 146 -117298.922094458
29 146 -26190.767018238
30 146 -18556.049906685
31 146 86636.425066481
32 146 -347915.773185182
33 146 25912.419405992
34 146 -167219.112285296
35 146 -36728.618068650
36 146 -7424.898798782
37 146 67102.103742423
38 146 -470902.727999897
39 146 7795.740772431
40 146 -219168.790053225
41 146 -25316.978298181
42 146 2561.884684210
43 146 54518.114853770
44 146 -394077.480332687
45 146 1475.221664004
46 146 -166150.800722769
47 146 -19058.200591489
48 146 -4092.547008367
49 146 2151.200195662
50 146 -705619.344557726
51 146 -20793.780133891
52 146 -286917.171237159
53 146 1869.379899077
54 146 86665.097283558
55 146 -64223.844609419
56 146 -891237.205242208
57 146 -84730.648823321
58 146 -347946.875275018
59 146 26796.398428843
60 146 109440.995011612
61 146 -169213.985880809
62 146 -825845.308965524
63 146 -94264.811394164
64 146 -346604.364668812
65 146 61836.284306375
66 146 102079.395708641
67 146 -193052.272505861
68 146 -929176.802402126
69 146 -106570.567372250
70 146 -407209.728371871
71 146 53277.452114594
72 146 104999.204095101
73 146 -163853.370298289
74 146 -1065743.643459061
75 146 -177684.839254233
76 146 -364958.166846079
77 146 51638.462958080
78 146 61620.450855067
79 146 -167464.087209957
80 146 -1248256.605748832
81 146 -238724.790882677
82 146 -410887.462936763
83 146 49056.877392816
84 146 52502.465030083
85 146 -71608.753884958
86 146 -1087307.003547520
87 146 -235332.240002101
88 146 -411330.528051524
89 146 32274.213404275
90 146 -10060.675270419
91 146 -32907.165771763
92 146 -754819.402700085
93 146 -190799.518734915
94 146 -220516.229204326
95 146 16524.862455546
96 146 -14793.757389579
97 146 -31528.984494888
98 146 -693020.748999817
99 146 -194177.478016056
100 146 -246874.175258079
101 146 32795.664137531
102 146 -17877.938608193
103 146 -39514.538618213
104 146 -715148.945633126
105 146 -198714.013885847
106 146 -217474.304825052
107 146 19569.906319458
108 146 -14385.025575119
109 146 -4254.912702276
110 146 -614729.681236573
111 146 -157350.958604319
112 146 -180568.485353555
113 146 9494.038402923
114 146 -16643.158305712
115 146 -29690.216109667
116 146 -659341.176789649
117 146 -140170.988264406
118 146 -223391.752646150
119 146 5380.754727245
120 146 18067.504709101
121 146 -28782.242922277
122 146 -1002277.124990871
123 146 -154013.330945597
124 146 -343180.969407183
125 146 1280.312572043
126 146 43060.189013286
127 146 -24611.533959809
128 146 -974197.239953665
129 146 -153499.049300549
130 146 -355373.025213840
131 146 -4890.490909867
132 146 55296.638848448
133 146 45004.906107488
134 146 -1039035.913140418
135 146 -165667.759046328
136 146 -436131.383160391
137 146 -22114.722003155
138 146 18669.227360314
139 146 -110990.647971389
140 146 -2170376.609394792
141 146 -339038.999799023
142 146 -827868.825465975
143 146 120622.090390504
144 146 27236.602460408
145 146 337920.449486362
146 146 49512163.976302758
147 146 6705914.767938041
148 146 17704292.053129993
149 146 -82644.758255042
150 146 -1723586.876372766
1 147 -47567.963884229
2 147 -21239.595814974
3 147 -34798.076598331
4 147 -9121.765573240
5 147 20594.167516362
6 147 -584.442736803
7 147 -55296.796772312
8 147 -24098.510736399
9 147 -32090.937989220
10 147 -10214.996915888
11 147 24307.827913459
12 147 -1301.918277646
13 147 -42991.765889621
14 147 -22132.101447924
15 147 -25484.581116663
16 147 -10634.171917264
17 147 17999.901215480
18 147 -1597.075262208
19 147 -64033.348427365
20 147 -36186.217887748
21 147 -26672.604164924
22 147 -14640.433668574
23 147 28373.860689491
24 147 -5162.571509795
25 147 -74870.124571450
26 147 -57137.393316580
27 147 -31381.378461181
28 147 -28092.564508386
29 147 29766.874642778
30 147 -4538.927491675
31 147 -87150.651267492
32 147 -71556.950784051
33 147 -37087.141774436
34 147 -36787.389132947
35 147 34061.007872630
36 147 1050.630600390
37 147 -115055.903674660
38 147 -94598.943427666
39 147 -39599.139257972
40 147 -47952.964236568
41 147 45069.737515866
42 147 5898.454118953
43 147 -103778.849368784
44 147 -70264.404901211
45 147 -31397.004117853
46 147 -31528.084690948
47 147 41012.546200100
48 147 2729.496460998
49 147 -107858.518181658
50 147 -125522.314983334
51 147 -56975.762550344
52 147 -52134.967932229
53 147 29062.134143369
54 147 22110.312758764
55 147 -133800.463324851
56 147 -156338.346902081
57 147 -94733.405601718
58 147 -65808.682701765
59 147 31437.198676017
60 147 30760.068514816
61 147 -30797.837820347
62 147 -89303.421735722
63 147 -124058.308013199
64 147 -36978.517367183
65 147 -4422.264610337
66 147 11791.793353789
67 147 20610.178752380
68 147 -102639.187338722
69 147 -141271.552321438
70 147 -58614.918302708
71 147 -70759.199033855
72 147 7531.450013618
73 147 -58552.433025050
74 147 -116247.100023343
75 147 -172311.610219980
76 147 -53201.454665126
77 147 5039.927076161
78 147 10053.606225301
79 147 -1866.297157031
80 147 -70933.085334353
81 147 -209816.740461526
82 147 -43016.234336369
83 147 -11146.516217241
84 147 388.089761749
85 147 -1207.832562501
86 147 -22371.348532212
87 147 -178525.132928487
88 147 -15677.811398437
89 147 -8597.837189005
90 147 2494.284093811
91 147 -11878.681955364
92 147 13927.537091590
93 147 -131978.537113149
94 147 -10275.242182958
95 147 6915.008350763
96 147 2593.542590857
97 147 39346.609012340
98 147 2916.343619664
99 147 -117680.855659179
100 147 -28203.100048307
101 147 -43818.225137943
102 147 -27225.573398105
103 147 11987.098757991
104 147 21088.834444002
105 147 -126630.630697567
106 147 -10199.557248063
107 147 -2937.234335334
108 147 -864.147580510
109 147 18520.266106107
110 147 -2217.586572836
111 147 -109747.561798748
112 147 -14272.643983448
113 147 -10121.917674812
114 147 -4672.700754649
115 147 116443.846773650
116 147 -47272.755533219
117 147 -113229.978158542
118 147 -16719.687402725
119 147 -62483.018587683
120 147 -14141.940745056
121 147 192910.964492505
122 147 -66176.887873349
123 147 -165899.960973121
124 147 -13352.288855887
125 147 -106614.483113686
126 147 -11161.962774095
127 147 185651.066066127
128 147 -73061.853741971
129 147 -158733.561519724
130 147 -17471.786758171
131 147 -107867.039111955
132 147 -11430.458510957
133 147 135824.487957242
134 147 -73493.860989034
135 147 -171186.874124124
136 147 -15042.336799634
137 147 -108300.835188205
138 147 -12239.949566431
139 147 124261.605274129
140 147 -228359.801305248
141 147 -370101.875961437
142 147 -93500.181686578
143 147 -146821.237765440
144 147 -66050.391588669
145 147 -2351684.810212993
146 147 6705914.768545206
147 147 11696524.798732720
148 147 3055621.930022014
149 147 1406042.808954947
150 147 56843.716022349
1 148 12792.263140785
2 148 -48533.580462680
3 148 -2500.728152380
4 148 -16138.416631945
5 148 -3640.650999575
6 148 -8910.812741954
7 148 7854.457374951
8 148 -50230.993962670
9 148 -2870.779173063
10 148 -18108.062824212
11 148 -2305.488558124
12 148 -8580.342629526
13 148 4809.647476919
14 148 -42040.268516656
15 148 -2720.007884694
16 148 -16594.303359188
17 148 -991.188481200
18 148 -6357.677841524
19 148 9118.938077757
20 148 -61341.531478866
21 148 3653.806795551
22 148 -24969.541535923
23 148 -3961.303309820
24 148 -7687.948427500
25 148 13004.455260711
26 148 -90345.187172762
27 148 8361.710019329
28 148 -43723.847580514
29 148 -5734.071153279
30 148 -3269.171664717
31 148 21317.307155810
32 148 -131422.974592665
33 148 7275.936079647
34 148 -67040.306167713
35 148 -10488.225567776
36 148 2336.520608617
37 148 10865.387996016
38 148 -182017.271817201
39 148 0.954801833
40 148 -89079.289772784
41 148 -4572.123920718
42 148 7596.062997605
43 148 7384.826989712
44 148 -145838.532933997
45 148 -1001.922714490
46 148 -63886.490526727
47 148 -2555.545809895
48 148 2983.733133788
49 148 -10840.193352354
50 148 -306137.853545660
51 148 -9533.431830780
52 148 -129421.512783074
53 148 3309.376087303
54 148 50010.393510145
55 148 -49179.743047764
56 148 -383389.313889345
57 148 -37142.719329475
58 148 -156110.789556943
59 148 16987.926715588
60 148 63422.325406018
61 148 -85228.929063220
62 148 -420387.735835760
63 148 -34901.582731379
64 148 -231682.690801745
65 148 34120.001268540
66 148 45420.548066437
67 148 -37721.065527726
68 148 -589927.918665501
69 148 -25291.446309781
70 148 -541007.097442924
71 148 -54153.099882866
72 148 15113.258248558
73 148 -71057.883387516
74 148 -403811.897173326
75 148 -75980.555910038
76 148 -163655.527475747
77 148 22884.872358931
78 148 28609.110985578
79 148 -64262.949184681
80 148 -475052.961905337
81 148 -103574.216826545
82 148 -229556.535786500
83 148 28561.419933214
84 148 5136.403715054
85 148 17507.960977113
86 148 -876135.761780983
87 148 -133889.170060448
88 148 -930024.357954428
89 148 -45908.142582759
90 148 -457282.238300487
91 148 -13572.947668291
92 148 -246818.339408774
93 148 -72380.275625590
94 148 -98034.376133295
95 148 11868.006714424
96 148 -17027.437863991
97 148 -9323.790760863
98 148 -307368.936711573
99 148 -108974.651900437
100 148 -213310.850455477
101 148 20436.748755012
102 148 -42954.780598463
103 148 -14839.704069339
104 148 -238932.183676079
105 148 -78208.695045917
106 148 -95907.790245056
107 148 13013.360074671
108 148 -13941.620749965
109 148 -2831.654178506
110 148 -187719.677555468
111 148 -57350.959743813
112 148 -63943.996809247
113 148 4565.221652778
114 148 -3447.883885476
115 148 -2746.805999017
116 148 -223493.666883592
117 148 -54577.916462879
118 148 -102915.322086656
119 148 7916.558580339
120 148 3972.273234978
121 148 -1190.446698177
122 148 -352523.942730811
123 148 -67050.145460956
124 148 -201686.214897668
125 148 16985.164130545
126 148 -15618.925238839
127 148 2870.155190695
128 148 -350756.865490887
129 148 -64318.151929445
130 148 -206437.680252871
131 148 7494.172240119
132 148 1570.217513369
133 148 16680.702910260
134 148 -432999.239618031
135 148 -73189.155838224
136 148 -317823.628806331
137 148 3525.629207567
138 148 -1106.189540431
139 148 -75677.203164068
140 148 -877036.012988116
141 148 -196846.605567727
142 148 -757511.077984166
143 148 325486.503500699
144 148 -77101.043910683
145 148 25614.665955441
146 148 17704888.933574907
147 148 3055693.917442823
148 148 59980531.225658000
149 148 -27292194.113347583
150 148 -49858884.534259766
1 149 46099.072139581
2 149 -7569.486920737
3 149 20804.410694661
4 149 -379.316224214
5 149 -19477.127826337
6 149 -3224.472982767
7 149 49395.386158765
8 149 -8146.066977364
9 149 20261.317447340
10 149 -1898.445606313
11 149 -21414.010090008
12 149 -3703.660546494
13 149 44157.677897278
14 149 -7301.150658707
15 149 14417.854625248
16 149 -2937.176231950
17 149 -22566.211379842
18 149 -4337.426153675
19 149 59999.492827172
20 149 -2695.631774013
21 149 17943.351945555
22 149 -553.391152604
23 149 -27265.106863006
24 149 973.837107281
25 149 91199.005083669
26 149 -731.105257098
27 149 13314.769508035
28 149 -685.160746401
29 149 -48793.253104596
30 149 3361.799730190
31 149 128641.742575047
32 149 -1108.728873982
33 149 7230.480751274
34 149 667.259809654
35 149 -69467.038798090
36 149 3666.509031461
37 149 166474.660185767
38 149 -13436.561925172
39 149 -2344.907030943
40 149 -5150.905294666
41 149 -86302.808627848
42 149 -799.553226560
43 149 130606.651486783
44 149 -8113.071950221
45 149 -1510.265743429
46 149 -2504.142660827
47 149 -59798.824053974
48 149 -1002.955456873
49 149 237497.986699445
50 149 -12540.339644332
51 149 -67390.417475819
52 149 -5547.561723357
53 149 -117144.307738233
54 149 -2382.383380529
55 149 296717.901101201
56 149 -29879.905500917
57 149 -88823.868257447
58 149 -15834.314160238
59 149 -142004.455713889
60 149 -17439.688339964
61 149 352463.386548103
62 149 -39551.384112804
63 149 -62911.611050312
64 149 -31651.323174093
65 149 -223273.154510522
66 149 -9124.607689525
67 149 657580.573480618
68 149 -143964.767730351
69 149 -44536.509898821
70 149 -239996.561954071
71 149 -777954.214277013
72 149 -8124.410466052
73 149 341783.473314399
74 149 -50405.175379154
75 149 -41248.255364388
76 149 -24405.899364160
77 149 -155727.781621781
78 149 -35379.380783625
79 149 403172.842951773
80 149 -49636.787268332
81 149 -13938.179638841
82 149 -28709.707857932
83 149 -227299.648083309
84 149 -58578.823394362
85 149 1317312.933548496
86 149 -407329.200487675
87 149 531948.585645028
88 149 -469832.991246955
89 149 -2324104.921638516
90 149 -713776.208371053
91 149 202919.458740746
92 149 -35084.935569384
93 149 17124.078959909
94 149 -10166.789891930
95 149 -94850.968150494
96 149 -39469.593744408
97 149 411189.141688777
98 149 -105256.769298768
99 149 35695.083521318
100 149 -84749.187144869
101 149 -372135.030886483
102 149 -207089.457083779
103 149 205764.474534688
104 149 -35252.773305702
105 149 13445.393927004
106 149 -10091.369737822
107 149 -93837.436560600
108 149 -45503.806012077
109 149 154832.023970642
110 149 -21144.122586988
111 149 5044.087671207
112 149 -4562.634509337
113 149 -60059.103282258
114 149 -29670.070940676
115 149 213698.506592716
116 149 28116.541880571
117 149 -5622.831935495
118 149 19498.972563899
119 149 -123856.651484831
120 149 -31579.456020776
121 149 320925.173629566
122 149 68035.035983879
123 149 5994.482114328
124 149 64477.027255852
125 149 -256517.775954252
126 149 -26071.562470624
127 149 321610.083551590
128 149 53864.861131271
129 149 -9925.427713587
130 149 49787.143238023
131 149 -249449.857232843
132 149 -28563.553953106
133 149 389752.166545460
134 149 19400.330216632
135 149 320.027374917
136 149 36792.160655808
137 149 -350451.186631203
138 149 -42962.687393766
139 149 1124407.141385242
140 149 -23713.283783043
141 149 256656.883582980
142 149 246341.377333183
143 149 -2570268.076505143
144 149 -1051573.518689230
145 149 -15545883.560774626
146 149 -82664.141584102
147 149 1406047.252217066
148 149 -23056160.093610339
149 149 -2919034.220904020
150 149 10059568.734948119
1 150 24243.776481385
2 150 -38930.270467941
3 150 4769.329249408
4 150 -10790.624947798
5 150 -8002.225155701
6 150 -9133.122696369
7 150 21485.859184399
8 150 -36291.744149255
9 150 4851.971346927
10 150 -11823.696774871
11 150 -8407.916177429
12 150 -7694.108724652
13 150 19663.497060257
14 150 -29987.727719022
15 150 3433.242342343
16 150 -10247.292494724
17 150 -9616.956867897
18 150 -6968.958798582
19 150 23757.012333884
20 150 -41316.082024991
21 150 7259.234574226
22 150 -14955.998375225
23 150 -10104.647272735
24 150 -6691.937714926
25 150 34118.181070058
26 150 -48011.850195336
27 150 7471.275339876
28 150 -16914.954721878
29 150 -18752.317614323
30 150 -8838.992690403
31 150 43331.913313315
32 150 -52779.044280115
33 150 3288.596396508
34 150 -19390.559158166
35 150 -22908.060848876
36 150 -11559.305923595
37 150 53041.279998837
38 150 -66965.288114750
39 150 -1881.098862912
40 150 -25483.506440231
41 150 -27496.223835140
42 150 -12149.009634291
43 150 39072.325618166
44 150 -62308.027578092
45 150 -1903.005714383
46 150 -23670.877671636
47 150 -17171.073069244
48 150 -9124.404211142
49 150 54270.054705717
50 150 -40403.495759028
51 150 -18793.446906045
52 150 -14078.803716778
53 150 -24867.600972384
54 150 -21215.550889372
55 150 83091.901625028
56 150 -40409.517513264
57 150 -31426.117492492
58 150 -13583.380070226
59 150 -34286.610613739
60 150 -32360.014009012
61 150 60280.867441554
62 150 23424.648617770
63 150 -11638.166335973
64 150 1500.926577140
65 150 -7588.873766230
66 150 -55210.033300814
67 150 82751.867243400
68 150 81690.423206117
69 150 -9930.246344802
70 150 72963.681359188
71 150 -51845.276345311
72 150 -76153.293712337
73 150 108340.959890611
74 150 -7784.677453207
75 150 -13630.792965417
76 150 1989.408473500
77 150 -28732.286619297
78 150 -56775.345629460
79 150 113398.282119339
80 150 18151.237198498
81 150 -4722.597190208
82 150 9771.375401976
83 150 -26891.251001506
84 150 -60281.284926890
85 150 138566.715776333
86 150 -139314.924839014
87 150 17507.765805232
88 150 -184521.928147560
89 150 -135499.526090004
90 150 -214284.114665917
91 150 60265.984166577
92 150 -33710.353545538
93 150 -7864.301749008
94 150 -13105.076678542
95 150 -4556.388572937
96 150 -38449.759275043
97 150 120936.834922454
98 150 -4248.957472911
99 150 24686.258142457
100 150 41594.253477417
101 150 -95100.735006379
102 150 -73515.304618430
103 150 65045.863465052
104 150 -23929.833428751
105 150 -3342.884217045
106 150 -4991.856329772
107 150 -6919.880156435
108 150 -40116.973871840
109 150 58057.127272048
110 150 -11320.892292392
111 150 3324.601339445
112 150 6699.682754531
113 150 -11746.637154457
114 150 -30399.033300914
115 150 63851.390544377
116 150 66834.645782961
117 150 12955.806720112
118 150 48945.961538902
119 150 -9412.401911571
120 150 -28669.566031980
121 150 69669.135052190
122 150 128362.180411536
123 150 9242.455425980
124 150 80811.818757636
125 150 11648.090315183
126 150 -41746.327303298
127 150 67689.572986099
128 150 141476.543263817
129 150 11352.856489801
130 150 97403.470828645
131 150 12425.192955551
132 150 -39729.391464098
133 150 72505.514314469
134 150 123340.268030614
135 150 12576.599679131
136 150 141581.759684081
137 150 25193.835715949
138 150 -53722.048587568
139 150 418376.803896692
140 150 49632.153301748
141 150 94931.826368281
142 150 191854.165557325
143 150 -876584.695729803
144 150 -481546.163922795
145 150 -4751580.896752369
146 150 -1724127.422828611
147 150 56795.110532459
148 150 -51004445.535358392
149 150 16459300.231852485
150 150 47532144.990380511
